To honour the JVM settings for this build a new JVM will be forked. Please consider using the daemon: https://docs.gradle.org/2.7/userguide/gradle_daemon.html.
Starting daemon process: workingDir = E:\CodexTemp\QiZhangVerdict\legacy-build\1.8.9\gradle-user-home\daemon\2.7, daemonArgs: [E:\CodexTemp\QiZhangVerdict\toolchains\jdk8\jdk8u504-b01\bin\java.exe, -Xmx1536M, -Dfile.encoding=UTF-8, -Duser.country=CN, -Duser.language=zh, -Duser.variant, -cp, E:\CodexTemp\QiZhangVerdict\legacy-build\1.8.9\tools\gradle-2.7\lib\gradle-launcher-2.7.jar, org.gradle.launcher.daemon.bootstrap.GradleDaemon, 2.7]
Starting process 'Gradle build daemon'. Working directory: E:\CodexTemp\QiZhangVerdict\legacy-build\1.8.9\gradle-user-home\daemon\2.7 Command: E:\CodexTemp\QiZhangVerdict\toolchains\jdk8\jdk8u504-b01\bin\java.exe -Xmx1536M -Dfile.encoding=UTF-8 -Duser.country=CN -Duser.language=zh -Duser.variant -cp E:\CodexTemp\QiZhangVerdict\legacy-build\1.8.9\tools\gradle-2.7\lib\gradle-launcher-2.7.jar org.gradle.launcher.daemon.bootstrap.GradleDaemon 2.7
Successfully started process 'Gradle build daemon'
An attempt to start the daemon took 3.781 secs.
Connected to daemon DaemonInfo{pid=92688, address=[6836fa3d-d5ee-4803-a2b7-d89a95e26d2d port:13346, addresses:[/127.0.0.1, /0:0:0:0:0:0:0:1]], idle=false, context=DefaultDaemonContext[uid=9c56bd74-7d69-4a50-8740-332a64e9c6ca,javaHome=E:\CodexTemp\QiZhangVerdict\toolchains\jdk8\jdk8u504-b01,daemonRegistryDir=E:\CodexTemp\QiZhangVerdict\legacy-build\1.8.9\gradle-user-home\daemon,pid=92688,idleTimeout=120000,daemonOpts=-Xmx1536M,-Dfile.encoding=UTF-8,-Duser.country=CN,-Duser.language=zh,-Duser.variant]}. Dispatching request BuildAndStop{id=4fc81456-886d-4811-b580-1c643e1e8ffa.1, currentDir=E:\Codex_work\QiZhangVerdict\platforms\1.8.9}.
Received result org.gradle.launcher.daemon.protocol.BuildStarted@24105dc5 from daemon DaemonInfo{pid=92688, address=[6836fa3d-d5ee-4803-a2b7-d89a95e26d2d port:13346, addresses:[/127.0.0.1, /0:0:0:0:0:0:0:1]], idle=false, context=DefaultDaemonContext[uid=9c56bd74-7d69-4a50-8740-332a64e9c6ca,javaHome=E:\CodexTemp\QiZhangVerdict\toolchains\jdk8\jdk8u504-b01,daemonRegistryDir=E:\CodexTemp\QiZhangVerdict\legacy-build\1.8.9\gradle-user-home\daemon,pid=92688,idleTimeout=120000,daemonOpts=-Xmx1536M,-Dfile.encoding=UTF-8,-Duser.country=CN,-Duser.language=zh,-Duser.variant]} (build should be starting).
The client will now receive all logging from the daemon (pid: 92688). The daemon log file: E:\CodexTemp\QiZhangVerdict\legacy-build\1.8.9\gradle-user-home\daemon\2.7\daemon-92688.out.log
Closing daemon's stdin at end of input.
The daemon will no longer process any standard input.
Executing build with daemon context: DefaultDaemonContext[uid=9c56bd74-7d69-4a50-8740-332a64e9c6ca,javaHome=E:\CodexTemp\QiZhangVerdict\toolchains\jdk8\jdk8u504-b01,daemonRegistryDir=E:\CodexTemp\QiZhangVerdict\legacy-build\1.8.9\gradle-user-home\daemon,pid=92688,idleTimeout=120000,daemonOpts=-Xmx1536M,-Dfile.encoding=UTF-8,-Duser.country=CN,-Duser.language=zh,-Duser.variant]
Starting Build
Settings evaluated using settings file 'E:\Codex_work\QiZhangVerdict\platforms\1.8.9\settings.gradle'.
Projects loaded. Root project using build file 'E:\Codex_work\QiZhangVerdict\platforms\1.8.9\build.gradle'.
Included projects: [root project 'QiZhangVerdict-1.8.9', project ':forge']
Evaluating root project 'QiZhangVerdict-1.8.9' using build file 'E:\Codex_work\QiZhangVerdict\platforms\1.8.9\build.gradle'.
Compiling build file 'E:\Codex_work\QiZhangVerdict\platforms\1.8.9\build.gradle' using SubsetScriptTransformer.
Compiling build file 'E:\Codex_work\QiZhangVerdict\platforms\1.8.9\build.gradle' using BuildScriptTransformer.
Compiling script 'E:\Codex_work\QiZhangVerdict\platforms\1.8.9\gradle\adapt-sources.gradle' using SubsetScriptTransformer.
Compiling script 'E:\Codex_work\QiZhangVerdict\platforms\1.8.9\gradle\adapt-sources.gradle' using BuildScriptTransformer.
Compiling script 'E:\Codex_work\QiZhangVerdict\platforms\1.8.9\gradle\license-resources-legacy.gradle' using SubsetScriptTransformer.
Compiling script 'E:\Codex_work\QiZhangVerdict\platforms\1.8.9\gradle\license-resources-legacy.gradle' using BuildScriptTransformer.
Evaluating project ':forge' using build file 'E:\Codex_work\QiZhangVerdict\platforms\1.8.9\forge\build.gradle'.
Compiling build file 'E:\Codex_work\QiZhangVerdict\platforms\1.8.9\forge\build.gradle' using SubsetScriptTransformer.
Compiling build file 'E:\Codex_work\QiZhangVerdict\platforms\1.8.9\forge\build.gradle' using BuildScriptTransformer.
WARNING: You are using an unsupported version of ForgeGradle.
Please consider upgrading to ForgeGradle 5 and helping in the efforts to get old versions working on the modern toolchain.
See https://gist.github.com/TheCurle/fe7ad3ede188cbdd15c235cc75d52d4a for more info on contributing.
#################################################
         ForgeGradle 2.1.3-g6a7c715        
  https://github.com/MinecraftForge/ForgeGradle  
#################################################
               Powered by MCP unknown               
             http://modcoderpack.com             
         by: Searge, ProfMobius, Fesh0r,         
         R4wk, ZeuX, IngisKahn, bspkrs           
#################################################
file or directory 'E:\Codex_work\QiZhangVerdict\core\src\main\resources', not found
file or directory 'E:\Codex_work\QiZhangVerdict\platforms\1.8.9\forge\src\api\resources', not found
All projects evaluated.
Selected primary task 'setupCiWorkspace' from project :
Selected primary task 'build' from project :
Tasks to be executed: [task ':forge:deobfCompileDummyTask', task ':forge:getVersionJson', task ':forge:extractUserdev', task ':forge:downloadClient', task ':forge:downloadServer', task ':forge:splitServerJar', task ':forge:mergeJars', task ':forge:applyBinaryPatches', task ':forge:deobfProvidedDummyTask', task ':forge:extractDependencyATs', task ':forge:extractMcpData', task ':forge:extractMcpMappings', task ':forge:genSrgs', task ':forge:deobfMcMCP', task ':forge:setupCiWorkspace', task ':generateLegacySources', task ':forge:sourceApiJava', task ':forge:compileApiJava', task ':forge:processApiResources', task ':forge:apiClasses', task ':forge:sourceMainJava', task ':forge:compileJava', task ':forge:processResources', task ':forge:classes', task ':forge:jar', task ':forge:sourceTestJava', task ':forge:compileTestJava', task ':forge:processTestResources', task ':forge:testClasses', task ':forge:test', task ':forge:reobfJar', task ':forge:extractRangemapReplacedMain', task ':forge:retromapReplacedMain', task ':forge:sourceJar', task ':forge:assemble', task ':forge:boundedIoSmoke', task ':forge:catalogCompatibilityTest', task ':forge:clientReporterSmoke', task ':forge:legacyCommandSmoke', task ':forge:securityTest', task ':forge:check', task ':forge:build']
:forge:deobfCompileDummyTask (Thread[Daemon worker,5,main]) started.
:forge:deobfCompileDummyTask
Executing task ':forge:deobfCompileDummyTask' (up-to-date check took 0.001 secs) due to:
  Task has not declared any outputs.
:forge:deobfCompileDummyTask (Thread[Daemon worker,5,main]) completed. Took 0.007 secs.
:forge:getVersionJson (Thread[Daemon worker,5,main]) started.
:forge:getVersionJson
Invalidating in-memory cache of E:\Codex_work\QiZhangVerdict\platforms\1.8.9\.gradle\2.7\taskArtifacts\outputFileStates.bin
Invalidating in-memory cache of E:\Codex_work\QiZhangVerdict\platforms\1.8.9\.gradle\2.7\taskArtifacts\fileSnapshots.bin
Invalidating in-memory cache of E:\Codex_work\QiZhangVerdict\platforms\1.8.9\.gradle\2.7\taskArtifacts\fileHashes.bin
Invalidating in-memory cache of E:\Codex_work\QiZhangVerdict\platforms\1.8.9\.gradle\2.7\taskArtifacts\taskArtifacts.bin
Executing task ':forge:getVersionJson' (up-to-date check took 0.012 secs) due to:
  Task.upToDateWhen is false.
:forge:getVersionJson (Thread[Daemon worker,5,main]) completed. Took 0.198 secs.
:forge:extractUserdev (Thread[Daemon worker,5,main]) started.
:forge:extractUserdev
Download https://maven.minecraftforge.net/net/minecraftforge/forge/1.8.9-11.15.1.2318-1.8.9/forge-1.8.9-11.15.1.2318-1.8.9.pom
Download https://maven.minecraftforge.net/net/minecraftforge/forge/1.8.9-11.15.1.2318-1.8.9/forge-1.8.9-11.15.1.2318-1.8.9-userdev.jar
Executing task ':forge:extractUserdev' (up-to-date check took 0.914 secs) due to:
  No history is available.
:forge:extractUserdev (Thread[Daemon worker,5,main]) completed. Took 1.142 secs.
:forge:downloadClient (Thread[Daemon worker,5,main]) started.
:forge:downloadClient
No output file found.
Executing task ':forge:downloadClient' (up-to-date check took 0.001 secs) due to:
  No history is available.
Downloading https://launcher.mojang.com/v1/objects/3870888a6c3d349d3771a3e9d16c9bf5e076b908/client.jar to E:\CodexTemp\QiZhangVerdict\legacy-build\1.8.9\gradle-user-home\caches\minecraft\net\minecraft\minecraft\1.8.9\minecraft-1.8.9.jar
Download complete
:forge:downloadClient (Thread[Daemon worker,5,main]) completed. Took 0.76 secs.
:forge:downloadServer (Thread[Daemon worker,5,main]) started.
:forge:downloadServer
No output file found.
Executing task ':forge:downloadServer' (up-to-date check took 0.001 secs) due to:
  No history is available.
Downloading https://launcher.mojang.com/v1/objects/b58b2ceb36e01bcd8dbf49c8fb66c55a9f0676cd/server.jar to E:\CodexTemp\QiZhangVerdict\legacy-build\1.8.9\gradle-user-home\caches\minecraft\net\minecraft\minecraft_server\1.8.9\minecraft_server-1.8.9.jar
Download complete
:forge:downloadServer (Thread[Daemon worker,5,main]) completed. Took 3.746 secs.
:forge:splitServerJar (Thread[Daemon worker,5,main]) started.
:forge:splitServerJar
No output file found.
Executing task ':forge:splitServerJar' (up-to-date check took 0.002 secs) due to:
  No history is available.
:forge:splitServerJar (Thread[Daemon worker,5,main]) completed. Took 4.354 secs.
:forge:mergeJars (Thread[Daemon worker,5,main]) started.
:forge:mergeJars
No output file found.
Executing task ':forge:mergeJars' (up-to-date check took 0.002 secs) due to:
  No history is available.
:forge:mergeJars (Thread[Daemon worker,5,main]) completed. Took 2.762 secs.
:forge:applyBinaryPatches (Thread[Daemon worker,5,main]) started.
:forge:applyBinaryPatches
No output file found.
Executing task ':forge:applyBinaryPatches' (up-to-date check took 0.003 secs) due to:
  No history is available.
:forge:applyBinaryPatches (Thread[Daemon worker,5,main]) completed. Took 12.043 secs.
:forge:deobfProvidedDummyTask (Thread[Daemon worker,5,main]) started.
:forge:deobfProvidedDummyTask
Executing task ':forge:deobfProvidedDummyTask' (up-to-date check took 0.0 secs) due to:
  Task has not declared any outputs.
:forge:deobfProvidedDummyTask (Thread[Daemon worker,5,main]) completed. Took 0.005 secs.
:forge:extractDependencyATs (Thread[Daemon worker,5,main]) started.
:forge:extractDependencyATs
Skipping task ':forge:extractDependencyATs' as task onlyIf is false.
:forge:extractDependencyATs SKIPPED
:forge:extractDependencyATs (Thread[Daemon worker,5,main]) completed. Took 0.001 secs.
:forge:extractMcpData (Thread[Daemon worker,5,main]) started.
:forge:extractMcpData
No output file found.
Resource missing. [HTTP GET: https://maven.minecraftforge.net/de/oceanlabs/mcp/mcp/1.8.9/mcp-1.8.9.pom]
Resource missing. [HTTP GET: https://repo1.maven.org/maven2/de/oceanlabs/mcp/mcp/1.8.9/mcp-1.8.9.pom]
Resource missing. [HTTP HEAD: https://repo1.maven.org/maven2/de/oceanlabs/mcp/mcp/1.8.9/mcp-1.8.9-srg.zip]
Resource missing. [HTTP GET: https://libraries.minecraft.net/de/oceanlabs/mcp/mcp/1.8.9/mcp-1.8.9.pom]
Resource missing. [HTTP HEAD: https://libraries.minecraft.net/de/oceanlabs/mcp/mcp/1.8.9/mcp-1.8.9-srg.zip]
Download https://maven.minecraftforge.net/de/oceanlabs/mcp/mcp/1.8.9/mcp-1.8.9-srg.zip
Executing task ':forge:extractMcpData' (up-to-date check took 2.247 secs) due to:
  No history is available.
:forge:extractMcpData (Thread[Daemon worker,5,main]) completed. Took 2.938 secs.
:forge:extractMcpMappings (Thread[Daemon worker,5,main]) started.
:forge:extractMcpMappings
No output file found.
Resource missing. [HTTP GET: https://maven.minecraftforge.net/de/oceanlabs/mcp/mcp_stable/22-1.8.9/mcp_stable-22-1.8.9.pom]
Resource missing. [HTTP GET: https://repo1.maven.org/maven2/de/oceanlabs/mcp/mcp_stable/22-1.8.9/mcp_stable-22-1.8.9.pom]
Resource missing. [HTTP HEAD: https://repo1.maven.org/maven2/de/oceanlabs/mcp/mcp_stable/22-1.8.9/mcp_stable-22-1.8.9.zip]
Resource missing. [HTTP GET: https://libraries.minecraft.net/de/oceanlabs/mcp/mcp_stable/22-1.8.9/mcp_stable-22-1.8.9.pom]
Resource missing. [HTTP HEAD: https://libraries.minecraft.net/de/oceanlabs/mcp/mcp_stable/22-1.8.9/mcp_stable-22-1.8.9.zip]
Download https://maven.minecraftforge.net/de/oceanlabs/mcp/mcp_stable/22-1.8.9/mcp_stable-22-1.8.9.zip
Executing task ':forge:extractMcpMappings' (up-to-date check took 2.181 secs) due to:
  No history is available.
:forge:extractMcpMappings (Thread[Daemon worker,5,main]) completed. Took 2.236 secs.
:forge:genSrgs (Thread[Daemon worker,5,main]) started.
:forge:genSrgs
No output file found.
Executing task ':forge:genSrgs' (up-to-date check took 0.005 secs) due to:
  No history is available.
:forge:genSrgs (Thread[Daemon worker,5,main]) completed. Took 0.65 secs.
:forge:deobfMcMCP (Thread[Daemon worker,5,main]) started.
:forge:deobfMcMCP
No output file found.
Executing task ':forge:deobfMcMCP' (up-to-date check took 0.008 secs) due to:
  No history is available.
Applying SpecialSource...
Using AccessTransformers...
E:\CodexTemp\QiZhangVerdict\legacy-build\1.8.9\gradle-user-home\caches\minecraft\net\minecraftforge\forge\1.8.9-11.15.1.2318-1.8.9\userdev\merged_at.cfg
Applying Exceptor...
loading AT: E:\CodexTemp\QiZhangVerdict\legacy-build\1.8.9\gradle-user-home\caches\minecraft\net\minecraftforge\forge\1.8.9-11.15.1.2318-1.8.9\userdev\merged_at.cfg
Loaded max Class Index: 1
Copying pack.png
Copying assets/minecraft/blockstates/acacia_door.json
Copying assets/minecraft/blockstates/acacia_double_slab.json
Copying assets/minecraft/blockstates/acacia_fence.json
Copying assets/minecraft/blockstates/acacia_fence_gate.json
Copying assets/minecraft/blockstates/acacia_leaves.json
Copying assets/minecraft/blockstates/acacia_log.json
Copying assets/minecraft/blockstates/acacia_planks.json
Copying assets/minecraft/blockstates/acacia_sapling.json
Copying assets/minecraft/blockstates/acacia_slab.json
Copying assets/minecraft/blockstates/acacia_stairs.json
Copying assets/minecraft/blockstates/activator_rail.json
Copying assets/minecraft/blockstates/allium.json
Copying assets/minecraft/blockstates/andesite.json
Copying assets/minecraft/blockstates/anvil.json
Copying assets/minecraft/blockstates/beacon.json
Copying assets/minecraft/blockstates/bed.json
Copying assets/minecraft/blockstates/bedrock.json
Copying assets/minecraft/blockstates/birch_door.json
Copying assets/minecraft/blockstates/birch_double_slab.json
Copying assets/minecraft/blockstates/birch_fence.json
Copying assets/minecraft/blockstates/birch_fence_gate.json
Copying assets/minecraft/blockstates/birch_leaves.json
Copying assets/minecraft/blockstates/birch_log.json
Copying assets/minecraft/blockstates/birch_planks.json
Copying assets/minecraft/blockstates/birch_sapling.json
Copying assets/minecraft/blockstates/birch_slab.json
Copying assets/minecraft/blockstates/birch_stairs.json
Copying assets/minecraft/blockstates/black_carpet.json
Copying assets/minecraft/blockstates/black_stained_glass.json
Copying assets/minecraft/blockstates/black_stained_glass_pane.json
Copying assets/minecraft/blockstates/black_stained_hardened_clay.json
Copying assets/minecraft/blockstates/black_wool.json
Copying assets/minecraft/blockstates/blue_carpet.json
Copying assets/minecraft/blockstates/blue_orchid.json
Copying assets/minecraft/blockstates/blue_stained_glass.json
Copying assets/minecraft/blockstates/blue_stained_glass_pane.json
Copying assets/minecraft/blockstates/blue_stained_hardened_clay.json
Copying assets/minecraft/blockstates/blue_wool.json
Copying assets/minecraft/blockstates/bookshelf.json
Copying assets/minecraft/blockstates/brewing_stand.json
Copying assets/minecraft/blockstates/brick_block.json
Copying assets/minecraft/blockstates/brick_double_slab.json
Copying assets/minecraft/blockstates/brick_slab.json
Copying assets/minecraft/blockstates/brick_stairs.json
Copying assets/minecraft/blockstates/brown_carpet.json
Copying assets/minecraft/blockstates/brown_mushroom.json
Copying assets/minecraft/blockstates/brown_mushroom_block.json
Copying assets/minecraft/blockstates/brown_stained_glass.json
Copying assets/minecraft/blockstates/brown_stained_glass_pane.json
Copying assets/minecraft/blockstates/brown_stained_hardened_clay.json
Copying assets/minecraft/blockstates/brown_wool.json
Copying assets/minecraft/blockstates/cactus.json
Copying assets/minecraft/blockstates/cake.json
Copying assets/minecraft/blockstates/carrots.json
Copying assets/minecraft/blockstates/cauldron.json
Copying assets/minecraft/blockstates/chiseled_brick_monster_egg.json
Copying assets/minecraft/blockstates/chiseled_quartz_block.json
Copying assets/minecraft/blockstates/chiseled_red_sandstone.json
Copying assets/minecraft/blockstates/chiseled_sandstone.json
Copying assets/minecraft/blockstates/chiseled_stonebrick.json
Copying assets/minecraft/blockstates/clay.json
Copying assets/minecraft/blockstates/coal_block.json
Copying assets/minecraft/blockstates/coal_ore.json
Copying assets/minecraft/blockstates/coarse_dirt.json
Copying assets/minecraft/blockstates/cobblestone.json
Copying assets/minecraft/blockstates/cobblestone_double_slab.json
Copying assets/minecraft/blockstates/cobblestone_monster_egg.json
Copying assets/minecraft/blockstates/cobblestone_slab.json
Copying assets/minecraft/blockstates/cobblestone_wall.json
Copying assets/minecraft/blockstates/cocoa.json
Copying assets/minecraft/blockstates/command_block.json
Copying assets/minecraft/blockstates/cracked_brick_monster_egg.json
Copying assets/minecraft/blockstates/cracked_stonebrick.json
Copying assets/minecraft/blockstates/crafting_table.json
Copying assets/minecraft/blockstates/cyan_carpet.json
Copying assets/minecraft/blockstates/cyan_stained_glass.json
Copying assets/minecraft/blockstates/cyan_stained_glass_pane.json
Copying assets/minecraft/blockstates/cyan_stained_hardened_clay.json
Copying assets/minecraft/blockstates/cyan_wool.json
Copying assets/minecraft/blockstates/dandelion.json
Copying assets/minecraft/blockstates/dark_oak_door.json
Copying assets/minecraft/blockstates/dark_oak_double_slab.json
Copying assets/minecraft/blockstates/dark_oak_fence.json
Copying assets/minecraft/blockstates/dark_oak_fence_gate.json
Copying assets/minecraft/blockstates/dark_oak_leaves.json
Copying assets/minecraft/blockstates/dark_oak_log.json
Copying assets/minecraft/blockstates/dark_oak_planks.json
Copying assets/minecraft/blockstates/dark_oak_sapling.json
Copying assets/minecraft/blockstates/dark_oak_slab.json
Copying assets/minecraft/blockstates/dark_oak_stairs.json
Copying assets/minecraft/blockstates/dark_prismarine.json
Copying assets/minecraft/blockstates/daylight_detector.json
Copying assets/minecraft/blockstates/daylight_detector_inverted.json
Copying assets/minecraft/blockstates/dead_bush.json
Copying assets/minecraft/blockstates/detector_rail.json
Copying assets/minecraft/blockstates/diamond_block.json
Copying assets/minecraft/blockstates/diamond_ore.json
Copying assets/minecraft/blockstates/diorite.json
Copying assets/minecraft/blockstates/dirt.json
Copying assets/minecraft/blockstates/dispenser.json
Copying assets/minecraft/blockstates/double_fern.json
Copying assets/minecraft/blockstates/double_grass.json
Copying assets/minecraft/blockstates/double_rose.json
Copying assets/minecraft/blockstates/dragon_egg.json
Copying assets/minecraft/blockstates/dropper.json
Copying assets/minecraft/blockstates/emerald_block.json
Copying assets/minecraft/blockstates/emerald_ore.json
Copying assets/minecraft/blockstates/enchanting_table.json
Copying assets/minecraft/blockstates/end_portal_frame.json
Copying assets/minecraft/blockstates/end_stone.json
Copying assets/minecraft/blockstates/farmland.json
Copying assets/minecraft/blockstates/fence.json
Copying assets/minecraft/blockstates/fence_gate.json
Copying assets/minecraft/blockstates/fern.json
Copying assets/minecraft/blockstates/fire.json
Copying assets/minecraft/blockstates/flower_pot.json
Copying assets/minecraft/blockstates/furnace.json
Copying assets/minecraft/blockstates/glass.json
Copying assets/minecraft/blockstates/glass_pane.json
Copying assets/minecraft/blockstates/glowstone.json
Copying assets/minecraft/blockstates/golden_rail.json
Copying assets/minecraft/blockstates/gold_block.json
Copying assets/minecraft/blockstates/gold_ore.json
Copying assets/minecraft/blockstates/granite.json
Copying assets/minecraft/blockstates/grass.json
Copying assets/minecraft/blockstates/gravel.json
Copying assets/minecraft/blockstates/gray_carpet.json
Copying assets/minecraft/blockstates/gray_stained_glass.json
Copying assets/minecraft/blockstates/gray_stained_glass_pane.json
Copying assets/minecraft/blockstates/gray_stained_hardened_clay.json
Copying assets/minecraft/blockstates/gray_wool.json
Copying assets/minecraft/blockstates/green_carpet.json
Copying assets/minecraft/blockstates/green_stained_glass.json
Copying assets/minecraft/blockstates/green_stained_glass_pane.json
Copying assets/minecraft/blockstates/green_stained_hardened_clay.json
Copying assets/minecraft/blockstates/green_wool.json
Copying assets/minecraft/blockstates/hardened_clay.json
Copying assets/minecraft/blockstates/hay_block.json
Copying assets/minecraft/blockstates/heavy_weighted_pressure_plate.json
Copying assets/minecraft/blockstates/hopper.json
Copying assets/minecraft/blockstates/houstonia.json
Copying assets/minecraft/blockstates/ice.json
Copying assets/minecraft/blockstates/iron_bars.json
Copying assets/minecraft/blockstates/iron_block.json
Copying assets/minecraft/blockstates/iron_door.json
Copying assets/minecraft/blockstates/iron_ore.json
Copying assets/minecraft/blockstates/iron_trapdoor.json
Copying assets/minecraft/blockstates/item_frame.json
Copying assets/minecraft/blockstates/jukebox.json
Copying assets/minecraft/blockstates/jungle_door.json
Copying assets/minecraft/blockstates/jungle_double_slab.json
Copying assets/minecraft/blockstates/jungle_fence.json
Copying assets/minecraft/blockstates/jungle_fence_gate.json
Copying assets/minecraft/blockstates/jungle_leaves.json
Copying assets/minecraft/blockstates/jungle_log.json
Copying assets/minecraft/blockstates/jungle_planks.json
Copying assets/minecraft/blockstates/jungle_sapling.json
Copying assets/minecraft/blockstates/jungle_slab.json
Copying assets/minecraft/blockstates/jungle_stairs.json
Copying assets/minecraft/blockstates/ladder.json
Copying assets/minecraft/blockstates/lapis_block.json
Copying assets/minecraft/blockstates/lapis_ore.json
Copying assets/minecraft/blockstates/lever.json
Copying assets/minecraft/blockstates/light_blue_carpet.json
Copying assets/minecraft/blockstates/light_blue_stained_glass.json
Copying assets/minecraft/blockstates/light_blue_stained_glass_pane.json
Copying assets/minecraft/blockstates/light_blue_stained_hardened_clay.json
Copying assets/minecraft/blockstates/light_blue_wool.json
Copying assets/minecraft/blockstates/light_weighted_pressure_plate.json
Copying assets/minecraft/blockstates/lime_carpet.json
Copying assets/minecraft/blockstates/lime_stained_glass.json
Copying assets/minecraft/blockstates/lime_stained_glass_pane.json
Copying assets/minecraft/blockstates/lime_stained_hardened_clay.json
Copying assets/minecraft/blockstates/lime_wool.json
Copying assets/minecraft/blockstates/lit_furnace.json
Copying assets/minecraft/blockstates/lit_pumpkin.json
Copying assets/minecraft/blockstates/lit_redstone_lamp.json
Copying assets/minecraft/blockstates/lit_redstone_ore.json
Copying assets/minecraft/blockstates/magenta_carpet.json
Copying assets/minecraft/blockstates/magenta_stained_glass.json
Copying assets/minecraft/blockstates/magenta_stained_glass_pane.json
Copying assets/minecraft/blockstates/magenta_stained_hardened_clay.json
Copying assets/minecraft/blockstates/magenta_wool.json
Copying assets/minecraft/blockstates/melon_block.json
Copying assets/minecraft/blockstates/melon_stem.json
Copying assets/minecraft/blockstates/mob_spawner.json
Copying assets/minecraft/blockstates/mossy_brick_monster_egg.json
Copying assets/minecraft/blockstates/mossy_cobblestone.json
Copying assets/minecraft/blockstates/mossy_cobblestone_wall.json
Copying assets/minecraft/blockstates/mossy_stonebrick.json
Copying assets/minecraft/blockstates/mycelium.json
Copying assets/minecraft/blockstates/netherrack.json
Copying assets/minecraft/blockstates/nether_brick.json
Copying assets/minecraft/blockstates/nether_brick_double_slab.json
Copying assets/minecraft/blockstates/nether_brick_fence.json
Copying assets/minecraft/blockstates/nether_brick_slab.json
Copying assets/minecraft/blockstates/nether_brick_stairs.json
Copying assets/minecraft/blockstates/nether_wart.json
Copying assets/minecraft/blockstates/noteblock.json
Copying assets/minecraft/blockstates/oak_double_slab.json
Copying assets/minecraft/blockstates/oak_leaves.json
Copying assets/minecraft/blockstates/oak_log.json
Copying assets/minecraft/blockstates/oak_planks.json
Copying assets/minecraft/blockstates/oak_sapling.json
Copying assets/minecraft/blockstates/oak_slab.json
Copying assets/minecraft/blockstates/oak_stairs.json
Copying assets/minecraft/blockstates/obsidian.json
Copying assets/minecraft/blockstates/orange_carpet.json
Copying assets/minecraft/blockstates/orange_stained_glass.json
Copying assets/minecraft/blockstates/orange_stained_glass_pane.json
Copying assets/minecraft/blockstates/orange_stained_hardened_clay.json
Copying assets/minecraft/blockstates/orange_tulip.json
Copying assets/minecraft/blockstates/orange_wool.json
Copying assets/minecraft/blockstates/oxeye_daisy.json
Copying assets/minecraft/blockstates/packed_ice.json
Copying assets/minecraft/blockstates/paeonia.json
Copying assets/minecraft/blockstates/pink_carpet.json
Copying assets/minecraft/blockstates/pink_stained_glass.json
Copying assets/minecraft/blockstates/pink_stained_glass_pane.json
Copying assets/minecraft/blockstates/pink_stained_hardened_clay.json
Copying assets/minecraft/blockstates/pink_tulip.json
Copying assets/minecraft/blockstates/pink_wool.json
Copying assets/minecraft/blockstates/piston.json
Copying assets/minecraft/blockstates/piston_head.json
Copying assets/minecraft/blockstates/podzol.json
Copying assets/minecraft/blockstates/poppy.json
Copying assets/minecraft/blockstates/portal.json
Copying assets/minecraft/blockstates/potatoes.json
Copying assets/minecraft/blockstates/powered_comparator.json
Copying assets/minecraft/blockstates/powered_repeater.json
Copying assets/minecraft/blockstates/prismarine.json
Copying assets/minecraft/blockstates/prismarine_bricks.json
Copying assets/minecraft/blockstates/pumpkin.json
Copying assets/minecraft/blockstates/pumpkin_stem.json
Copying assets/minecraft/blockstates/purple_carpet.json
Copying assets/minecraft/blockstates/purple_stained_glass.json
Copying assets/minecraft/blockstates/purple_stained_glass_pane.json
Copying assets/minecraft/blockstates/purple_stained_hardened_clay.json
Copying assets/minecraft/blockstates/purple_wool.json
Copying assets/minecraft/blockstates/quartz_block.json
Copying assets/minecraft/blockstates/quartz_column.json
Copying assets/minecraft/blockstates/quartz_double_slab.json
Copying assets/minecraft/blockstates/quartz_ore.json
Copying assets/minecraft/blockstates/quartz_slab.json
Copying assets/minecraft/blockstates/quartz_stairs.json
Copying assets/minecraft/blockstates/rail.json
Copying assets/minecraft/blockstates/redstone_block.json
Copying assets/minecraft/blockstates/redstone_lamp.json
Copying assets/minecraft/blockstates/redstone_ore.json
Copying assets/minecraft/blockstates/redstone_torch.json
Copying assets/minecraft/blockstates/redstone_wire.json
Copying assets/minecraft/blockstates/red_carpet.json
Copying assets/minecraft/blockstates/red_mushroom.json
Copying assets/minecraft/blockstates/red_mushroom_block.json
Copying assets/minecraft/blockstates/red_sand.json
Copying assets/minecraft/blockstates/red_sandstone.json
Copying assets/minecraft/blockstates/red_sandstone_double_slab.json
Copying assets/minecraft/blockstates/red_sandstone_slab.json
Copying assets/minecraft/blockstates/red_sandstone_stairs.json
Copying assets/minecraft/blockstates/red_stained_glass.json
Copying assets/minecraft/blockstates/red_stained_glass_pane.json
Copying assets/minecraft/blockstates/red_stained_hardened_clay.json
Copying assets/minecraft/blockstates/red_tulip.json
Copying assets/minecraft/blockstates/red_wool.json
Copying assets/minecraft/blockstates/reeds.json
Copying assets/minecraft/blockstates/sand.json
Copying assets/minecraft/blockstates/sandstone.json
Copying assets/minecraft/blockstates/sandstone_double_slab.json
Copying assets/minecraft/blockstates/sandstone_slab.json
Copying assets/minecraft/blockstates/sandstone_stairs.json
Copying assets/minecraft/blockstates/sea_lantern.json
Copying assets/minecraft/blockstates/silver_carpet.json
Copying assets/minecraft/blockstates/silver_stained_glass.json
Copying assets/minecraft/blockstates/silver_stained_glass_pane.json
Copying assets/minecraft/blockstates/silver_stained_hardened_clay.json
Copying assets/minecraft/blockstates/silver_wool.json
Copying assets/minecraft/blockstates/slime.json
Copying assets/minecraft/blockstates/smooth_andesite.json
Copying assets/minecraft/blockstates/smooth_diorite.json
Copying assets/minecraft/blockstates/smooth_granite.json
Copying assets/minecraft/blockstates/smooth_red_sandstone.json
Copying assets/minecraft/blockstates/smooth_sandstone.json
Copying assets/minecraft/blockstates/snow.json
Copying assets/minecraft/blockstates/snow_layer.json
Copying assets/minecraft/blockstates/soul_sand.json
Copying assets/minecraft/blockstates/sponge.json
Copying assets/minecraft/blockstates/spruce_door.json
Copying assets/minecraft/blockstates/spruce_double_slab.json
Copying assets/minecraft/blockstates/spruce_fence.json
Copying assets/minecraft/blockstates/spruce_fence_gate.json
Copying assets/minecraft/blockstates/spruce_leaves.json
Copying assets/minecraft/blockstates/spruce_log.json
Copying assets/minecraft/blockstates/spruce_planks.json
Copying assets/minecraft/blockstates/spruce_sapling.json
Copying assets/minecraft/blockstates/spruce_slab.json
Copying assets/minecraft/blockstates/spruce_stairs.json
Copying assets/minecraft/blockstates/sticky_piston.json
Copying assets/minecraft/blockstates/stone.json
Copying assets/minecraft/blockstates/stonebrick.json
Copying assets/minecraft/blockstates/stone_brick_double_slab.json
Copying assets/minecraft/blockstates/stone_brick_monster_egg.json
Copying assets/minecraft/blockstates/stone_brick_slab.json
Copying assets/minecraft/blockstates/stone_brick_stairs.json
Copying assets/minecraft/blockstates/stone_button.json
Copying assets/minecraft/blockstates/stone_double_slab.json
Copying assets/minecraft/blockstates/stone_monster_egg.json
Copying assets/minecraft/blockstates/stone_pressure_plate.json
Copying assets/minecraft/blockstates/stone_slab.json
Copying assets/minecraft/blockstates/stone_stairs.json
Copying assets/minecraft/blockstates/sunflower.json
Copying assets/minecraft/blockstates/syringa.json
Copying assets/minecraft/blockstates/tall_grass.json
Copying assets/minecraft/blockstates/tnt.json
Copying assets/minecraft/blockstates/torch.json
Copying assets/minecraft/blockstates/trapdoor.json
Copying assets/minecraft/blockstates/tripwire.json
Copying assets/minecraft/blockstates/tripwire_hook.json
Copying assets/minecraft/blockstates/unlit_redstone_torch.json
Copying assets/minecraft/blockstates/unpowered_comparator.json
Copying assets/minecraft/blockstates/unpowered_repeater.json
Copying assets/minecraft/blockstates/vine.json
Copying assets/minecraft/blockstates/waterlily.json
Copying assets/minecraft/blockstates/web.json
Copying assets/minecraft/blockstates/wheat.json
Copying assets/minecraft/blockstates/white_carpet.json
Copying assets/minecraft/blockstates/white_stained_glass.json
Copying assets/minecraft/blockstates/white_stained_glass_pane.json
Copying assets/minecraft/blockstates/white_stained_hardened_clay.json
Copying assets/minecraft/blockstates/white_tulip.json
Copying assets/minecraft/blockstates/white_wool.json
Copying assets/minecraft/blockstates/wooden_button.json
Copying assets/minecraft/blockstates/wooden_door.json
Copying assets/minecraft/blockstates/wooden_pressure_plate.json
Copying assets/minecraft/blockstates/wood_old_double_slab.json
Copying assets/minecraft/blockstates/wood_old_slab.json
Copying assets/minecraft/blockstates/yellow_carpet.json
Copying assets/minecraft/blockstates/yellow_stained_glass.json
Copying assets/minecraft/blockstates/yellow_stained_glass_pane.json
Copying assets/minecraft/blockstates/yellow_stained_hardened_clay.json
Copying assets/minecraft/blockstates/yellow_wool.json
Copying assets/minecraft/font/glyph_sizes.bin
Copying assets/minecraft/models/block/acacia_bark.json
Copying assets/minecraft/models/block/acacia_door_bottom.json
Copying assets/minecraft/models/block/acacia_door_bottom_rh.json
Copying assets/minecraft/models/block/acacia_door_top.json
Copying assets/minecraft/models/block/acacia_door_top_rh.json
Copying assets/minecraft/models/block/acacia_fence_gate_closed.json
Copying assets/minecraft/models/block/acacia_fence_gate_open.json
Copying assets/minecraft/models/block/acacia_fence_inventory.json
Copying assets/minecraft/models/block/acacia_fence_n.json
Copying assets/minecraft/models/block/acacia_fence_ne.json
Copying assets/minecraft/models/block/acacia_fence_ns.json
Copying assets/minecraft/models/block/acacia_fence_nse.json
Copying assets/minecraft/models/block/acacia_fence_nsew.json
Copying assets/minecraft/models/block/acacia_fence_post.json
Copying assets/minecraft/models/block/acacia_inner_stairs.json
Copying assets/minecraft/models/block/acacia_leaves.json
Copying assets/minecraft/models/block/acacia_log.json
Copying assets/minecraft/models/block/acacia_log_side.json
Copying assets/minecraft/models/block/acacia_outer_stairs.json
Copying assets/minecraft/models/block/acacia_planks.json
Copying assets/minecraft/models/block/acacia_sapling.json
Copying assets/minecraft/models/block/acacia_stairs.json
Copying assets/minecraft/models/block/acacia_wall_gate_closed.json
Copying assets/minecraft/models/block/acacia_wall_gate_open.json
Copying assets/minecraft/models/block/activator_rail_active_flat.json
Copying assets/minecraft/models/block/activator_rail_active_raised_ne.json
Copying assets/minecraft/models/block/activator_rail_active_raised_sw.json
Copying assets/minecraft/models/block/activator_rail_flat.json
Copying assets/minecraft/models/block/activator_rail_raised_ne.json
Copying assets/minecraft/models/block/activator_rail_raised_sw.json
Copying assets/minecraft/models/block/allium.json
Copying assets/minecraft/models/block/andesite.json
Copying assets/minecraft/models/block/andesite_smooth.json
Copying assets/minecraft/models/block/anvil.json
Copying assets/minecraft/models/block/anvil_slightly_damaged.json
Copying assets/minecraft/models/block/anvil_undamaged.json
Copying assets/minecraft/models/block/anvil_very_damaged.json
Copying assets/minecraft/models/block/bars_n.json
Copying assets/minecraft/models/block/bars_ne.json
Copying assets/minecraft/models/block/bars_ns.json
Copying assets/minecraft/models/block/bars_nse.json
Copying assets/minecraft/models/block/bars_nsew.json
Copying assets/minecraft/models/block/beacon.json
Copying assets/minecraft/models/block/bedrock.json
Copying assets/minecraft/models/block/bedrock_mirrored.json
Copying assets/minecraft/models/block/bed_foot.json
Copying assets/minecraft/models/block/bed_head.json
Copying assets/minecraft/models/block/birch_bark.json
Copying assets/minecraft/models/block/birch_door_bottom.json
Copying assets/minecraft/models/block/birch_door_bottom_rh.json
Copying assets/minecraft/models/block/birch_door_top.json
Copying assets/minecraft/models/block/birch_door_top_rh.json
Copying assets/minecraft/models/block/birch_fence_gate_closed.json
Copying assets/minecraft/models/block/birch_fence_gate_open.json
Copying assets/minecraft/models/block/birch_fence_inventory.json
Copying assets/minecraft/models/block/birch_fence_n.json
Copying assets/minecraft/models/block/birch_fence_ne.json
Copying assets/minecraft/models/block/birch_fence_ns.json
Copying assets/minecraft/models/block/birch_fence_nse.json
Copying assets/minecraft/models/block/birch_fence_nsew.json
Copying assets/minecraft/models/block/birch_fence_post.json
Copying assets/minecraft/models/block/birch_inner_stairs.json
Copying assets/minecraft/models/block/birch_leaves.json
Copying assets/minecraft/models/block/birch_log.json
Copying assets/minecraft/models/block/birch_log_side.json
Copying assets/minecraft/models/block/birch_outer_stairs.json
Copying assets/minecraft/models/block/birch_planks.json
Copying assets/minecraft/models/block/birch_sapling.json
Copying assets/minecraft/models/block/birch_stairs.json
Copying assets/minecraft/models/block/birch_wall_gate_closed.json
Copying assets/minecraft/models/block/birch_wall_gate_open.json
Copying assets/minecraft/models/block/black_pane_n.json
Copying assets/minecraft/models/block/black_pane_ne.json
Copying assets/minecraft/models/block/black_pane_new.json
Copying assets/minecraft/models/block/black_pane_ns.json
Copying assets/minecraft/models/block/black_pane_nse.json
Copying assets/minecraft/models/block/black_pane_nsew.json
Copying assets/minecraft/models/block/black_pane_nsw.json
Copying assets/minecraft/models/block/black_pane_nw.json
Copying assets/minecraft/models/block/black_pane_s.json
Copying assets/minecraft/models/block/black_pane_se.json
Copying assets/minecraft/models/block/black_pane_sew.json
Copying assets/minecraft/models/block/black_pane_sw.json
Copying assets/minecraft/models/block/black_wool.json
Copying assets/minecraft/models/block/blue_pane_n.json
Copying assets/minecraft/models/block/blue_pane_ne.json
Copying assets/minecraft/models/block/blue_pane_new.json
Copying assets/minecraft/models/block/blue_pane_ns.json
Copying assets/minecraft/models/block/blue_pane_nse.json
Copying assets/minecraft/models/block/blue_pane_nsew.json
Copying assets/minecraft/models/block/blue_pane_nsw.json
Copying assets/minecraft/models/block/blue_pane_nw.json
Copying assets/minecraft/models/block/blue_pane_s.json
Copying assets/minecraft/models/block/blue_pane_se.json
Copying assets/minecraft/models/block/blue_pane_sew.json
Copying assets/minecraft/models/block/blue_pane_sw.json
Copying assets/minecraft/models/block/blue_wool.json
Copying assets/minecraft/models/block/bookshelf.json
Copying assets/minecraft/models/block/brewing_stand_bottles_1.json
Copying assets/minecraft/models/block/brewing_stand_bottles_12.json
Copying assets/minecraft/models/block/brewing_stand_bottles_123.json
Copying assets/minecraft/models/block/brewing_stand_bottles_13.json
Copying assets/minecraft/models/block/brewing_stand_bottles_2.json
Copying assets/minecraft/models/block/brewing_stand_bottles_23.json
Copying assets/minecraft/models/block/brewing_stand_bottles_3.json
Copying assets/minecraft/models/block/brewing_stand_empty.json
Copying assets/minecraft/models/block/brick.json
Copying assets/minecraft/models/block/brick_inner_stairs.json
Copying assets/minecraft/models/block/brick_outer_stairs.json
Copying assets/minecraft/models/block/brick_stairs.json
Copying assets/minecraft/models/block/brown_mushroom.json
Copying assets/minecraft/models/block/brown_mushroom_block_c.json
Copying assets/minecraft/models/block/brown_mushroom_block_cap_all.json
Copying assets/minecraft/models/block/brown_mushroom_block_e.json
Copying assets/minecraft/models/block/brown_mushroom_block_inside_all.json
Copying assets/minecraft/models/block/brown_mushroom_block_n.json
Copying assets/minecraft/models/block/brown_mushroom_block_ne.json
Copying assets/minecraft/models/block/brown_mushroom_block_nw.json
Copying assets/minecraft/models/block/brown_mushroom_block_s.json
Copying assets/minecraft/models/block/brown_mushroom_block_se.json
Copying assets/minecraft/models/block/brown_mushroom_block_stem.json
Copying assets/minecraft/models/block/brown_mushroom_block_stem_all.json
Copying assets/minecraft/models/block/brown_mushroom_block_sw.json
Copying assets/minecraft/models/block/brown_mushroom_block_w.json
Copying assets/minecraft/models/block/brown_pane_n.json
Copying assets/minecraft/models/block/brown_pane_ne.json
Copying assets/minecraft/models/block/brown_pane_new.json
Copying assets/minecraft/models/block/brown_pane_ns.json
Copying assets/minecraft/models/block/brown_pane_nse.json
Copying assets/minecraft/models/block/brown_pane_nsew.json
Copying assets/minecraft/models/block/brown_pane_nsw.json
Copying assets/minecraft/models/block/brown_pane_nw.json
Copying assets/minecraft/models/block/brown_pane_s.json
Copying assets/minecraft/models/block/brown_pane_se.json
Copying assets/minecraft/models/block/brown_pane_sew.json
Copying assets/minecraft/models/block/brown_pane_sw.json
Copying assets/minecraft/models/block/brown_wool.json
Copying assets/minecraft/models/block/button.json
Copying assets/minecraft/models/block/button_inventory.json
Copying assets/minecraft/models/block/button_pressed.json
Copying assets/minecraft/models/block/cactus.json
Copying assets/minecraft/models/block/cake_slice1.json
Copying assets/minecraft/models/block/cake_slice2.json
Copying assets/minecraft/models/block/cake_slice3.json
Copying assets/minecraft/models/block/cake_slice4.json
Copying assets/minecraft/models/block/cake_slice5.json
Copying assets/minecraft/models/block/cake_slice6.json
Copying assets/minecraft/models/block/cake_uneaten.json
Copying assets/minecraft/models/block/carpet.json
Copying assets/minecraft/models/block/carpet_black.json
Copying assets/minecraft/models/block/carpet_blue.json
Copying assets/minecraft/models/block/carpet_brown.json
Copying assets/minecraft/models/block/carpet_cyan.json
Copying assets/minecraft/models/block/carpet_gray.json
Copying assets/minecraft/models/block/carpet_green.json
Copying assets/minecraft/models/block/carpet_light_blue.json
Copying assets/minecraft/models/block/carpet_lime.json
Copying assets/minecraft/models/block/carpet_magenta.json
Copying assets/minecraft/models/block/carpet_orange.json
Copying assets/minecraft/models/block/carpet_pink.json
Copying assets/minecraft/models/block/carpet_purple.json
Copying assets/minecraft/models/block/carpet_red.json
Copying assets/minecraft/models/block/carpet_silver.json
Copying assets/minecraft/models/block/carpet_white.json
Copying assets/minecraft/models/block/carpet_yellow.json
Copying assets/minecraft/models/block/carrots_stage0.json
Copying assets/minecraft/models/block/carrots_stage1.json
Copying assets/minecraft/models/block/carrots_stage2.json
Copying assets/minecraft/models/block/carrots_stage3.json
Copying assets/minecraft/models/block/cauldron_empty.json
Copying assets/minecraft/models/block/cauldron_level1.json
Copying assets/minecraft/models/block/cauldron_level2.json
Copying assets/minecraft/models/block/cauldron_level3.json
Copying assets/minecraft/models/block/clay.json
Copying assets/minecraft/models/block/coal_block.json
Copying assets/minecraft/models/block/coal_ore.json
Copying assets/minecraft/models/block/coarse_dirt.json
Copying assets/minecraft/models/block/cobblestone.json
Copying assets/minecraft/models/block/cobblestone_wall_inventory.json
Copying assets/minecraft/models/block/cobblestone_wall_mossy_inventory.json
Copying assets/minecraft/models/block/cobblestone_wall_n.json
Copying assets/minecraft/models/block/cobblestone_wall_ne.json
Copying assets/minecraft/models/block/cobblestone_wall_ns.json
Copying assets/minecraft/models/block/cobblestone_wall_nse.json
Copying assets/minecraft/models/block/cobblestone_wall_nsew.json
Copying assets/minecraft/models/block/cobblestone_wall_ns_above.json
Copying assets/minecraft/models/block/cobblestone_wall_post.json
Copying assets/minecraft/models/block/cocoa_age0_s.json
Copying assets/minecraft/models/block/cocoa_age1_s.json
Copying assets/minecraft/models/block/cocoa_age2_s.json
Copying assets/minecraft/models/block/column_side.json
Copying assets/minecraft/models/block/command_block.json
Copying assets/minecraft/models/block/comparator_lit.json
Copying assets/minecraft/models/block/comparator_lit_subtract.json
Copying assets/minecraft/models/block/comparator_unlit.json
Copying assets/minecraft/models/block/comparator_unlit_subtract.json
Copying assets/minecraft/models/block/crafting_table.json
Copying assets/minecraft/models/block/crop.json
Copying assets/minecraft/models/block/cross.json
Copying assets/minecraft/models/block/cube.json
Copying assets/minecraft/models/block/cube_all.json
Copying assets/minecraft/models/block/cube_bottom_top.json
Copying assets/minecraft/models/block/cube_column.json
Copying assets/minecraft/models/block/cube_mirrored.json
Copying assets/minecraft/models/block/cube_mirrored_all.json
Copying assets/minecraft/models/block/cube_top.json
Copying assets/minecraft/models/block/cyan_pane_n.json
Copying assets/minecraft/models/block/cyan_pane_ne.json
Copying assets/minecraft/models/block/cyan_pane_new.json
Copying assets/minecraft/models/block/cyan_pane_ns.json
Copying assets/minecraft/models/block/cyan_pane_nse.json
Copying assets/minecraft/models/block/cyan_pane_nsew.json
Copying assets/minecraft/models/block/cyan_pane_nsw.json
Copying assets/minecraft/models/block/cyan_pane_nw.json
Copying assets/minecraft/models/block/cyan_pane_s.json
Copying assets/minecraft/models/block/cyan_pane_se.json
Copying assets/minecraft/models/block/cyan_pane_sew.json
Copying assets/minecraft/models/block/cyan_pane_sw.json
Copying assets/minecraft/models/block/cyan_wool.json
Copying assets/minecraft/models/block/daisy.json
Copying assets/minecraft/models/block/dandelion.json
Copying assets/minecraft/models/block/dark_oak_bark.json
Copying assets/minecraft/models/block/dark_oak_door_bottom.json
Copying assets/minecraft/models/block/dark_oak_door_bottom_rh.json
Copying assets/minecraft/models/block/dark_oak_door_top.json
Copying assets/minecraft/models/block/dark_oak_door_top_rh.json
Copying assets/minecraft/models/block/dark_oak_fence_gate_closed.json
Copying assets/minecraft/models/block/dark_oak_fence_gate_open.json
Copying assets/minecraft/models/block/dark_oak_fence_inventory.json
Copying assets/minecraft/models/block/dark_oak_fence_n.json
Copying assets/minecraft/models/block/dark_oak_fence_ne.json
Copying assets/minecraft/models/block/dark_oak_fence_ns.json
Copying assets/minecraft/models/block/dark_oak_fence_nse.json
Copying assets/minecraft/models/block/dark_oak_fence_nsew.json
Copying assets/minecraft/models/block/dark_oak_fence_post.json
Copying assets/minecraft/models/block/dark_oak_inner_stairs.json
Copying assets/minecraft/models/block/dark_oak_leaves.json
Copying assets/minecraft/models/block/dark_oak_log.json
Copying assets/minecraft/models/block/dark_oak_log_side.json
Copying assets/minecraft/models/block/dark_oak_outer_stairs.json
Copying assets/minecraft/models/block/dark_oak_planks.json
Copying assets/minecraft/models/block/dark_oak_sapling.json
Copying assets/minecraft/models/block/dark_oak_stairs.json
Copying assets/minecraft/models/block/dark_oak_wall_gate_closed.json
Copying assets/minecraft/models/block/dark_oak_wall_gate_open.json
Copying assets/minecraft/models/block/daylight_detector.json
Copying assets/minecraft/models/block/daylight_detector_inverted.json
Copying assets/minecraft/models/block/dead_bush.json
Copying assets/minecraft/models/block/detector_rail_flat.json
Copying assets/minecraft/models/block/detector_rail_powered_flat.json
Copying assets/minecraft/models/block/detector_rail_powered_raised_ne.json
Copying assets/minecraft/models/block/detector_rail_powered_raised_sw.json
Copying assets/minecraft/models/block/detector_rail_raised_ne.json
Copying assets/minecraft/models/block/detector_rail_raised_sw.json
Copying assets/minecraft/models/block/diamond_block.json
Copying assets/minecraft/models/block/diamond_ore.json
Copying assets/minecraft/models/block/diorite.json
Copying assets/minecraft/models/block/diorite_smooth.json
Copying assets/minecraft/models/block/dirt.json
Copying assets/minecraft/models/block/dispenser.json
Copying assets/minecraft/models/block/dispenser_vertical.json
Copying assets/minecraft/models/block/door_bottom.json
Copying assets/minecraft/models/block/door_bottom_rh.json
Copying assets/minecraft/models/block/door_top.json
Copying assets/minecraft/models/block/door_top_rh.json
Copying assets/minecraft/models/block/double_fern_bottom.json
Copying assets/minecraft/models/block/double_fern_top.json
Copying assets/minecraft/models/block/double_grass_bottom.json
Copying assets/minecraft/models/block/double_grass_top.json
Copying assets/minecraft/models/block/double_paeonia_bottom.json
Copying assets/minecraft/models/block/double_paeonia_top.json
Copying assets/minecraft/models/block/double_rose_bottom.json
Copying assets/minecraft/models/block/double_rose_top.json
Copying assets/minecraft/models/block/double_stone.json
Copying assets/minecraft/models/block/double_stone_top.json
Copying assets/minecraft/models/block/double_sunflower_bottom.json
Copying assets/minecraft/models/block/double_sunflower_top.json
Copying assets/minecraft/models/block/double_syringa_bottom.json
Copying assets/minecraft/models/block/double_syringa_top.json
Copying assets/minecraft/models/block/dragon_egg.json
Copying assets/minecraft/models/block/dropper.json
Copying assets/minecraft/models/block/dropper_vertical.json
Copying assets/minecraft/models/block/emerald_block.json
Copying assets/minecraft/models/block/emerald_ore.json
Copying assets/minecraft/models/block/enchanting_table_base.json
Copying assets/minecraft/models/block/end_portal_frame_empty.json
Copying assets/minecraft/models/block/end_portal_frame_filled.json
Copying assets/minecraft/models/block/end_stone.json
Copying assets/minecraft/models/block/farmland.json
Copying assets/minecraft/models/block/farmland_dry.json
Copying assets/minecraft/models/block/farmland_moist.json
Copying assets/minecraft/models/block/fence_gate_closed.json
Copying assets/minecraft/models/block/fence_gate_open.json
Copying assets/minecraft/models/block/fence_inventory.json
Copying assets/minecraft/models/block/fence_n.json
Copying assets/minecraft/models/block/fence_ne.json
Copying assets/minecraft/models/block/fence_ns.json
Copying assets/minecraft/models/block/fence_nse.json
Copying assets/minecraft/models/block/fence_nsew.json
Copying assets/minecraft/models/block/fence_post.json
Copying assets/minecraft/models/block/fern.json
Copying assets/minecraft/models/block/fire_floor.json
Copying assets/minecraft/models/block/fire_floor_main.json
Copying assets/minecraft/models/block/fire_n.json
Copying assets/minecraft/models/block/fire_ne.json
Copying assets/minecraft/models/block/fire_neu1.json
Copying assets/minecraft/models/block/fire_neu1_alt.json
Copying assets/minecraft/models/block/fire_neu1_alt_flip.json
Copying assets/minecraft/models/block/fire_neu1_flip.json
Copying assets/minecraft/models/block/fire_neu1_flip_main.json
Copying assets/minecraft/models/block/fire_neu1_main.json
Copying assets/minecraft/models/block/fire_neu2.json
Copying assets/minecraft/models/block/fire_neu2_alt.json
Copying assets/minecraft/models/block/fire_neu2_alt_flip.json
Copying assets/minecraft/models/block/fire_neu2_flip.json
Copying assets/minecraft/models/block/fire_neu2_flip_main.json
Copying assets/minecraft/models/block/fire_neu2_main.json
Copying assets/minecraft/models/block/fire_ne_alt.json
Copying assets/minecraft/models/block/fire_ne_alt_flip.json
Copying assets/minecraft/models/block/fire_ne_flip.json
Copying assets/minecraft/models/block/fire_ne_flip_main.json
Copying assets/minecraft/models/block/fire_ne_main.json
Copying assets/minecraft/models/block/fire_ns.json
Copying assets/minecraft/models/block/fire_nse.json
Copying assets/minecraft/models/block/fire_nseu1.json
Copying assets/minecraft/models/block/fire_nseu1_alt.json
Copying assets/minecraft/models/block/fire_nseu1_alt_flip.json
Copying assets/minecraft/models/block/fire_nseu1_flip.json
Copying assets/minecraft/models/block/fire_nseu1_flip_main.json
Copying assets/minecraft/models/block/fire_nseu1_main.json
Copying assets/minecraft/models/block/fire_nseu2.json
Copying assets/minecraft/models/block/fire_nseu2_alt.json
Copying assets/minecraft/models/block/fire_nseu2_alt_flip.json
Copying assets/minecraft/models/block/fire_nseu2_flip.json
Copying assets/minecraft/models/block/fire_nseu2_flip_main.json
Copying assets/minecraft/models/block/fire_nseu2_main.json
Copying assets/minecraft/models/block/fire_nsew.json
Copying assets/minecraft/models/block/fire_nsewu1.json
Copying assets/minecraft/models/block/fire_nsewu1_alt.json
Copying assets/minecraft/models/block/fire_nsewu1_alt_flip.json
Copying assets/minecraft/models/block/fire_nsewu1_flip.json
Copying assets/minecraft/models/block/fire_nsewu1_flip_main.json
Copying assets/minecraft/models/block/fire_nsewu1_main.json
Copying assets/minecraft/models/block/fire_nsewu2.json
Copying assets/minecraft/models/block/fire_nsewu2_alt.json
Copying assets/minecraft/models/block/fire_nsewu2_alt_flip.json
Copying assets/minecraft/models/block/fire_nsewu2_flip.json
Copying assets/minecraft/models/block/fire_nsewu2_flip_main.json
Copying assets/minecraft/models/block/fire_nsewu2_main.json
Copying assets/minecraft/models/block/fire_nsew_alt.json
Copying assets/minecraft/models/block/fire_nsew_alt_flip.json
Copying assets/minecraft/models/block/fire_nsew_flip.json
Copying assets/minecraft/models/block/fire_nsew_flip_main.json
Copying assets/minecraft/models/block/fire_nsew_main.json
Copying assets/minecraft/models/block/fire_nse_alt.json
Copying assets/minecraft/models/block/fire_nse_alt_flip.json
Copying assets/minecraft/models/block/fire_nse_flip.json
Copying assets/minecraft/models/block/fire_nse_flip_main.json
Copying assets/minecraft/models/block/fire_nse_main.json
Copying assets/minecraft/models/block/fire_nsu1.json
Copying assets/minecraft/models/block/fire_nsu1_alt.json
Copying assets/minecraft/models/block/fire_nsu1_alt_flip.json
Copying assets/minecraft/models/block/fire_nsu1_flip.json
Copying assets/minecraft/models/block/fire_nsu1_flip_main.json
Copying assets/minecraft/models/block/fire_nsu1_main.json
Copying assets/minecraft/models/block/fire_nsu2.json
Copying assets/minecraft/models/block/fire_nsu2_alt.json
Copying assets/minecraft/models/block/fire_nsu2_alt_flip.json
Copying assets/minecraft/models/block/fire_nsu2_flip.json
Copying assets/minecraft/models/block/fire_nsu2_flip_main.json
Copying assets/minecraft/models/block/fire_nsu2_main.json
Copying assets/minecraft/models/block/fire_ns_alt.json
Copying assets/minecraft/models/block/fire_ns_alt_flip.json
Copying assets/minecraft/models/block/fire_ns_flip.json
Copying assets/minecraft/models/block/fire_ns_flip_main.json
Copying assets/minecraft/models/block/fire_ns_main.json
Copying assets/minecraft/models/block/fire_nu1.json
Copying assets/minecraft/models/block/fire_nu1_alt.json
Copying assets/minecraft/models/block/fire_nu1_alt_flip.json
Copying assets/minecraft/models/block/fire_nu1_flip_main.json
Copying assets/minecraft/models/block/fire_nu1_main.json
Copying assets/minecraft/models/block/fire_nu2.json
Copying assets/minecraft/models/block/fire_nu2_alt.json
Copying assets/minecraft/models/block/fire_nu2_alt_flip.json
Copying assets/minecraft/models/block/fire_nu2_flip.json
Copying assets/minecraft/models/block/fire_nu2_flip_main.json
Copying assets/minecraft/models/block/fire_nu2_main.json
Copying assets/minecraft/models/block/fire_n_alt.json
Copying assets/minecraft/models/block/fire_n_alt_flip.json
Copying assets/minecraft/models/block/fire_n_flip.json
Copying assets/minecraft/models/block/fire_n_flip_main.json
Copying assets/minecraft/models/block/fire_n_main.json
Copying assets/minecraft/models/block/fire_u1.json
Copying assets/minecraft/models/block/fire_u1_main.json
Copying assets/minecraft/models/block/fire_u2.json
Copying assets/minecraft/models/block/fire_u2_main.json
Copying assets/minecraft/models/block/flower_pot.json
Copying assets/minecraft/models/block/flower_pot_acacia.json
Copying assets/minecraft/models/block/flower_pot_allium.json
Copying assets/minecraft/models/block/flower_pot_birch.json
Copying assets/minecraft/models/block/flower_pot_cactus.json
Copying assets/minecraft/models/block/flower_pot_cross.json
Copying assets/minecraft/models/block/flower_pot_daisy.json
Copying assets/minecraft/models/block/flower_pot_dandelion.json
Copying assets/minecraft/models/block/flower_pot_dark_oak.json
Copying assets/minecraft/models/block/flower_pot_dead_bush.json
Copying assets/minecraft/models/block/flower_pot_fern.json
Copying assets/minecraft/models/block/flower_pot_houstonia.json
Copying assets/minecraft/models/block/flower_pot_jungle.json
Copying assets/minecraft/models/block/flower_pot_mushroom_brown.json
Copying assets/minecraft/models/block/flower_pot_mushroom_red.json
Copying assets/minecraft/models/block/flower_pot_oak.json
Copying assets/minecraft/models/block/flower_pot_orchid.json
Copying assets/minecraft/models/block/flower_pot_rose.json
Copying assets/minecraft/models/block/flower_pot_spruce.json
Copying assets/minecraft/models/block/flower_pot_tulip_orange.json
Copying assets/minecraft/models/block/flower_pot_tulip_pink.json
Copying assets/minecraft/models/block/flower_pot_tulip_red.json
Copying assets/minecraft/models/block/flower_pot_tulip_white.json
Copying assets/minecraft/models/block/furnace.json
Copying assets/minecraft/models/block/glass.json
Copying assets/minecraft/models/block/glass_black.json
Copying assets/minecraft/models/block/glass_blue.json
Copying assets/minecraft/models/block/glass_brown.json
Copying assets/minecraft/models/block/glass_cyan.json
Copying assets/minecraft/models/block/glass_gray.json
Copying assets/minecraft/models/block/glass_green.json
Copying assets/minecraft/models/block/glass_light_blue.json
Copying assets/minecraft/models/block/glass_lime.json
Copying assets/minecraft/models/block/glass_magenta.json
Copying assets/minecraft/models/block/glass_orange.json
Copying assets/minecraft/models/block/glass_pane_n.json
Copying assets/minecraft/models/block/glass_pane_ne.json
Copying assets/minecraft/models/block/glass_pane_new.json
Copying assets/minecraft/models/block/glass_pane_ns.json
Copying assets/minecraft/models/block/glass_pane_nse.json
Copying assets/minecraft/models/block/glass_pane_nsew.json
Copying assets/minecraft/models/block/glass_pane_nsw.json
Copying assets/minecraft/models/block/glass_pane_nw.json
Copying assets/minecraft/models/block/glass_pane_s.json
Copying assets/minecraft/models/block/glass_pane_se.json
Copying assets/minecraft/models/block/glass_pane_sew.json
Copying assets/minecraft/models/block/glass_pane_sw.json
Copying assets/minecraft/models/block/glass_pink.json
Copying assets/minecraft/models/block/glass_purple.json
Copying assets/minecraft/models/block/glass_red.json
Copying assets/minecraft/models/block/glass_silver.json
Copying assets/minecraft/models/block/glass_white.json
Copying assets/minecraft/models/block/glass_yellow.json
Copying assets/minecraft/models/block/glowstone.json
Copying assets/minecraft/models/block/golden_rail_active_flat.json
Copying assets/minecraft/models/block/golden_rail_active_raised_ne.json
Copying assets/minecraft/models/block/golden_rail_active_raised_sw.json
Copying assets/minecraft/models/block/golden_rail_flat.json
Copying assets/minecraft/models/block/golden_rail_raised_ne.json
Copying assets/minecraft/models/block/golden_rail_raised_sw.json
Copying assets/minecraft/models/block/gold_block.json
Copying assets/minecraft/models/block/gold_ore.json
Copying assets/minecraft/models/block/granite.json
Copying assets/minecraft/models/block/granite_smooth.json
Copying assets/minecraft/models/block/grass.json
Copying assets/minecraft/models/block/grass_normal.json
Copying assets/minecraft/models/block/grass_snowed.json
Copying assets/minecraft/models/block/gravel.json
Copying assets/minecraft/models/block/gray_pane_n.json
Copying assets/minecraft/models/block/gray_pane_ne.json
Copying assets/minecraft/models/block/gray_pane_new.json
Copying assets/minecraft/models/block/gray_pane_ns.json
Copying assets/minecraft/models/block/gray_pane_nse.json
Copying assets/minecraft/models/block/gray_pane_nsew.json
Copying assets/minecraft/models/block/gray_pane_nsw.json
Copying assets/minecraft/models/block/gray_pane_nw.json
Copying assets/minecraft/models/block/gray_pane_s.json
Copying assets/minecraft/models/block/gray_pane_se.json
Copying assets/minecraft/models/block/gray_pane_sew.json
Copying assets/minecraft/models/block/gray_pane_sw.json
Copying assets/minecraft/models/block/gray_wool.json
Copying assets/minecraft/models/block/green_pane_n.json
Copying assets/minecraft/models/block/green_pane_ne.json
Copying assets/minecraft/models/block/green_pane_new.json
Copying assets/minecraft/models/block/green_pane_ns.json
Copying assets/minecraft/models/block/green_pane_nse.json
Copying assets/minecraft/models/block/green_pane_nsew.json
Copying assets/minecraft/models/block/green_pane_nsw.json
Copying assets/minecraft/models/block/green_pane_nw.json
Copying assets/minecraft/models/block/green_pane_s.json
Copying assets/minecraft/models/block/green_pane_se.json
Copying assets/minecraft/models/block/green_pane_sew.json
Copying assets/minecraft/models/block/green_pane_sw.json
Copying assets/minecraft/models/block/green_wool.json
Copying assets/minecraft/models/block/half_slab.json
Copying assets/minecraft/models/block/half_slab_acacia.json
Copying assets/minecraft/models/block/half_slab_birch.json
Copying assets/minecraft/models/block/half_slab_brick.json
Copying assets/minecraft/models/block/half_slab_cobblestone.json
Copying assets/minecraft/models/block/half_slab_dark_oak.json
Copying assets/minecraft/models/block/half_slab_jungle.json
Copying assets/minecraft/models/block/half_slab_nether_brick.json
Copying assets/minecraft/models/block/half_slab_oak.json
Copying assets/minecraft/models/block/half_slab_quartz.json
Copying assets/minecraft/models/block/half_slab_red_sandstone.json
Copying assets/minecraft/models/block/half_slab_sandstone.json
Copying assets/minecraft/models/block/half_slab_spruce.json
Copying assets/minecraft/models/block/half_slab_stone.json
Copying assets/minecraft/models/block/half_slab_stone_brick.json
Copying assets/minecraft/models/block/hardened_clay.json
Copying assets/minecraft/models/block/hardened_clay_black.json
Copying assets/minecraft/models/block/hardened_clay_blue.json
Copying assets/minecraft/models/block/hardened_clay_brown.json
Copying assets/minecraft/models/block/hardened_clay_cyan.json
Copying assets/minecraft/models/block/hardened_clay_gray.json
Copying assets/minecraft/models/block/hardened_clay_green.json
Copying assets/minecraft/models/block/hardened_clay_light_blue.json
Copying assets/minecraft/models/block/hardened_clay_lime.json
Copying assets/minecraft/models/block/hardened_clay_magenta.json
Copying assets/minecraft/models/block/hardened_clay_orange.json
Copying assets/minecraft/models/block/hardened_clay_pink.json
Copying assets/minecraft/models/block/hardened_clay_purple.json
Copying assets/minecraft/models/block/hardened_clay_red.json
Copying assets/minecraft/models/block/hardened_clay_silver.json
Copying assets/minecraft/models/block/hardened_clay_white.json
Copying assets/minecraft/models/block/hardened_clay_yellow.json
Copying assets/minecraft/models/block/hay.json
Copying assets/minecraft/models/block/hay_side.json
Copying assets/minecraft/models/block/heavy_pressure_plate_down.json
Copying assets/minecraft/models/block/heavy_pressure_plate_inventory.json
Copying assets/minecraft/models/block/heavy_pressure_plate_up.json
Copying assets/minecraft/models/block/hopper_down.json
Copying assets/minecraft/models/block/hopper_side.json
Copying assets/minecraft/models/block/houstonia.json
Copying assets/minecraft/models/block/ice.json
Copying assets/minecraft/models/block/inner_stairs.json
Copying assets/minecraft/models/block/iron_block.json
Copying assets/minecraft/models/block/iron_door_bottom.json
Copying assets/minecraft/models/block/iron_door_bottom_rh.json
Copying assets/minecraft/models/block/iron_door_top.json
Copying assets/minecraft/models/block/iron_door_top_rh.json
Copying assets/minecraft/models/block/iron_ore.json
Copying assets/minecraft/models/block/iron_trapdoor_bottom.json
Copying assets/minecraft/models/block/iron_trapdoor_open.json
Copying assets/minecraft/models/block/iron_trapdoor_top.json
Copying assets/minecraft/models/block/item_frame.json
Copying assets/minecraft/models/block/item_frame_map.json
Copying assets/minecraft/models/block/jukebox.json
Copying assets/minecraft/models/block/jungle_bark.json
Copying assets/minecraft/models/block/jungle_door_bottom.json
Copying assets/minecraft/models/block/jungle_door_bottom_rh.json
Copying assets/minecraft/models/block/jungle_door_top.json
Copying assets/minecraft/models/block/jungle_door_top_rh.json
Copying assets/minecraft/models/block/jungle_fence_gate_closed.json
Copying assets/minecraft/models/block/jungle_fence_gate_open.json
Copying assets/minecraft/models/block/jungle_fence_inventory.json
Copying assets/minecraft/models/block/jungle_fence_n.json
Copying assets/minecraft/models/block/jungle_fence_ne.json
Copying assets/minecraft/models/block/jungle_fence_ns.json
Copying assets/minecraft/models/block/jungle_fence_nse.json
Copying assets/minecraft/models/block/jungle_fence_nsew.json
Copying assets/minecraft/models/block/jungle_fence_post.json
Copying assets/minecraft/models/block/jungle_inner_stairs.json
Copying assets/minecraft/models/block/jungle_leaves.json
Copying assets/minecraft/models/block/jungle_log.json
Copying assets/minecraft/models/block/jungle_log_side.json
Copying assets/minecraft/models/block/jungle_outer_stairs.json
Copying assets/minecraft/models/block/jungle_planks.json
Copying assets/minecraft/models/block/jungle_sapling.json
Copying assets/minecraft/models/block/jungle_stairs.json
Copying assets/minecraft/models/block/jungle_wall_gate_closed.json
Copying assets/minecraft/models/block/jungle_wall_gate_open.json
Copying assets/minecraft/models/block/ladder.json
Copying assets/minecraft/models/block/lapis_block.json
Copying assets/minecraft/models/block/lapis_ore.json
Copying assets/minecraft/models/block/leaves.json
Copying assets/minecraft/models/block/lever.json
Copying assets/minecraft/models/block/lever_off.json
Copying assets/minecraft/models/block/light_blue_pane_n.json
Copying assets/minecraft/models/block/light_blue_pane_ne.json
Copying assets/minecraft/models/block/light_blue_pane_new.json
Copying assets/minecraft/models/block/light_blue_pane_ns.json
Copying assets/minecraft/models/block/light_blue_pane_nse.json
Copying assets/minecraft/models/block/light_blue_pane_nsew.json
Copying assets/minecraft/models/block/light_blue_pane_nsw.json
Copying assets/minecraft/models/block/light_blue_pane_nw.json
Copying assets/minecraft/models/block/light_blue_pane_s.json
Copying assets/minecraft/models/block/light_blue_pane_se.json
Copying assets/minecraft/models/block/light_blue_pane_sew.json
Copying assets/minecraft/models/block/light_blue_pane_sw.json
Copying assets/minecraft/models/block/light_blue_wool.json
Copying assets/minecraft/models/block/light_pressure_plate_down.json
Copying assets/minecraft/models/block/light_pressure_plate_inventory.json
Copying assets/minecraft/models/block/light_pressure_plate_up.json
Copying assets/minecraft/models/block/lime_pane_n.json
Copying assets/minecraft/models/block/lime_pane_ne.json
Copying assets/minecraft/models/block/lime_pane_new.json
Copying assets/minecraft/models/block/lime_pane_ns.json
Copying assets/minecraft/models/block/lime_pane_nse.json
Copying assets/minecraft/models/block/lime_pane_nsew.json
Copying assets/minecraft/models/block/lime_pane_nsw.json
Copying assets/minecraft/models/block/lime_pane_nw.json
Copying assets/minecraft/models/block/lime_pane_s.json
Copying assets/minecraft/models/block/lime_pane_se.json
Copying assets/minecraft/models/block/lime_pane_sew.json
Copying assets/minecraft/models/block/lime_pane_sw.json
Copying assets/minecraft/models/block/lime_wool.json
Copying assets/minecraft/models/block/lit_furnace.json
Copying assets/minecraft/models/block/lit_pumpkin.json
Copying assets/minecraft/models/block/lit_redstone_lamp.json
Copying assets/minecraft/models/block/lit_redstone_ore.json
Copying assets/minecraft/models/block/lit_redstone_torch.json
Copying assets/minecraft/models/block/lit_redstone_torch_wall.json
Copying assets/minecraft/models/block/magenta_pane_n.json
Copying assets/minecraft/models/block/magenta_pane_ne.json
Copying assets/minecraft/models/block/magenta_pane_new.json
Copying assets/minecraft/models/block/magenta_pane_ns.json
Copying assets/minecraft/models/block/magenta_pane_nse.json
Copying assets/minecraft/models/block/magenta_pane_nsew.json
Copying assets/minecraft/models/block/magenta_pane_nsw.json
Copying assets/minecraft/models/block/magenta_pane_nw.json
Copying assets/minecraft/models/block/magenta_pane_s.json
Copying assets/minecraft/models/block/magenta_pane_se.json
Copying assets/minecraft/models/block/magenta_pane_sew.json
Copying assets/minecraft/models/block/magenta_pane_sw.json
Copying assets/minecraft/models/block/magenta_wool.json
Copying assets/minecraft/models/block/melon.json
Copying assets/minecraft/models/block/melon_stem_fruit.json
Copying assets/minecraft/models/block/melon_stem_growth0.json
Copying assets/minecraft/models/block/melon_stem_growth1.json
Copying assets/minecraft/models/block/melon_stem_growth2.json
Copying assets/minecraft/models/block/melon_stem_growth3.json
Copying assets/minecraft/models/block/melon_stem_growth4.json
Copying assets/minecraft/models/block/melon_stem_growth5.json
Copying assets/minecraft/models/block/melon_stem_growth6.json
Copying assets/minecraft/models/block/melon_stem_growth7.json
Copying assets/minecraft/models/block/mob_spawner_cage.json
Copying assets/minecraft/models/block/mossy_cobblestone.json
Copying assets/minecraft/models/block/mossy_wall_n.json
Copying assets/minecraft/models/block/mossy_wall_ne.json
Copying assets/minecraft/models/block/mossy_wall_ns.json
Copying assets/minecraft/models/block/mossy_wall_nse.json
Copying assets/minecraft/models/block/mossy_wall_nsew.json
Copying assets/minecraft/models/block/mossy_wall_ns_above.json
Copying assets/minecraft/models/block/mossy_wall_post.json
Copying assets/minecraft/models/block/mycelium.json
Copying assets/minecraft/models/block/netherrack.json
Copying assets/minecraft/models/block/nether_brick.json
Copying assets/minecraft/models/block/nether_brick_fence_inventory.json
Copying assets/minecraft/models/block/nether_brick_fence_n.json
Copying assets/minecraft/models/block/nether_brick_fence_ne.json
Copying assets/minecraft/models/block/nether_brick_fence_ns.json
Copying assets/minecraft/models/block/nether_brick_fence_nse.json
Copying assets/minecraft/models/block/nether_brick_fence_nsew.json
Copying assets/minecraft/models/block/nether_brick_fence_post.json
Copying assets/minecraft/models/block/nether_brick_inner_stairs.json
Copying assets/minecraft/models/block/nether_brick_outer_stairs.json
Copying assets/minecraft/models/block/nether_brick_stairs.json
Copying assets/minecraft/models/block/nether_wart_stage0.json
Copying assets/minecraft/models/block/nether_wart_stage1.json
Copying assets/minecraft/models/block/nether_wart_stage2.json
Copying assets/minecraft/models/block/normal_rail_curved.json
Copying assets/minecraft/models/block/normal_rail_flat.json
Copying assets/minecraft/models/block/normal_rail_raised_ne.json
Copying assets/minecraft/models/block/normal_rail_raised_sw.json
Copying assets/minecraft/models/block/normal_torch.json
Copying assets/minecraft/models/block/normal_torch_wall.json
Copying assets/minecraft/models/block/noteblock.json
Copying assets/minecraft/models/block/oak_bark.json
Copying assets/minecraft/models/block/oak_fence_gate_closed.json
Copying assets/minecraft/models/block/oak_fence_gate_open.json
Copying assets/minecraft/models/block/oak_fence_inventory.json
Copying assets/minecraft/models/block/oak_fence_n.json
Copying assets/minecraft/models/block/oak_fence_ne.json
Copying assets/minecraft/models/block/oak_fence_ns.json
Copying assets/minecraft/models/block/oak_fence_nse.json
Copying assets/minecraft/models/block/oak_fence_nsew.json
Copying assets/minecraft/models/block/oak_fence_post.json
Copying assets/minecraft/models/block/oak_inner_stairs.json
Copying assets/minecraft/models/block/oak_leaves.json
Copying assets/minecraft/models/block/oak_log.json
Copying assets/minecraft/models/block/oak_log_side.json
Copying assets/minecraft/models/block/oak_outer_stairs.json
Copying assets/minecraft/models/block/oak_planks.json
Copying assets/minecraft/models/block/oak_sapling.json
Copying assets/minecraft/models/block/oak_stairs.json
Copying assets/minecraft/models/block/oak_wall_gate_closed.json
Copying assets/minecraft/models/block/oak_wall_gate_open.json
Copying assets/minecraft/models/block/obsidian.json
Copying assets/minecraft/models/block/orange_pane_n.json
Copying assets/minecraft/models/block/orange_pane_ne.json
Copying assets/minecraft/models/block/orange_pane_new.json
Copying assets/minecraft/models/block/orange_pane_ns.json
Copying assets/minecraft/models/block/orange_pane_nse.json
Copying assets/minecraft/models/block/orange_pane_nsew.json
Copying assets/minecraft/models/block/orange_pane_nsw.json
Copying assets/minecraft/models/block/orange_pane_nw.json
Copying assets/minecraft/models/block/orange_pane_s.json
Copying assets/minecraft/models/block/orange_pane_se.json
Copying assets/minecraft/models/block/orange_pane_sew.json
Copying assets/minecraft/models/block/orange_pane_sw.json
Copying assets/minecraft/models/block/orange_tulip.json
Copying assets/minecraft/models/block/orange_wool.json
Copying assets/minecraft/models/block/orchid.json
Copying assets/minecraft/models/block/orientable.json
Copying assets/minecraft/models/block/orientable_vertical.json
Copying assets/minecraft/models/block/outer_stairs.json
Copying assets/minecraft/models/block/packed_ice.json
Copying assets/minecraft/models/block/pane_n.json
Copying assets/minecraft/models/block/pane_ne.json
Copying assets/minecraft/models/block/pane_new.json
Copying assets/minecraft/models/block/pane_ns.json
Copying assets/minecraft/models/block/pane_nse.json
Copying assets/minecraft/models/block/pane_nsew.json
Copying assets/minecraft/models/block/pane_nsw.json
Copying assets/minecraft/models/block/pane_nw.json
Copying assets/minecraft/models/block/pane_s.json
Copying assets/minecraft/models/block/pane_se.json
Copying assets/minecraft/models/block/pane_sew.json
Copying assets/minecraft/models/block/pane_sw.json
Copying assets/minecraft/models/block/pink_pane_n.json
Copying assets/minecraft/models/block/pink_pane_ne.json
Copying assets/minecraft/models/block/pink_pane_new.json
Copying assets/minecraft/models/block/pink_pane_ns.json
Copying assets/minecraft/models/block/pink_pane_nse.json
Copying assets/minecraft/models/block/pink_pane_nsew.json
Copying assets/minecraft/models/block/pink_pane_nsw.json
Copying assets/minecraft/models/block/pink_pane_nw.json
Copying assets/minecraft/models/block/pink_pane_s.json
Copying assets/minecraft/models/block/pink_pane_se.json
Copying assets/minecraft/models/block/pink_pane_sew.json
Copying assets/minecraft/models/block/pink_pane_sw.json
Copying assets/minecraft/models/block/pink_tulip.json
Copying assets/minecraft/models/block/pink_wool.json
Copying assets/minecraft/models/block/piston.json
Copying assets/minecraft/models/block/piston_extended.json
Copying assets/minecraft/models/block/piston_extended_normal.json
Copying assets/minecraft/models/block/piston_head.json
Copying assets/minecraft/models/block/piston_head_normal.json
Copying assets/minecraft/models/block/piston_head_short.json
Copying assets/minecraft/models/block/piston_head_short_normal.json
Copying assets/minecraft/models/block/piston_head_short_sticky.json
Copying assets/minecraft/models/block/piston_head_sticky.json
Copying assets/minecraft/models/block/piston_inventory_normal.json
Copying assets/minecraft/models/block/piston_inventory_sticky.json
Copying assets/minecraft/models/block/piston_normal.json
Copying assets/minecraft/models/block/podzol.json
Copying assets/minecraft/models/block/poppy.json
Copying assets/minecraft/models/block/portal_ew.json
Copying assets/minecraft/models/block/portal_ns.json
Copying assets/minecraft/models/block/potatoes_stage0.json
Copying assets/minecraft/models/block/potatoes_stage1.json
Copying assets/minecraft/models/block/potatoes_stage2.json
Copying assets/minecraft/models/block/potatoes_stage3.json
Copying assets/minecraft/models/block/pressure_plate_down.json
Copying assets/minecraft/models/block/pressure_plate_inventory.json
Copying assets/minecraft/models/block/pressure_plate_up.json
Copying assets/minecraft/models/block/prismarine_bricks.json
Copying assets/minecraft/models/block/prismarine_dark.json
Copying assets/minecraft/models/block/prismarine_rough.json
Copying assets/minecraft/models/block/pumpkin.json
Copying assets/minecraft/models/block/pumpkin_stem_fruit.json
Copying assets/minecraft/models/block/pumpkin_stem_growth0.json
Copying assets/minecraft/models/block/pumpkin_stem_growth1.json
Copying assets/minecraft/models/block/pumpkin_stem_growth2.json
Copying assets/minecraft/models/block/pumpkin_stem_growth3.json
Copying assets/minecraft/models/block/pumpkin_stem_growth4.json
Copying assets/minecraft/models/block/pumpkin_stem_growth5.json
Copying assets/minecraft/models/block/pumpkin_stem_growth6.json
Copying assets/minecraft/models/block/pumpkin_stem_growth7.json
Copying assets/minecraft/models/block/purple_pane_n.json
Copying assets/minecraft/models/block/purple_pane_ne.json
Copying assets/minecraft/models/block/purple_pane_new.json
Copying assets/minecraft/models/block/purple_pane_ns.json
Copying assets/minecraft/models/block/purple_pane_nse.json
Copying assets/minecraft/models/block/purple_pane_nsew.json
Copying assets/minecraft/models/block/purple_pane_nsw.json
Copying assets/minecraft/models/block/purple_pane_nw.json
Copying assets/minecraft/models/block/purple_pane_s.json
Copying assets/minecraft/models/block/purple_pane_se.json
Copying assets/minecraft/models/block/purple_pane_sew.json
Copying assets/minecraft/models/block/purple_pane_sw.json
Copying assets/minecraft/models/block/purple_wool.json
Copying assets/minecraft/models/block/quartz_chiseled.json
Copying assets/minecraft/models/block/quartz_inner_stairs.json
Copying assets/minecraft/models/block/quartz_lines.json
Copying assets/minecraft/models/block/quartz_normal.json
Copying assets/minecraft/models/block/quartz_ore.json
Copying assets/minecraft/models/block/quartz_outer_stairs.json
Copying assets/minecraft/models/block/quartz_stairs.json
Copying assets/minecraft/models/block/quartz_top.json
Copying assets/minecraft/models/block/rail_curved.json
Copying assets/minecraft/models/block/rail_flat.json
Copying assets/minecraft/models/block/rail_raised_ne.json
Copying assets/minecraft/models/block/rail_raised_sw.json
Copying assets/minecraft/models/block/redstone_block.json
Copying assets/minecraft/models/block/redstone_n.json
Copying assets/minecraft/models/block/redstone_ne.json
Copying assets/minecraft/models/block/redstone_none.json
Copying assets/minecraft/models/block/redstone_nse.json
Copying assets/minecraft/models/block/redstone_nsew.json
Copying assets/minecraft/models/block/redstone_nsue.json
Copying assets/minecraft/models/block/redstone_nue.json
Copying assets/minecraft/models/block/redstone_nuse.json
Copying assets/minecraft/models/block/redstone_nusue.json
Copying assets/minecraft/models/block/redstone_ore.json
Copying assets/minecraft/models/block/redstone_ueuw.json
Copying assets/minecraft/models/block/redstone_uew.json
Copying assets/minecraft/models/block/redstone_une.json
Copying assets/minecraft/models/block/redstone_uns.json
Copying assets/minecraft/models/block/redstone_unse.json
Copying assets/minecraft/models/block/redstone_unsew.json
Copying assets/minecraft/models/block/redstone_unsue.json
Copying assets/minecraft/models/block/redstone_unsuew.json
Copying assets/minecraft/models/block/redstone_unue.json
Copying assets/minecraft/models/block/redstone_unus.json
Copying assets/minecraft/models/block/redstone_unuse.json
Copying assets/minecraft/models/block/redstone_unusew.json
Copying assets/minecraft/models/block/redstone_unusue.json
Copying assets/minecraft/models/block/redstone_unusueuw.json
Copying assets/minecraft/models/block/redstone_unusuew.json
Copying assets/minecraft/models/block/red_mushroom.json
Copying assets/minecraft/models/block/red_mushroom_block_c.json
Copying assets/minecraft/models/block/red_mushroom_block_cap_all.json
Copying assets/minecraft/models/block/red_mushroom_block_e.json
Copying assets/minecraft/models/block/red_mushroom_block_inside_all.json
Copying assets/minecraft/models/block/red_mushroom_block_n.json
Copying assets/minecraft/models/block/red_mushroom_block_ne.json
Copying assets/minecraft/models/block/red_mushroom_block_nw.json
Copying assets/minecraft/models/block/red_mushroom_block_s.json
Copying assets/minecraft/models/block/red_mushroom_block_se.json
Copying assets/minecraft/models/block/red_mushroom_block_stem.json
Copying assets/minecraft/models/block/red_mushroom_block_stem_all.json
Copying assets/minecraft/models/block/red_mushroom_block_sw.json
Copying assets/minecraft/models/block/red_mushroom_block_w.json
Copying assets/minecraft/models/block/red_pane_n.json
Copying assets/minecraft/models/block/red_pane_ne.json
Copying assets/minecraft/models/block/red_pane_new.json
Copying assets/minecraft/models/block/red_pane_ns.json
Copying assets/minecraft/models/block/red_pane_nse.json
Copying assets/minecraft/models/block/red_pane_nsew.json
Copying assets/minecraft/models/block/red_pane_nsw.json
Copying assets/minecraft/models/block/red_pane_nw.json
Copying assets/minecraft/models/block/red_pane_s.json
Copying assets/minecraft/models/block/red_pane_se.json
Copying assets/minecraft/models/block/red_pane_sew.json
Copying assets/minecraft/models/block/red_pane_sw.json
Copying assets/minecraft/models/block/red_sand.json
Copying assets/minecraft/models/block/red_sandstone_all.json
Copying assets/minecraft/models/block/red_sandstone_chiseled.json
Copying assets/minecraft/models/block/red_sandstone_inner_stairs.json
Copying assets/minecraft/models/block/red_sandstone_normal.json
Copying assets/minecraft/models/block/red_sandstone_outer_stairs.json
Copying assets/minecraft/models/block/red_sandstone_smooth.json
Copying assets/minecraft/models/block/red_sandstone_stairs.json
Copying assets/minecraft/models/block/red_tulip.json
Copying assets/minecraft/models/block/red_wool.json
Copying assets/minecraft/models/block/reeds.json
Copying assets/minecraft/models/block/repeater_1tick.json
Copying assets/minecraft/models/block/repeater_2tick.json
Copying assets/minecraft/models/block/repeater_3tick.json
Copying assets/minecraft/models/block/repeater_4tick.json
Copying assets/minecraft/models/block/repeater_locked_1tick.json
Copying assets/minecraft/models/block/repeater_locked_2tick.json
Copying assets/minecraft/models/block/repeater_locked_3tick.json
Copying assets/minecraft/models/block/repeater_locked_4tick.json
Copying assets/minecraft/models/block/repeater_on_1tick.json
Copying assets/minecraft/models/block/repeater_on_2tick.json
Copying assets/minecraft/models/block/repeater_on_3tick.json
Copying assets/minecraft/models/block/repeater_on_4tick.json
Copying assets/minecraft/models/block/repeater_on_locked_1tick.json
Copying assets/minecraft/models/block/repeater_on_locked_2tick.json
Copying assets/minecraft/models/block/repeater_on_locked_3tick.json
Copying assets/minecraft/models/block/repeater_on_locked_4tick.json
Copying assets/minecraft/models/block/sand.json
Copying assets/minecraft/models/block/sandstone_all.json
Copying assets/minecraft/models/block/sandstone_chiseled.json
Copying assets/minecraft/models/block/sandstone_inner_stairs.json
Copying assets/minecraft/models/block/sandstone_normal.json
Copying assets/minecraft/models/block/sandstone_outer_stairs.json
Copying assets/minecraft/models/block/sandstone_smooth.json
Copying assets/minecraft/models/block/sandstone_stairs.json
Copying assets/minecraft/models/block/sea_lantern.json
Copying assets/minecraft/models/block/silver_pane_n.json
Copying assets/minecraft/models/block/silver_pane_ne.json
Copying assets/minecraft/models/block/silver_pane_new.json
Copying assets/minecraft/models/block/silver_pane_ns.json
Copying assets/minecraft/models/block/silver_pane_nse.json
Copying assets/minecraft/models/block/silver_pane_nsew.json
Copying assets/minecraft/models/block/silver_pane_nsw.json
Copying assets/minecraft/models/block/silver_pane_nw.json
Copying assets/minecraft/models/block/silver_pane_s.json
Copying assets/minecraft/models/block/silver_pane_se.json
Copying assets/minecraft/models/block/silver_pane_sew.json
Copying assets/minecraft/models/block/silver_pane_sw.json
Copying assets/minecraft/models/block/silver_wool.json
Copying assets/minecraft/models/block/slime.json
Copying assets/minecraft/models/block/snow.json
Copying assets/minecraft/models/block/snow_height10.json
Copying assets/minecraft/models/block/snow_height12.json
Copying assets/minecraft/models/block/snow_height14.json
Copying assets/minecraft/models/block/snow_height2.json
Copying assets/minecraft/models/block/snow_height4.json
Copying assets/minecraft/models/block/snow_height6.json
Copying assets/minecraft/models/block/snow_height8.json
Copying assets/minecraft/models/block/soul_sand.json
Copying assets/minecraft/models/block/sponge.json
Copying assets/minecraft/models/block/sponge_wet.json
Copying assets/minecraft/models/block/spruce_bark.json
Copying assets/minecraft/models/block/spruce_door_bottom.json
Copying assets/minecraft/models/block/spruce_door_bottom_rh.json
Copying assets/minecraft/models/block/spruce_door_top.json
Copying assets/minecraft/models/block/spruce_door_top_rh.json
Copying assets/minecraft/models/block/spruce_fence_gate_closed.json
Copying assets/minecraft/models/block/spruce_fence_gate_open.json
Copying assets/minecraft/models/block/spruce_fence_inventory.json
Copying assets/minecraft/models/block/spruce_fence_n.json
Copying assets/minecraft/models/block/spruce_fence_ne.json
Copying assets/minecraft/models/block/spruce_fence_ns.json
Copying assets/minecraft/models/block/spruce_fence_nse.json
Copying assets/minecraft/models/block/spruce_fence_nsew.json
Copying assets/minecraft/models/block/spruce_fence_post.json
Copying assets/minecraft/models/block/spruce_inner_stairs.json
Copying assets/minecraft/models/block/spruce_leaves.json
Copying assets/minecraft/models/block/spruce_log.json
Copying assets/minecraft/models/block/spruce_log_side.json
Copying assets/minecraft/models/block/spruce_outer_stairs.json
Copying assets/minecraft/models/block/spruce_planks.json
Copying assets/minecraft/models/block/spruce_sapling.json
Copying assets/minecraft/models/block/spruce_stairs.json
Copying assets/minecraft/models/block/spruce_wall_gate_closed.json
Copying assets/minecraft/models/block/spruce_wall_gate_open.json
Copying assets/minecraft/models/block/stairs.json
Copying assets/minecraft/models/block/stem_fruit.json
Copying assets/minecraft/models/block/stem_growth0.json
Copying assets/minecraft/models/block/stem_growth1.json
Copying assets/minecraft/models/block/stem_growth2.json
Copying assets/minecraft/models/block/stem_growth3.json
Copying assets/minecraft/models/block/stem_growth4.json
Copying assets/minecraft/models/block/stem_growth5.json
Copying assets/minecraft/models/block/stem_growth6.json
Copying assets/minecraft/models/block/stem_growth7.json
Copying assets/minecraft/models/block/sticky_piston.json
Copying assets/minecraft/models/block/stone.json
Copying assets/minecraft/models/block/stonebrick_chiseled.json
Copying assets/minecraft/models/block/stonebrick_cracked.json
Copying assets/minecraft/models/block/stonebrick_mossy.json
Copying assets/minecraft/models/block/stonebrick_normal.json
Copying assets/minecraft/models/block/stone_brick_inner_stairs.json
Copying assets/minecraft/models/block/stone_brick_outer_stairs.json
Copying assets/minecraft/models/block/stone_brick_stairs.json
Copying assets/minecraft/models/block/stone_button.json
Copying assets/minecraft/models/block/stone_button_inventory.json
Copying assets/minecraft/models/block/stone_button_pressed.json
Copying assets/minecraft/models/block/stone_inner_stairs.json
Copying assets/minecraft/models/block/stone_mirrored.json
Copying assets/minecraft/models/block/stone_outer_stairs.json
Copying assets/minecraft/models/block/stone_pressure_plate_down.json
Copying assets/minecraft/models/block/stone_pressure_plate_inventory.json
Copying assets/minecraft/models/block/stone_pressure_plate_up.json
Copying assets/minecraft/models/block/stone_stairs.json
Copying assets/minecraft/models/block/tallgrass.json
Copying assets/minecraft/models/block/tall_grass.json
Copying assets/minecraft/models/block/tnt.json
Copying assets/minecraft/models/block/torch.json
Copying assets/minecraft/models/block/torch_wall.json
Copying assets/minecraft/models/block/trapdoor_bottom.json
Copying assets/minecraft/models/block/trapdoor_open.json
Copying assets/minecraft/models/block/trapdoor_top.json
Copying assets/minecraft/models/block/tripwire_attached_n.json
Copying assets/minecraft/models/block/tripwire_attached_ne.json
Copying assets/minecraft/models/block/tripwire_attached_ns.json
Copying assets/minecraft/models/block/tripwire_attached_nse.json
Copying assets/minecraft/models/block/tripwire_attached_nsew.json
Copying assets/minecraft/models/block/tripwire_attached_suspended_n.json
Copying assets/minecraft/models/block/tripwire_attached_suspended_ne.json
Copying assets/minecraft/models/block/tripwire_attached_suspended_ns.json
Copying assets/minecraft/models/block/tripwire_attached_suspended_nse.json
Copying assets/minecraft/models/block/tripwire_attached_suspended_nsew.json
Copying assets/minecraft/models/block/tripwire_hook.json
Copying assets/minecraft/models/block/tripwire_hook_attached.json
Copying assets/minecraft/models/block/tripwire_hook_attached_powered.json
Copying assets/minecraft/models/block/tripwire_hook_attached_suspended.json
Copying assets/minecraft/models/block/tripwire_hook_attached_suspended_powered.json
Copying assets/minecraft/models/block/tripwire_hook_powered.json
Copying assets/minecraft/models/block/tripwire_n.json
Copying assets/minecraft/models/block/tripwire_ne.json
Copying assets/minecraft/models/block/tripwire_ns.json
Copying assets/minecraft/models/block/tripwire_nse.json
Copying assets/minecraft/models/block/tripwire_nsew.json
Copying assets/minecraft/models/block/tripwire_suspended_n.json
Copying assets/minecraft/models/block/tripwire_suspended_ne.json
Copying assets/minecraft/models/block/tripwire_suspended_ns.json
Copying assets/minecraft/models/block/tripwire_suspended_nse.json
Copying assets/minecraft/models/block/tripwire_suspended_nsew.json
Copying assets/minecraft/models/block/unlit_redstone_lamp.json
Copying assets/minecraft/models/block/unlit_redstone_torch.json
Copying assets/minecraft/models/block/unlit_redstone_torch_wall.json
Copying assets/minecraft/models/block/upper_slab.json
Copying assets/minecraft/models/block/upper_slab_acacia.json
Copying assets/minecraft/models/block/upper_slab_birch.json
Copying assets/minecraft/models/block/upper_slab_brick.json
Copying assets/minecraft/models/block/upper_slab_cobblestone.json
Copying assets/minecraft/models/block/upper_slab_dark_oak.json
Copying assets/minecraft/models/block/upper_slab_jungle.json
Copying assets/minecraft/models/block/upper_slab_nether_brick.json
Copying assets/minecraft/models/block/upper_slab_oak.json
Copying assets/minecraft/models/block/upper_slab_quartz.json
Copying assets/minecraft/models/block/upper_slab_red_sandstone.json
Copying assets/minecraft/models/block/upper_slab_sandstone.json
Copying assets/minecraft/models/block/upper_slab_spruce.json
Copying assets/minecraft/models/block/upper_slab_stone.json
Copying assets/minecraft/models/block/upper_slab_stone_brick.json
Copying assets/minecraft/models/block/vine_1.json
Copying assets/minecraft/models/block/vine_1u.json
Copying assets/minecraft/models/block/vine_2.json
Copying assets/minecraft/models/block/vine_2u.json
Copying assets/minecraft/models/block/vine_2u_opposite.json
Copying assets/minecraft/models/block/vine_2_opposite.json
Copying assets/minecraft/models/block/vine_3.json
Copying assets/minecraft/models/block/vine_3u.json
Copying assets/minecraft/models/block/vine_4.json
Copying assets/minecraft/models/block/vine_4u.json
Copying assets/minecraft/models/block/vine_u.json
Copying assets/minecraft/models/block/wall_gate_closed.json
Copying assets/minecraft/models/block/wall_gate_open.json
Copying assets/minecraft/models/block/wall_inventory.json
Copying assets/minecraft/models/block/wall_n.json
Copying assets/minecraft/models/block/wall_ne.json
Copying assets/minecraft/models/block/wall_ns.json
Copying assets/minecraft/models/block/wall_nse.json
Copying assets/minecraft/models/block/wall_nsew.json
Copying assets/minecraft/models/block/wall_ns_above.json
Copying assets/minecraft/models/block/wall_post.json
Copying assets/minecraft/models/block/waterlily.json
Copying assets/minecraft/models/block/web.json
Copying assets/minecraft/models/block/wheat_stage0.json
Copying assets/minecraft/models/block/wheat_stage1.json
Copying assets/minecraft/models/block/wheat_stage2.json
Copying assets/minecraft/models/block/wheat_stage3.json
Copying assets/minecraft/models/block/wheat_stage4.json
Copying assets/minecraft/models/block/wheat_stage5.json
Copying assets/minecraft/models/block/wheat_stage6.json
Copying assets/minecraft/models/block/wheat_stage7.json
Copying assets/minecraft/models/block/white_pane_n.json
Copying assets/minecraft/models/block/white_pane_ne.json
Copying assets/minecraft/models/block/white_pane_new.json
Copying assets/minecraft/models/block/white_pane_ns.json
Copying assets/minecraft/models/block/white_pane_nse.json
Copying assets/minecraft/models/block/white_pane_nsew.json
Copying assets/minecraft/models/block/white_pane_nsw.json
Copying assets/minecraft/models/block/white_pane_nw.json
Copying assets/minecraft/models/block/white_pane_s.json
Copying assets/minecraft/models/block/white_pane_se.json
Copying assets/minecraft/models/block/white_pane_sew.json
Copying assets/minecraft/models/block/white_pane_sw.json
Copying assets/minecraft/models/block/white_tulip.json
Copying assets/minecraft/models/block/white_wool.json
Copying assets/minecraft/models/block/wooden_button.json
Copying assets/minecraft/models/block/wooden_button_inventory.json
Copying assets/minecraft/models/block/wooden_button_pressed.json
Copying assets/minecraft/models/block/wooden_door_bottom.json
Copying assets/minecraft/models/block/wooden_door_bottom_rh.json
Copying assets/minecraft/models/block/wooden_door_top.json
Copying assets/minecraft/models/block/wooden_door_top_rh.json
Copying assets/minecraft/models/block/wooden_pressure_plate_down.json
Copying assets/minecraft/models/block/wooden_pressure_plate_inventory.json
Copying assets/minecraft/models/block/wooden_pressure_plate_up.json
Copying assets/minecraft/models/block/wooden_trapdoor_bottom.json
Copying assets/minecraft/models/block/wooden_trapdoor_open.json
Copying assets/minecraft/models/block/wooden_trapdoor_top.json
Copying assets/minecraft/models/block/yellow_pane_n.json
Copying assets/minecraft/models/block/yellow_pane_ne.json
Copying assets/minecraft/models/block/yellow_pane_new.json
Copying assets/minecraft/models/block/yellow_pane_ns.json
Copying assets/minecraft/models/block/yellow_pane_nse.json
Copying assets/minecraft/models/block/yellow_pane_nsew.json
Copying assets/minecraft/models/block/yellow_pane_nsw.json
Copying assets/minecraft/models/block/yellow_pane_nw.json
Copying assets/minecraft/models/block/yellow_pane_s.json
Copying assets/minecraft/models/block/yellow_pane_se.json
Copying assets/minecraft/models/block/yellow_pane_sew.json
Copying assets/minecraft/models/block/yellow_pane_sw.json
Copying assets/minecraft/models/block/yellow_wool.json
Copying assets/minecraft/models/item/acacia_door.json
Copying assets/minecraft/models/item/acacia_fence.json
Copying assets/minecraft/models/item/acacia_fence_gate.json
Copying assets/minecraft/models/item/acacia_leaves.json
Copying assets/minecraft/models/item/acacia_log.json
Copying assets/minecraft/models/item/acacia_planks.json
Copying assets/minecraft/models/item/acacia_sapling.json
Copying assets/minecraft/models/item/acacia_slab.json
Copying assets/minecraft/models/item/acacia_stairs.json
Copying assets/minecraft/models/item/activator_rail.json
Copying assets/minecraft/models/item/allium.json
Copying assets/minecraft/models/item/andesite.json
Copying assets/minecraft/models/item/andesite_smooth.json
Copying assets/minecraft/models/item/anvil_intact.json
Copying assets/minecraft/models/item/anvil_slightly_damaged.json
Copying assets/minecraft/models/item/anvil_very_damaged.json
Copying assets/minecraft/models/item/apple.json
Copying assets/minecraft/models/item/armor_stand.json
Copying assets/minecraft/models/item/arrow.json
Copying assets/minecraft/models/item/baked_potato.json
Copying assets/minecraft/models/item/banner.json
Copying assets/minecraft/models/item/barrier.json
Copying assets/minecraft/models/item/beacon.json
Copying assets/minecraft/models/item/bed.json
Copying assets/minecraft/models/item/bedrock.json
Copying assets/minecraft/models/item/beef.json
Copying assets/minecraft/models/item/birch_door.json
Copying assets/minecraft/models/item/birch_fence.json
Copying assets/minecraft/models/item/birch_fence_gate.json
Copying assets/minecraft/models/item/birch_leaves.json
Copying assets/minecraft/models/item/birch_log.json
Copying assets/minecraft/models/item/birch_planks.json
Copying assets/minecraft/models/item/birch_sapling.json
Copying assets/minecraft/models/item/birch_slab.json
Copying assets/minecraft/models/item/birch_stairs.json
Copying assets/minecraft/models/item/black_carpet.json
Copying assets/minecraft/models/item/black_stained_glass.json
Copying assets/minecraft/models/item/black_stained_glass_pane.json
Copying assets/minecraft/models/item/black_stained_hardened_clay.json
Copying assets/minecraft/models/item/black_wool.json
Copying assets/minecraft/models/item/blaze_powder.json
Copying assets/minecraft/models/item/blaze_rod.json
Copying assets/minecraft/models/item/blue_carpet.json
Copying assets/minecraft/models/item/blue_orchid.json
Copying assets/minecraft/models/item/blue_stained_glass.json
Copying assets/minecraft/models/item/blue_stained_glass_pane.json
Copying assets/minecraft/models/item/blue_stained_hardened_clay.json
Copying assets/minecraft/models/item/blue_wool.json
Copying assets/minecraft/models/item/boat.json
Copying assets/minecraft/models/item/bone.json
Copying assets/minecraft/models/item/book.json
Copying assets/minecraft/models/item/bookshelf.json
Copying assets/minecraft/models/item/bottle_drinkable.json
Copying assets/minecraft/models/item/bottle_splash.json
Copying assets/minecraft/models/item/bow.json
Copying assets/minecraft/models/item/bowl.json
Copying assets/minecraft/models/item/bow_pulling_0.json
Copying assets/minecraft/models/item/bow_pulling_1.json
Copying assets/minecraft/models/item/bow_pulling_2.json
Copying assets/minecraft/models/item/bread.json
Copying assets/minecraft/models/item/brewing_stand.json
Copying assets/minecraft/models/item/brick.json
Copying assets/minecraft/models/item/brick_block.json
Copying assets/minecraft/models/item/brick_slab.json
Copying assets/minecraft/models/item/brick_stairs.json
Copying assets/minecraft/models/item/brown_carpet.json
Copying assets/minecraft/models/item/brown_mushroom.json
Copying assets/minecraft/models/item/brown_mushroom_block.json
Copying assets/minecraft/models/item/brown_stained_glass.json
Copying assets/minecraft/models/item/brown_stained_glass_pane.json
Copying assets/minecraft/models/item/brown_stained_hardened_clay.json
Copying assets/minecraft/models/item/brown_wool.json
Copying assets/minecraft/models/item/bucket.json
Copying assets/minecraft/models/item/cactus.json
Copying assets/minecraft/models/item/cake.json
Copying assets/minecraft/models/item/carrot.json
Copying assets/minecraft/models/item/carrot_on_a_stick.json
Copying assets/minecraft/models/item/cauldron.json
Copying assets/minecraft/models/item/chainmail_boots.json
Copying assets/minecraft/models/item/chainmail_chestplate.json
Copying assets/minecraft/models/item/chainmail_helmet.json
Copying assets/minecraft/models/item/chainmail_leggings.json
Copying assets/minecraft/models/item/charcoal.json
Copying assets/minecraft/models/item/chest.json
Copying assets/minecraft/models/item/chest_minecart.json
Copying assets/minecraft/models/item/chicken.json
Copying assets/minecraft/models/item/chiseled_brick_monster_egg.json
Copying assets/minecraft/models/item/chiseled_quartz_block.json
Copying assets/minecraft/models/item/chiseled_red_sandstone.json
Copying assets/minecraft/models/item/chiseled_sandstone.json
Copying assets/minecraft/models/item/chiseled_stonebrick.json
Copying assets/minecraft/models/item/clay.json
Copying assets/minecraft/models/item/clay_ball.json
Copying assets/minecraft/models/item/clock.json
Copying assets/minecraft/models/item/clownfish.json
Copying assets/minecraft/models/item/coal.json
Copying assets/minecraft/models/item/coal_block.json
Copying assets/minecraft/models/item/coal_ore.json
Copying assets/minecraft/models/item/coarse_dirt.json
Copying assets/minecraft/models/item/cobblestone.json
Copying assets/minecraft/models/item/cobblestone_monster_egg.json
Copying assets/minecraft/models/item/cobblestone_slab.json
Copying assets/minecraft/models/item/cobblestone_wall.json
Copying assets/minecraft/models/item/cod.json
Copying assets/minecraft/models/item/command_block.json
Copying assets/minecraft/models/item/command_block_minecart.json
Copying assets/minecraft/models/item/comparator.json
Copying assets/minecraft/models/item/compass.json
Copying assets/minecraft/models/item/cooked_beef.json
Copying assets/minecraft/models/item/cooked_chicken.json
Copying assets/minecraft/models/item/cooked_cod.json
Copying assets/minecraft/models/item/cooked_mutton.json
Copying assets/minecraft/models/item/cooked_porkchop.json
Copying assets/minecraft/models/item/cooked_rabbit.json
Copying assets/minecraft/models/item/cooked_salmon.json
Copying assets/minecraft/models/item/cookie.json
Copying assets/minecraft/models/item/cracked_brick_monster_egg.json
Copying assets/minecraft/models/item/cracked_stonebrick.json
Copying assets/minecraft/models/item/crafting_table.json
Copying assets/minecraft/models/item/cyan_carpet.json
Copying assets/minecraft/models/item/cyan_stained_glass.json
Copying assets/minecraft/models/item/cyan_stained_glass_pane.json
Copying assets/minecraft/models/item/cyan_stained_hardened_clay.json
Copying assets/minecraft/models/item/cyan_wool.json
Copying assets/minecraft/models/item/dandelion.json
Copying assets/minecraft/models/item/dark_oak_door.json
Copying assets/minecraft/models/item/dark_oak_fence.json
Copying assets/minecraft/models/item/dark_oak_fence_gate.json
Copying assets/minecraft/models/item/dark_oak_leaves.json
Copying assets/minecraft/models/item/dark_oak_log.json
Copying assets/minecraft/models/item/dark_oak_planks.json
Copying assets/minecraft/models/item/dark_oak_sapling.json
Copying assets/minecraft/models/item/dark_oak_slab.json
Copying assets/minecraft/models/item/dark_oak_stairs.json
Copying assets/minecraft/models/item/dark_prismarine.json
Copying assets/minecraft/models/item/daylight_detector.json
Copying assets/minecraft/models/item/dead_bush.json
Copying assets/minecraft/models/item/detector_rail.json
Copying assets/minecraft/models/item/diamond.json
Copying assets/minecraft/models/item/diamond_axe.json
Copying assets/minecraft/models/item/diamond_block.json
Copying assets/minecraft/models/item/diamond_boots.json
Copying assets/minecraft/models/item/diamond_chestplate.json
Copying assets/minecraft/models/item/diamond_helmet.json
Copying assets/minecraft/models/item/diamond_hoe.json
Copying assets/minecraft/models/item/diamond_horse_armor.json
Copying assets/minecraft/models/item/diamond_leggings.json
Copying assets/minecraft/models/item/diamond_ore.json
Copying assets/minecraft/models/item/diamond_pickaxe.json
Copying assets/minecraft/models/item/diamond_shovel.json
Copying assets/minecraft/models/item/diamond_sword.json
Copying assets/minecraft/models/item/diorite.json
Copying assets/minecraft/models/item/diorite_smooth.json
Copying assets/minecraft/models/item/dirt.json
Copying assets/minecraft/models/item/dispenser.json
Copying assets/minecraft/models/item/double_fern.json
Copying assets/minecraft/models/item/double_grass.json
Copying assets/minecraft/models/item/double_rose.json
Copying assets/minecraft/models/item/dragon_egg.json
Copying assets/minecraft/models/item/dropper.json
Copying assets/minecraft/models/item/dye_black.json
Copying assets/minecraft/models/item/dye_blue.json
Copying assets/minecraft/models/item/dye_brown.json
Copying assets/minecraft/models/item/dye_cyan.json
Copying assets/minecraft/models/item/dye_gray.json
Copying assets/minecraft/models/item/dye_green.json
Copying assets/minecraft/models/item/dye_light_blue.json
Copying assets/minecraft/models/item/dye_lime.json
Copying assets/minecraft/models/item/dye_magenta.json
Copying assets/minecraft/models/item/dye_orange.json
Copying assets/minecraft/models/item/dye_pink.json
Copying assets/minecraft/models/item/dye_purple.json
Copying assets/minecraft/models/item/dye_red.json
Copying assets/minecraft/models/item/dye_silver.json
Copying assets/minecraft/models/item/dye_white.json
Copying assets/minecraft/models/item/dye_yellow.json
Copying assets/minecraft/models/item/egg.json
Copying assets/minecraft/models/item/emerald.json
Copying assets/minecraft/models/item/emerald_block.json
Copying assets/minecraft/models/item/emerald_ore.json
Copying assets/minecraft/models/item/enchanted_book.json
Copying assets/minecraft/models/item/enchanting_table.json
Copying assets/minecraft/models/item/ender_chest.json
Copying assets/minecraft/models/item/ender_eye.json
Copying assets/minecraft/models/item/ender_pearl.json
Copying assets/minecraft/models/item/end_portal_frame.json
Copying assets/minecraft/models/item/end_stone.json
Copying assets/minecraft/models/item/experience_bottle.json
Copying assets/minecraft/models/item/farmland.json
Copying assets/minecraft/models/item/feather.json
Copying assets/minecraft/models/item/fermented_spider_eye.json
Copying assets/minecraft/models/item/fern.json
Copying assets/minecraft/models/item/filled_map.json
Copying assets/minecraft/models/item/fireworks.json
Copying assets/minecraft/models/item/firework_charge.json
Copying assets/minecraft/models/item/fire_charge.json
Copying assets/minecraft/models/item/fishing_rod.json
Copying assets/minecraft/models/item/fishing_rod_cast.json
Copying assets/minecraft/models/item/flint.json
Copying assets/minecraft/models/item/flint_and_steel.json
Copying assets/minecraft/models/item/flower_pot.json
Copying assets/minecraft/models/item/furnace.json
Copying assets/minecraft/models/item/furnace_minecart.json
Copying assets/minecraft/models/item/ghast_tear.json
Copying assets/minecraft/models/item/glass.json
Copying assets/minecraft/models/item/glass_bottle.json
Copying assets/minecraft/models/item/glass_pane.json
Copying assets/minecraft/models/item/glowstone.json
Copying assets/minecraft/models/item/glowstone_dust.json
Copying assets/minecraft/models/item/golden_apple.json
Copying assets/minecraft/models/item/golden_axe.json
Copying assets/minecraft/models/item/golden_boots.json
Copying assets/minecraft/models/item/golden_carrot.json
Copying assets/minecraft/models/item/golden_chestplate.json
Copying assets/minecraft/models/item/golden_helmet.json
Copying assets/minecraft/models/item/golden_hoe.json
Copying assets/minecraft/models/item/golden_horse_armor.json
Copying assets/minecraft/models/item/golden_leggings.json
Copying assets/minecraft/models/item/golden_pickaxe.json
Copying assets/minecraft/models/item/golden_rail.json
Copying assets/minecraft/models/item/golden_shovel.json
Copying assets/minecraft/models/item/golden_sword.json
Copying assets/minecraft/models/item/gold_block.json
Copying assets/minecraft/models/item/gold_ingot.json
Copying assets/minecraft/models/item/gold_nugget.json
Copying assets/minecraft/models/item/gold_ore.json
Copying assets/minecraft/models/item/granite.json
Copying assets/minecraft/models/item/granite_smooth.json
Copying assets/minecraft/models/item/grass.json
Copying assets/minecraft/models/item/gravel.json
Copying assets/minecraft/models/item/gray_carpet.json
Copying assets/minecraft/models/item/gray_stained_glass.json
Copying assets/minecraft/models/item/gray_stained_glass_pane.json
Copying assets/minecraft/models/item/gray_stained_hardened_clay.json
Copying assets/minecraft/models/item/gray_wool.json
Copying assets/minecraft/models/item/green_carpet.json
Copying assets/minecraft/models/item/green_stained_glass.json
Copying assets/minecraft/models/item/green_stained_glass_pane.json
Copying assets/minecraft/models/item/green_stained_hardened_clay.json
Copying assets/minecraft/models/item/green_wool.json
Copying assets/minecraft/models/item/gunpowder.json
Copying assets/minecraft/models/item/hardened_clay.json
Copying assets/minecraft/models/item/hay_block.json
Copying assets/minecraft/models/item/heavy_weighted_pressure_plate.json
Copying assets/minecraft/models/item/hopper.json
Copying assets/minecraft/models/item/hopper_minecart.json
Copying assets/minecraft/models/item/houstonia.json
Copying assets/minecraft/models/item/ice.json
Copying assets/minecraft/models/item/iron_axe.json
Copying assets/minecraft/models/item/iron_bars.json
Copying assets/minecraft/models/item/iron_block.json
Copying assets/minecraft/models/item/iron_boots.json
Copying assets/minecraft/models/item/iron_chestplate.json
Copying assets/minecraft/models/item/iron_door.json
Copying assets/minecraft/models/item/iron_helmet.json
Copying assets/minecraft/models/item/iron_hoe.json
Copying assets/minecraft/models/item/iron_horse_armor.json
Copying assets/minecraft/models/item/iron_ingot.json
Copying assets/minecraft/models/item/iron_leggings.json
Copying assets/minecraft/models/item/iron_ore.json
Copying assets/minecraft/models/item/iron_pickaxe.json
Copying assets/minecraft/models/item/iron_shovel.json
Copying assets/minecraft/models/item/iron_sword.json
Copying assets/minecraft/models/item/iron_trapdoor.json
Copying assets/minecraft/models/item/item_frame.json
Copying assets/minecraft/models/item/jukebox.json
Copying assets/minecraft/models/item/jungle_door.json
Copying assets/minecraft/models/item/jungle_fence.json
Copying assets/minecraft/models/item/jungle_fence_gate.json
Copying assets/minecraft/models/item/jungle_leaves.json
Copying assets/minecraft/models/item/jungle_log.json
Copying assets/minecraft/models/item/jungle_planks.json
Copying assets/minecraft/models/item/jungle_sapling.json
Copying assets/minecraft/models/item/jungle_slab.json
Copying assets/minecraft/models/item/jungle_stairs.json
Copying assets/minecraft/models/item/ladder.json
Copying assets/minecraft/models/item/lapis_block.json
Copying assets/minecraft/models/item/lapis_ore.json
Copying assets/minecraft/models/item/lava_bucket.json
Copying assets/minecraft/models/item/lead.json
Copying assets/minecraft/models/item/leather.json
Copying assets/minecraft/models/item/leather_boots.json
Copying assets/minecraft/models/item/leather_chestplate.json
Copying assets/minecraft/models/item/leather_helmet.json
Copying assets/minecraft/models/item/leather_leggings.json
Copying assets/minecraft/models/item/lever.json
Copying assets/minecraft/models/item/light_blue_carpet.json
Copying assets/minecraft/models/item/light_blue_stained_glass.json
Copying assets/minecraft/models/item/light_blue_stained_glass_pane.json
Copying assets/minecraft/models/item/light_blue_stained_hardened_clay.json
Copying assets/minecraft/models/item/light_blue_wool.json
Copying assets/minecraft/models/item/light_weighted_pressure_plate.json
Copying assets/minecraft/models/item/lime_carpet.json
Copying assets/minecraft/models/item/lime_stained_glass.json
Copying assets/minecraft/models/item/lime_stained_glass_pane.json
Copying assets/minecraft/models/item/lime_stained_hardened_clay.json
Copying assets/minecraft/models/item/lime_wool.json
Copying assets/minecraft/models/item/lit_furnace.json
Copying assets/minecraft/models/item/lit_pumpkin.json
Copying assets/minecraft/models/item/magenta_carpet.json
Copying assets/minecraft/models/item/magenta_stained_glass.json
Copying assets/minecraft/models/item/magenta_stained_glass_pane.json
Copying assets/minecraft/models/item/magenta_stained_hardened_clay.json
Copying assets/minecraft/models/item/magenta_wool.json
Copying assets/minecraft/models/item/magma_cream.json
Copying assets/minecraft/models/item/map.json
Copying assets/minecraft/models/item/melon.json
Copying assets/minecraft/models/item/melon_block.json
Copying assets/minecraft/models/item/melon_seeds.json
Copying assets/minecraft/models/item/milk_bucket.json
Copying assets/minecraft/models/item/minecart.json
Copying assets/minecraft/models/item/mob_spawner.json
Copying assets/minecraft/models/item/mossy_brick_monster_egg.json
Copying assets/minecraft/models/item/mossy_cobblestone.json
Copying assets/minecraft/models/item/mossy_cobblestone_wall.json
Copying assets/minecraft/models/item/mossy_stonebrick.json
Copying assets/minecraft/models/item/mushroom_stew.json
Copying assets/minecraft/models/item/mutton.json
Copying assets/minecraft/models/item/mycelium.json
Copying assets/minecraft/models/item/name_tag.json
Copying assets/minecraft/models/item/netherbrick.json
Copying assets/minecraft/models/item/netherrack.json
Copying assets/minecraft/models/item/nether_brick.json
Copying assets/minecraft/models/item/nether_brick_fence.json
Copying assets/minecraft/models/item/nether_brick_slab.json
Copying assets/minecraft/models/item/nether_brick_stairs.json
Copying assets/minecraft/models/item/nether_star.json
Copying assets/minecraft/models/item/nether_wart.json
Copying assets/minecraft/models/item/noteblock.json
Copying assets/minecraft/models/item/oak_door.json
Copying assets/minecraft/models/item/oak_fence.json
Copying assets/minecraft/models/item/oak_fence_gate.json
Copying assets/minecraft/models/item/oak_leaves.json
Copying assets/minecraft/models/item/oak_log.json
Copying assets/minecraft/models/item/oak_planks.json
Copying assets/minecraft/models/item/oak_sapling.json
Copying assets/minecraft/models/item/oak_slab.json
Copying assets/minecraft/models/item/oak_stairs.json
Copying assets/minecraft/models/item/obsidian.json
Copying assets/minecraft/models/item/old_wood_slab.json
Copying assets/minecraft/models/item/orange_carpet.json
Copying assets/minecraft/models/item/orange_stained_glass.json
Copying assets/minecraft/models/item/orange_stained_glass_pane.json
Copying assets/minecraft/models/item/orange_stained_hardened_clay.json
Copying assets/minecraft/models/item/orange_tulip.json
Copying assets/minecraft/models/item/orange_wool.json
Copying assets/minecraft/models/item/oxeye_daisy.json
Copying assets/minecraft/models/item/packed_ice.json
Copying assets/minecraft/models/item/paeonia.json
Copying assets/minecraft/models/item/painting.json
Copying assets/minecraft/models/item/paper.json
Copying assets/minecraft/models/item/pink_carpet.json
Copying assets/minecraft/models/item/pink_stained_glass.json
Copying assets/minecraft/models/item/pink_stained_glass_pane.json
Copying assets/minecraft/models/item/pink_stained_hardened_clay.json
Copying assets/minecraft/models/item/pink_tulip.json
Copying assets/minecraft/models/item/pink_wool.json
Copying assets/minecraft/models/item/piston.json
Copying assets/minecraft/models/item/podzol.json
Copying assets/minecraft/models/item/poisonous_potato.json
Copying assets/minecraft/models/item/poppy.json
Copying assets/minecraft/models/item/porkchop.json
Copying assets/minecraft/models/item/potato.json
Copying assets/minecraft/models/item/prismarine.json
Copying assets/minecraft/models/item/prismarine_bricks.json
Copying assets/minecraft/models/item/prismarine_crystals.json
Copying assets/minecraft/models/item/prismarine_shard.json
Copying assets/minecraft/models/item/pufferfish.json
Copying assets/minecraft/models/item/pumpkin.json
Copying assets/minecraft/models/item/pumpkin_pie.json
Copying assets/minecraft/models/item/pumpkin_seeds.json
Copying assets/minecraft/models/item/purple_carpet.json
Copying assets/minecraft/models/item/purple_stained_glass.json
Copying assets/minecraft/models/item/purple_stained_glass_pane.json
Copying assets/minecraft/models/item/purple_stained_hardened_clay.json
Copying assets/minecraft/models/item/purple_wool.json
Copying assets/minecraft/models/item/quartz.json
Copying assets/minecraft/models/item/quartz_block.json
Copying assets/minecraft/models/item/quartz_column.json
Copying assets/minecraft/models/item/quartz_ore.json
Copying assets/minecraft/models/item/quartz_slab.json
Copying assets/minecraft/models/item/quartz_stairs.json
Copying assets/minecraft/models/item/rabbit.json
Copying assets/minecraft/models/item/rabbit_foot.json
Copying assets/minecraft/models/item/rabbit_hide.json
Copying assets/minecraft/models/item/rabbit_stew.json
Copying assets/minecraft/models/item/rail.json
Copying assets/minecraft/models/item/record_11.json
Copying assets/minecraft/models/item/record_13.json
Copying assets/minecraft/models/item/record_blocks.json
Copying assets/minecraft/models/item/record_cat.json
Copying assets/minecraft/models/item/record_chirp.json
Copying assets/minecraft/models/item/record_far.json
Copying assets/minecraft/models/item/record_mall.json
Copying assets/minecraft/models/item/record_mellohi.json
Copying assets/minecraft/models/item/record_stal.json
Copying assets/minecraft/models/item/record_strad.json
Copying assets/minecraft/models/item/record_wait.json
Copying assets/minecraft/models/item/record_ward.json
Copying assets/minecraft/models/item/redstone.json
Copying assets/minecraft/models/item/redstone_block.json
Copying assets/minecraft/models/item/redstone_lamp.json
Copying assets/minecraft/models/item/redstone_ore.json
Copying assets/minecraft/models/item/redstone_torch.json
Copying assets/minecraft/models/item/red_carpet.json
Copying assets/minecraft/models/item/red_mushroom.json
Copying assets/minecraft/models/item/red_mushroom_block.json
Copying assets/minecraft/models/item/red_sand.json
Copying assets/minecraft/models/item/red_sandstone.json
Copying assets/minecraft/models/item/red_sandstone_slab.json
Copying assets/minecraft/models/item/red_sandstone_stairs.json
Copying assets/minecraft/models/item/red_stained_glass.json
Copying assets/minecraft/models/item/red_stained_glass_pane.json
Copying assets/minecraft/models/item/red_stained_hardened_clay.json
Copying assets/minecraft/models/item/red_tulip.json
Copying assets/minecraft/models/item/red_wool.json
Copying assets/minecraft/models/item/reeds.json
Copying assets/minecraft/models/item/repeater.json
Copying assets/minecraft/models/item/rotten_flesh.json
Copying assets/minecraft/models/item/saddle.json
Copying assets/minecraft/models/item/salmon.json
Copying assets/minecraft/models/item/sand.json
Copying assets/minecraft/models/item/sandstone.json
Copying assets/minecraft/models/item/sandstone_slab.json
Copying assets/minecraft/models/item/sandstone_stairs.json
Copying assets/minecraft/models/item/sea_lantern.json
Copying assets/minecraft/models/item/shears.json
Copying assets/minecraft/models/item/sign.json
Copying assets/minecraft/models/item/silver_carpet.json
Copying assets/minecraft/models/item/silver_stained_glass.json
Copying assets/minecraft/models/item/silver_stained_glass_pane.json
Copying assets/minecraft/models/item/silver_stained_hardened_clay.json
Copying assets/minecraft/models/item/silver_wool.json
Copying assets/minecraft/models/item/skull_char.json
Copying assets/minecraft/models/item/skull_creeper.json
Copying assets/minecraft/models/item/skull_skeleton.json
Copying assets/minecraft/models/item/skull_wither.json
Copying assets/minecraft/models/item/skull_zombie.json
Copying assets/minecraft/models/item/slime.json
Copying assets/minecraft/models/item/slime_ball.json
Copying assets/minecraft/models/item/smooth_red_sandstone.json
Copying assets/minecraft/models/item/smooth_sandstone.json
Copying assets/minecraft/models/item/snow.json
Copying assets/minecraft/models/item/snowball.json
Copying assets/minecraft/models/item/snow_layer.json
Copying assets/minecraft/models/item/soul_sand.json
Copying assets/minecraft/models/item/spawn_egg.json
Copying assets/minecraft/models/item/speckled_melon.json
Copying assets/minecraft/models/item/spider_eye.json
Copying assets/minecraft/models/item/sponge.json
Copying assets/minecraft/models/item/sponge_wet.json
Copying assets/minecraft/models/item/spruce_door.json
Copying assets/minecraft/models/item/spruce_fence.json
Copying assets/minecraft/models/item/spruce_fence_gate.json
Copying assets/minecraft/models/item/spruce_leaves.json
Copying assets/minecraft/models/item/spruce_log.json
Copying assets/minecraft/models/item/spruce_planks.json
Copying assets/minecraft/models/item/spruce_sapling.json
Copying assets/minecraft/models/item/spruce_slab.json
Copying assets/minecraft/models/item/spruce_stairs.json
Copying assets/minecraft/models/item/stick.json
Copying assets/minecraft/models/item/sticky_piston.json
Copying assets/minecraft/models/item/stone.json
Copying assets/minecraft/models/item/stonebrick.json
Copying assets/minecraft/models/item/stone_axe.json
Copying assets/minecraft/models/item/stone_brick_monster_egg.json
Copying assets/minecraft/models/item/stone_brick_slab.json
Copying assets/minecraft/models/item/stone_brick_stairs.json
Copying assets/minecraft/models/item/stone_button.json
Copying assets/minecraft/models/item/stone_hoe.json
Copying assets/minecraft/models/item/stone_monster_egg.json
Copying assets/minecraft/models/item/stone_pickaxe.json
Copying assets/minecraft/models/item/stone_pressure_plate.json
Copying assets/minecraft/models/item/stone_shovel.json
Copying assets/minecraft/models/item/stone_slab.json
Copying assets/minecraft/models/item/stone_stairs.json
Copying assets/minecraft/models/item/stone_sword.json
Copying assets/minecraft/models/item/string.json
Copying assets/minecraft/models/item/sugar.json
Copying assets/minecraft/models/item/sunflower.json
Copying assets/minecraft/models/item/syringa.json
Copying assets/minecraft/models/item/tall_grass.json
Copying assets/minecraft/models/item/tnt.json
Copying assets/minecraft/models/item/tnt_minecart.json
Copying assets/minecraft/models/item/torch.json
Copying assets/minecraft/models/item/trapdoor.json
Copying assets/minecraft/models/item/trapped_chest.json
Copying assets/minecraft/models/item/tripwire_hook.json
Copying assets/minecraft/models/item/vine.json
Copying assets/minecraft/models/item/waterlily.json
Copying assets/minecraft/models/item/water_bucket.json
Copying assets/minecraft/models/item/web.json
Copying assets/minecraft/models/item/wheat.json
Copying assets/minecraft/models/item/wheat_seeds.json
Copying assets/minecraft/models/item/white_carpet.json
Copying assets/minecraft/models/item/white_stained_glass.json
Copying assets/minecraft/models/item/white_stained_glass_pane.json
Copying assets/minecraft/models/item/white_stained_hardened_clay.json
Copying assets/minecraft/models/item/white_tulip.json
Copying assets/minecraft/models/item/white_wool.json
Copying assets/minecraft/models/item/wooden_axe.json
Copying assets/minecraft/models/item/wooden_button.json
Copying assets/minecraft/models/item/wooden_hoe.json
Copying assets/minecraft/models/item/wooden_pickaxe.json
Copying assets/minecraft/models/item/wooden_pressure_plate.json
Copying assets/minecraft/models/item/wooden_shovel.json
Copying assets/minecraft/models/item/wooden_sword.json
Copying assets/minecraft/models/item/wood_old_slab.json
Copying assets/minecraft/models/item/writable_book.json
Copying assets/minecraft/models/item/written_book.json
Copying assets/minecraft/models/item/yellow_carpet.json
Copying assets/minecraft/models/item/yellow_stained_glass.json
Copying assets/minecraft/models/item/yellow_stained_glass_pane.json
Copying assets/minecraft/models/item/yellow_stained_hardened_clay.json
Copying assets/minecraft/models/item/yellow_wool.json
Copying assets/minecraft/shaders/post/antialias.json
Copying assets/minecraft/shaders/post/art.json
Copying assets/minecraft/shaders/post/bits.json
Copying assets/minecraft/shaders/post/blobs.json
Copying assets/minecraft/shaders/post/blobs2.json
Copying assets/minecraft/shaders/post/blur.json
Copying assets/minecraft/shaders/post/bumpy.json
Copying assets/minecraft/shaders/post/color_convolve.json
Copying assets/minecraft/shaders/post/creeper.json
Copying assets/minecraft/shaders/post/deconverge.json
Copying assets/minecraft/shaders/post/desaturate.json
Copying assets/minecraft/shaders/post/entity_outline.json
Copying assets/minecraft/shaders/post/flip.json
Copying assets/minecraft/shaders/post/fxaa.json
Copying assets/minecraft/shaders/post/green.json
Copying assets/minecraft/shaders/post/invert.json
Copying assets/minecraft/shaders/post/notch.json
Copying assets/minecraft/shaders/post/ntsc.json
Copying assets/minecraft/shaders/post/outline.json
Copying assets/minecraft/shaders/post/pencil.json
Copying assets/minecraft/shaders/post/phosphor.json
Copying assets/minecraft/shaders/post/scan_pincushion.json
Copying assets/minecraft/shaders/post/sobel.json
Copying assets/minecraft/shaders/post/spider.json
Copying assets/minecraft/shaders/post/wobble.json
Copying assets/minecraft/shaders/program/antialias.fsh
Copying assets/minecraft/shaders/program/antialias.json
Copying assets/minecraft/shaders/program/bits.fsh
Copying assets/minecraft/shaders/program/bits.json
Copying assets/minecraft/shaders/program/blit.fsh
Copying assets/minecraft/shaders/program/blit.json
Copying assets/minecraft/shaders/program/blit.vsh
Copying assets/minecraft/shaders/program/blobs.fsh
Copying assets/minecraft/shaders/program/blobs.json
Copying assets/minecraft/shaders/program/blobs.vsh
Copying assets/minecraft/shaders/program/blobs2.fsh
Copying assets/minecraft/shaders/program/blobs2.json
Copying assets/minecraft/shaders/program/blur.fsh
Copying assets/minecraft/shaders/program/blur.json
Copying assets/minecraft/shaders/program/bumpy.fsh
Copying assets/minecraft/shaders/program/bumpy.json
Copying assets/minecraft/shaders/program/bumpy.vsh
Copying assets/minecraft/shaders/program/color_convolve.fsh
Copying assets/minecraft/shaders/program/color_convolve.json
Copying assets/minecraft/shaders/program/deconverge.fsh
Copying assets/minecraft/shaders/program/deconverge.json
Copying assets/minecraft/shaders/program/downscale.fsh
Copying assets/minecraft/shaders/program/downscale.json
Copying assets/minecraft/shaders/program/downscale.vsh
Copying assets/minecraft/shaders/program/entity_outline.json
Copying assets/minecraft/shaders/program/entity_sobel.fsh
Copying assets/minecraft/shaders/program/flip.json
Copying assets/minecraft/shaders/program/flip.vsh
Copying assets/minecraft/shaders/program/fxaa.fsh
Copying assets/minecraft/shaders/program/fxaa.json
Copying assets/minecraft/shaders/program/fxaa.vsh
Copying assets/minecraft/shaders/program/invert.fsh
Copying assets/minecraft/shaders/program/invert.json
Copying assets/minecraft/shaders/program/invert.vsh
Copying assets/minecraft/shaders/program/notch.fsh
Copying assets/minecraft/shaders/program/notch.json
Copying assets/minecraft/shaders/program/ntsc_decode.fsh
Copying assets/minecraft/shaders/program/ntsc_decode.json
Copying assets/minecraft/shaders/program/ntsc_encode.fsh
Copying assets/minecraft/shaders/program/ntsc_encode.json
Copying assets/minecraft/shaders/program/outline.fsh
Copying assets/minecraft/shaders/program/outline.json
Copying assets/minecraft/shaders/program/outline_combine.fsh
Copying assets/minecraft/shaders/program/outline_combine.json
Copying assets/minecraft/shaders/program/outline_soft.fsh
Copying assets/minecraft/shaders/program/outline_soft.json
Copying assets/minecraft/shaders/program/outline_watercolor.fsh
Copying assets/minecraft/shaders/program/outline_watercolor.json
Copying assets/minecraft/shaders/program/overlay.fsh
Copying assets/minecraft/shaders/program/overlay.json
Copying assets/minecraft/shaders/program/phosphor.fsh
Copying assets/minecraft/shaders/program/phosphor.json
Copying assets/minecraft/shaders/program/rotscale.vsh
Copying assets/minecraft/shaders/program/scan_pincushion.fsh
Copying assets/minecraft/shaders/program/scan_pincushion.json
Copying assets/minecraft/shaders/program/sobel.fsh
Copying assets/minecraft/shaders/program/sobel.json
Copying assets/minecraft/shaders/program/sobel.vsh
Copying assets/minecraft/shaders/program/spider.json
Copying assets/minecraft/shaders/program/spiderclip.fsh
Copying assets/minecraft/shaders/program/wobble.fsh
Copying assets/minecraft/shaders/program/wobble.json
Copying assets/minecraft/texts/credits.txt
Copying assets/minecraft/texts/end.txt
Copying assets/minecraft/texts/splashes.txt
Copying assets/minecraft/textures/blocks/anvil_base.png
Copying assets/minecraft/textures/blocks/anvil_top_damaged_0.png
Copying assets/minecraft/textures/blocks/anvil_top_damaged_1.png
Copying assets/minecraft/textures/blocks/anvil_top_damaged_2.png
Copying assets/minecraft/textures/blocks/beacon.png
Copying assets/minecraft/textures/blocks/bedrock.png
Copying assets/minecraft/textures/blocks/bed_feet_end.png
Copying assets/minecraft/textures/blocks/bed_feet_side.png
Copying assets/minecraft/textures/blocks/bed_feet_top.png
Copying assets/minecraft/textures/blocks/bed_head_end.png
Copying assets/minecraft/textures/blocks/bed_head_side.png
Copying assets/minecraft/textures/blocks/bed_head_top.png
Copying assets/minecraft/textures/blocks/bookshelf.png
Copying assets/minecraft/textures/blocks/brewing_stand.png
Copying assets/minecraft/textures/blocks/brewing_stand_base.png
Copying assets/minecraft/textures/blocks/brick.png
Copying assets/minecraft/textures/blocks/cactus_bottom.png
Copying assets/minecraft/textures/blocks/cactus_side.png
Copying assets/minecraft/textures/blocks/cactus_top.png
Copying assets/minecraft/textures/blocks/cake_bottom.png
Copying assets/minecraft/textures/blocks/cake_inner.png
Copying assets/minecraft/textures/blocks/cake_side.png
Copying assets/minecraft/textures/blocks/cake_top.png
Copying assets/minecraft/textures/blocks/carrots_stage_0.png
Copying assets/minecraft/textures/blocks/carrots_stage_1.png
Copying assets/minecraft/textures/blocks/carrots_stage_2.png
Copying assets/minecraft/textures/blocks/carrots_stage_3.png
Copying assets/minecraft/textures/blocks/cauldron_bottom.png
Copying assets/minecraft/textures/blocks/cauldron_inner.png
Copying assets/minecraft/textures/blocks/cauldron_side.png
Copying assets/minecraft/textures/blocks/cauldron_top.png
Copying assets/minecraft/textures/blocks/clay.png
Copying assets/minecraft/textures/blocks/coal_block.png
Copying assets/minecraft/textures/blocks/coal_ore.png
Copying assets/minecraft/textures/blocks/coarse_dirt.png
Copying assets/minecraft/textures/blocks/cobblestone.png
Copying assets/minecraft/textures/blocks/cobblestone_mossy.png
Copying assets/minecraft/textures/blocks/cocoa_stage_0.png
Copying assets/minecraft/textures/blocks/cocoa_stage_1.png
Copying assets/minecraft/textures/blocks/cocoa_stage_2.png
Copying assets/minecraft/textures/blocks/command_block.png
Copying assets/minecraft/textures/blocks/comparator_off.png
Copying assets/minecraft/textures/blocks/comparator_on.png
Copying assets/minecraft/textures/blocks/crafting_table_front.png
Copying assets/minecraft/textures/blocks/crafting_table_side.png
Copying assets/minecraft/textures/blocks/crafting_table_top.png
Copying assets/minecraft/textures/blocks/daylight_detector_inverted_top.png
Copying assets/minecraft/textures/blocks/daylight_detector_side.png
Copying assets/minecraft/textures/blocks/daylight_detector_top.png
Copying assets/minecraft/textures/blocks/deadbush.png
Copying assets/minecraft/textures/blocks/destroy_stage_0.png
Copying assets/minecraft/textures/blocks/destroy_stage_1.png
Copying assets/minecraft/textures/blocks/destroy_stage_2.png
Copying assets/minecraft/textures/blocks/destroy_stage_3.png
Copying assets/minecraft/textures/blocks/destroy_stage_4.png
Copying assets/minecraft/textures/blocks/destroy_stage_5.png
Copying assets/minecraft/textures/blocks/destroy_stage_6.png
Copying assets/minecraft/textures/blocks/destroy_stage_7.png
Copying assets/minecraft/textures/blocks/destroy_stage_8.png
Copying assets/minecraft/textures/blocks/destroy_stage_9.png
Copying assets/minecraft/textures/blocks/diamond_block.png
Copying assets/minecraft/textures/blocks/diamond_ore.png
Copying assets/minecraft/textures/blocks/dirt.png
Copying assets/minecraft/textures/blocks/dirt_podzol_side.png
Copying assets/minecraft/textures/blocks/dirt_podzol_top.png
Copying assets/minecraft/textures/blocks/dispenser_front_horizontal.png
Copying assets/minecraft/textures/blocks/dispenser_front_vertical.png
Copying assets/minecraft/textures/blocks/door_acacia_lower.png
Copying assets/minecraft/textures/blocks/door_acacia_upper.png
Copying assets/minecraft/textures/blocks/door_birch_lower.png
Copying assets/minecraft/textures/blocks/door_birch_upper.png
Copying assets/minecraft/textures/blocks/door_dark_oak_lower.png
Copying assets/minecraft/textures/blocks/door_dark_oak_upper.png
Copying assets/minecraft/textures/blocks/door_iron_lower.png
Copying assets/minecraft/textures/blocks/door_iron_upper.png
Copying assets/minecraft/textures/blocks/door_jungle_lower.png
Copying assets/minecraft/textures/blocks/door_jungle_upper.png
Copying assets/minecraft/textures/blocks/door_spruce_lower.png
Copying assets/minecraft/textures/blocks/door_spruce_upper.png
Copying assets/minecraft/textures/blocks/door_wood_lower.png
Copying assets/minecraft/textures/blocks/door_wood_upper.png
Copying assets/minecraft/textures/blocks/double_plant_fern_bottom.png
Copying assets/minecraft/textures/blocks/double_plant_fern_top.png
Copying assets/minecraft/textures/blocks/double_plant_grass_bottom.png
Copying assets/minecraft/textures/blocks/double_plant_grass_top.png
Copying assets/minecraft/textures/blocks/double_plant_paeonia_bottom.png
Copying assets/minecraft/textures/blocks/double_plant_paeonia_top.png
Copying assets/minecraft/textures/blocks/double_plant_rose_bottom.png
Copying assets/minecraft/textures/blocks/double_plant_rose_top.png
Copying assets/minecraft/textures/blocks/double_plant_sunflower_back.png
Copying assets/minecraft/textures/blocks/double_plant_sunflower_bottom.png
Copying assets/minecraft/textures/blocks/double_plant_sunflower_front.png
Copying assets/minecraft/textures/blocks/double_plant_sunflower_top.png
Copying assets/minecraft/textures/blocks/double_plant_syringa_bottom.png
Copying assets/minecraft/textures/blocks/double_plant_syringa_top.png
Copying assets/minecraft/textures/blocks/dragon_egg.png
Copying assets/minecraft/textures/blocks/dropper_front_horizontal.png
Copying assets/minecraft/textures/blocks/dropper_front_vertical.png
Copying assets/minecraft/textures/blocks/emerald_block.png
Copying assets/minecraft/textures/blocks/emerald_ore.png
Copying assets/minecraft/textures/blocks/enchanting_table_bottom.png
Copying assets/minecraft/textures/blocks/enchanting_table_side.png
Copying assets/minecraft/textures/blocks/enchanting_table_top.png
Copying assets/minecraft/textures/blocks/endframe_eye.png
Copying assets/minecraft/textures/blocks/endframe_side.png
Copying assets/minecraft/textures/blocks/endframe_top.png
Copying assets/minecraft/textures/blocks/end_stone.png
Copying assets/minecraft/textures/blocks/farmland_dry.png
Copying assets/minecraft/textures/blocks/farmland_wet.png
Copying assets/minecraft/textures/blocks/fern.png
Copying assets/minecraft/textures/blocks/fire_layer_0.png
Copying assets/minecraft/textures/blocks/fire_layer_0.png.mcmeta
Copying assets/minecraft/textures/blocks/fire_layer_1.png
Copying assets/minecraft/textures/blocks/fire_layer_1.png.mcmeta
Copying assets/minecraft/textures/blocks/flower_allium.png
Copying assets/minecraft/textures/blocks/flower_blue_orchid.png
Copying assets/minecraft/textures/blocks/flower_dandelion.png
Copying assets/minecraft/textures/blocks/flower_houstonia.png
Copying assets/minecraft/textures/blocks/flower_oxeye_daisy.png
Copying assets/minecraft/textures/blocks/flower_paeonia.png
Copying assets/minecraft/textures/blocks/flower_pot.png
Copying assets/minecraft/textures/blocks/flower_rose.png
Copying assets/minecraft/textures/blocks/flower_tulip_orange.png
Copying assets/minecraft/textures/blocks/flower_tulip_pink.png
Copying assets/minecraft/textures/blocks/flower_tulip_red.png
Copying assets/minecraft/textures/blocks/flower_tulip_white.png
Copying assets/minecraft/textures/blocks/furnace_front_off.png
Copying assets/minecraft/textures/blocks/furnace_front_on.png
Copying assets/minecraft/textures/blocks/furnace_side.png
Copying assets/minecraft/textures/blocks/furnace_top.png
Copying assets/minecraft/textures/blocks/glass.png
Copying assets/minecraft/textures/blocks/glass_black.png
Copying assets/minecraft/textures/blocks/glass_blue.png
Copying assets/minecraft/textures/blocks/glass_brown.png
Copying assets/minecraft/textures/blocks/glass_cyan.png
Copying assets/minecraft/textures/blocks/glass_gray.png
Copying assets/minecraft/textures/blocks/glass_green.png
Copying assets/minecraft/textures/blocks/glass_light_blue.png
Copying assets/minecraft/textures/blocks/glass_lime.png
Copying assets/minecraft/textures/blocks/glass_magenta.png
Copying assets/minecraft/textures/blocks/glass_orange.png
Copying assets/minecraft/textures/blocks/glass_pane_top.png
Copying assets/minecraft/textures/blocks/glass_pane_top_black.png
Copying assets/minecraft/textures/blocks/glass_pane_top_blue.png
Copying assets/minecraft/textures/blocks/glass_pane_top_brown.png
Copying assets/minecraft/textures/blocks/glass_pane_top_cyan.png
Copying assets/minecraft/textures/blocks/glass_pane_top_gray.png
Copying assets/minecraft/textures/blocks/glass_pane_top_green.png
Copying assets/minecraft/textures/blocks/glass_pane_top_light_blue.png
Copying assets/minecraft/textures/blocks/glass_pane_top_lime.png
Copying assets/minecraft/textures/blocks/glass_pane_top_magenta.png
Copying assets/minecraft/textures/blocks/glass_pane_top_orange.png
Copying assets/minecraft/textures/blocks/glass_pane_top_pink.png
Copying assets/minecraft/textures/blocks/glass_pane_top_purple.png
Copying assets/minecraft/textures/blocks/glass_pane_top_red.png
Copying assets/minecraft/textures/blocks/glass_pane_top_silver.png
Copying assets/minecraft/textures/blocks/glass_pane_top_white.png
Copying assets/minecraft/textures/blocks/glass_pane_top_yellow.png
Copying assets/minecraft/textures/blocks/glass_pink.png
Copying assets/minecraft/textures/blocks/glass_purple.png
Copying assets/minecraft/textures/blocks/glass_red.png
Copying assets/minecraft/textures/blocks/glass_silver.png
Copying assets/minecraft/textures/blocks/glass_white.png
Copying assets/minecraft/textures/blocks/glass_yellow.png
Copying assets/minecraft/textures/blocks/glowstone.png
Copying assets/minecraft/textures/blocks/gold_block.png
Copying assets/minecraft/textures/blocks/gold_ore.png
Copying assets/minecraft/textures/blocks/grass_side.png
Copying assets/minecraft/textures/blocks/grass_side_overlay.png
Copying assets/minecraft/textures/blocks/grass_side_snowed.png
Copying assets/minecraft/textures/blocks/grass_top.png
Copying assets/minecraft/textures/blocks/gravel.png
Copying assets/minecraft/textures/blocks/hardened_clay.png
Copying assets/minecraft/textures/blocks/hardened_clay_stained_black.png
Copying assets/minecraft/textures/blocks/hardened_clay_stained_blue.png
Copying assets/minecraft/textures/blocks/hardened_clay_stained_brown.png
Copying assets/minecraft/textures/blocks/hardened_clay_stained_cyan.png
Copying assets/minecraft/textures/blocks/hardened_clay_stained_gray.png
Copying assets/minecraft/textures/blocks/hardened_clay_stained_green.png
Copying assets/minecraft/textures/blocks/hardened_clay_stained_light_blue.png
Copying assets/minecraft/textures/blocks/hardened_clay_stained_lime.png
Copying assets/minecraft/textures/blocks/hardened_clay_stained_magenta.png
Copying assets/minecraft/textures/blocks/hardened_clay_stained_orange.png
Copying assets/minecraft/textures/blocks/hardened_clay_stained_pink.png
Copying assets/minecraft/textures/blocks/hardened_clay_stained_purple.png
Copying assets/minecraft/textures/blocks/hardened_clay_stained_red.png
Copying assets/minecraft/textures/blocks/hardened_clay_stained_silver.png
Copying assets/minecraft/textures/blocks/hardened_clay_stained_white.png
Copying assets/minecraft/textures/blocks/hardened_clay_stained_yellow.png
Copying assets/minecraft/textures/blocks/hay_block_side.png
Copying assets/minecraft/textures/blocks/hay_block_top.png
Copying assets/minecraft/textures/blocks/hopper_inside.png
Copying assets/minecraft/textures/blocks/hopper_outside.png
Copying assets/minecraft/textures/blocks/hopper_top.png
Copying assets/minecraft/textures/blocks/ice.png
Copying assets/minecraft/textures/blocks/ice_packed.png
Copying assets/minecraft/textures/blocks/iron_bars.png
Copying assets/minecraft/textures/blocks/iron_block.png
Copying assets/minecraft/textures/blocks/iron_ore.png
Copying assets/minecraft/textures/blocks/iron_trapdoor.png
Copying assets/minecraft/textures/blocks/itemframe_background.png
Copying assets/minecraft/textures/blocks/jukebox_side.png
Copying assets/minecraft/textures/blocks/jukebox_top.png
Copying assets/minecraft/textures/blocks/ladder.png
Copying assets/minecraft/textures/blocks/lapis_block.png
Copying assets/minecraft/textures/blocks/lapis_ore.png
Copying assets/minecraft/textures/blocks/lava_flow.png
Copying assets/minecraft/textures/blocks/lava_flow.png.mcmeta
Copying assets/minecraft/textures/blocks/lava_still.png
Copying assets/minecraft/textures/blocks/lava_still.png.mcmeta
Copying assets/minecraft/textures/blocks/leaves_acacia.png
Copying assets/minecraft/textures/blocks/leaves_big_oak.png
Copying assets/minecraft/textures/blocks/leaves_birch.png
Copying assets/minecraft/textures/blocks/leaves_jungle.png
Copying assets/minecraft/textures/blocks/leaves_oak.png
Copying assets/minecraft/textures/blocks/leaves_spruce.png
Copying assets/minecraft/textures/blocks/lever.png
Copying assets/minecraft/textures/blocks/log_acacia.png
Copying assets/minecraft/textures/blocks/log_acacia_top.png
Copying assets/minecraft/textures/blocks/log_big_oak.png
Copying assets/minecraft/textures/blocks/log_big_oak_top.png
Copying assets/minecraft/textures/blocks/log_birch.png
Copying assets/minecraft/textures/blocks/log_birch_top.png
Copying assets/minecraft/textures/blocks/log_jungle.png
Copying assets/minecraft/textures/blocks/log_jungle_top.png
Copying assets/minecraft/textures/blocks/log_oak.png
Copying assets/minecraft/textures/blocks/log_oak_top.png
Copying assets/minecraft/textures/blocks/log_spruce.png
Copying assets/minecraft/textures/blocks/log_spruce_top.png
Copying assets/minecraft/textures/blocks/melon_side.png
Copying assets/minecraft/textures/blocks/melon_stem_connected.png
Copying assets/minecraft/textures/blocks/melon_stem_disconnected.png
Copying assets/minecraft/textures/blocks/melon_top.png
Copying assets/minecraft/textures/blocks/mob_spawner.png
Copying assets/minecraft/textures/blocks/mushroom_block_inside.png
Copying assets/minecraft/textures/blocks/mushroom_block_skin_brown.png
Copying assets/minecraft/textures/blocks/mushroom_block_skin_red.png
Copying assets/minecraft/textures/blocks/mushroom_block_skin_stem.png
Copying assets/minecraft/textures/blocks/mushroom_brown.png
Copying assets/minecraft/textures/blocks/mushroom_red.png
Copying assets/minecraft/textures/blocks/mycelium_side.png
Copying assets/minecraft/textures/blocks/mycelium_top.png
Copying assets/minecraft/textures/blocks/netherrack.png
Copying assets/minecraft/textures/blocks/nether_brick.png
Copying assets/minecraft/textures/blocks/nether_wart_stage_0.png
Copying assets/minecraft/textures/blocks/nether_wart_stage_1.png
Copying assets/minecraft/textures/blocks/nether_wart_stage_2.png
Copying assets/minecraft/textures/blocks/noteblock.png
Copying assets/minecraft/textures/blocks/obsidian.png
Copying assets/minecraft/textures/blocks/piston_bottom.png
Copying assets/minecraft/textures/blocks/piston_inner.png
Copying assets/minecraft/textures/blocks/piston_side.png
Copying assets/minecraft/textures/blocks/piston_top_normal.png
Copying assets/minecraft/textures/blocks/piston_top_sticky.png
Copying assets/minecraft/textures/blocks/planks_acacia.png
Copying assets/minecraft/textures/blocks/planks_big_oak.png
Copying assets/minecraft/textures/blocks/planks_birch.png
Copying assets/minecraft/textures/blocks/planks_jungle.png
Copying assets/minecraft/textures/blocks/planks_oak.png
Copying assets/minecraft/textures/blocks/planks_spruce.png
Copying assets/minecraft/textures/blocks/portal.png
Copying assets/minecraft/textures/blocks/portal.png.mcmeta
Copying assets/minecraft/textures/blocks/potatoes_stage_0.png
Copying assets/minecraft/textures/blocks/potatoes_stage_1.png
Copying assets/minecraft/textures/blocks/potatoes_stage_2.png
Copying assets/minecraft/textures/blocks/potatoes_stage_3.png
Copying assets/minecraft/textures/blocks/prismarine_bricks.png
Copying assets/minecraft/textures/blocks/prismarine_dark.png
Copying assets/minecraft/textures/blocks/prismarine_rough.png
Copying assets/minecraft/textures/blocks/prismarine_rough.png.mcmeta
Copying assets/minecraft/textures/blocks/pumpkin_face_off.png
Copying assets/minecraft/textures/blocks/pumpkin_face_on.png
Copying assets/minecraft/textures/blocks/pumpkin_side.png
Copying assets/minecraft/textures/blocks/pumpkin_stem_connected.png
Copying assets/minecraft/textures/blocks/pumpkin_stem_disconnected.png
Copying assets/minecraft/textures/blocks/pumpkin_top.png
Copying assets/minecraft/textures/blocks/quartz_block_bottom.png
Copying assets/minecraft/textures/blocks/quartz_block_chiseled.png
Copying assets/minecraft/textures/blocks/quartz_block_chiseled_top.png
Copying assets/minecraft/textures/blocks/quartz_block_lines.png
Copying assets/minecraft/textures/blocks/quartz_block_lines_top.png
Copying assets/minecraft/textures/blocks/quartz_block_side.png
Copying assets/minecraft/textures/blocks/quartz_block_top.png
Copying assets/minecraft/textures/blocks/quartz_ore.png
Copying assets/minecraft/textures/blocks/rail_activator.png
Copying assets/minecraft/textures/blocks/rail_activator_powered.png
Copying assets/minecraft/textures/blocks/rail_detector.png
Copying assets/minecraft/textures/blocks/rail_detector_powered.png
Copying assets/minecraft/textures/blocks/rail_golden.png
Copying assets/minecraft/textures/blocks/rail_golden_powered.png
Copying assets/minecraft/textures/blocks/rail_normal.png
Copying assets/minecraft/textures/blocks/rail_normal_turned.png
Copying assets/minecraft/textures/blocks/redstone_block.png
Copying assets/minecraft/textures/blocks/redstone_dust_cross.png
Copying assets/minecraft/textures/blocks/redstone_dust_cross_overlay.png
Copying assets/minecraft/textures/blocks/redstone_dust_line.png
Copying assets/minecraft/textures/blocks/redstone_dust_line_overlay.png
Copying assets/minecraft/textures/blocks/redstone_lamp_off.png
Copying assets/minecraft/textures/blocks/redstone_lamp_on.png
Copying assets/minecraft/textures/blocks/redstone_ore.png
Copying assets/minecraft/textures/blocks/redstone_torch_off.png
Copying assets/minecraft/textures/blocks/redstone_torch_on.png
Copying assets/minecraft/textures/blocks/red_sand.png
Copying assets/minecraft/textures/blocks/red_sandstone_bottom.png
Copying assets/minecraft/textures/blocks/red_sandstone_carved.png
Copying assets/minecraft/textures/blocks/red_sandstone_normal.png
Copying assets/minecraft/textures/blocks/red_sandstone_smooth.png
Copying assets/minecraft/textures/blocks/red_sandstone_top.png
Copying assets/minecraft/textures/blocks/reeds.png
Copying assets/minecraft/textures/blocks/repeater_off.png
Copying assets/minecraft/textures/blocks/repeater_on.png
Copying assets/minecraft/textures/blocks/sand.png
Copying assets/minecraft/textures/blocks/sandstone_bottom.png
Copying assets/minecraft/textures/blocks/sandstone_carved.png
Copying assets/minecraft/textures/blocks/sandstone_normal.png
Copying assets/minecraft/textures/blocks/sandstone_smooth.png
Copying assets/minecraft/textures/blocks/sandstone_top.png
Copying assets/minecraft/textures/blocks/sapling_acacia.png
Copying assets/minecraft/textures/blocks/sapling_birch.png
Copying assets/minecraft/textures/blocks/sapling_jungle.png
Copying assets/minecraft/textures/blocks/sapling_oak.png
Copying assets/minecraft/textures/blocks/sapling_roofed_oak.png
Copying assets/minecraft/textures/blocks/sapling_spruce.png
Copying assets/minecraft/textures/blocks/sea_lantern.png
Copying assets/minecraft/textures/blocks/sea_lantern.png.mcmeta
Copying assets/minecraft/textures/blocks/slime.png
Copying assets/minecraft/textures/blocks/snow.png
Copying assets/minecraft/textures/blocks/soul_sand.png
Copying assets/minecraft/textures/blocks/sponge.png
Copying assets/minecraft/textures/blocks/sponge_wet.png
Copying assets/minecraft/textures/blocks/stone.png
Copying assets/minecraft/textures/blocks/stonebrick.png
Copying assets/minecraft/textures/blocks/stonebrick_carved.png
Copying assets/minecraft/textures/blocks/stonebrick_cracked.png
Copying assets/minecraft/textures/blocks/stonebrick_mossy.png
Copying assets/minecraft/textures/blocks/stone_andesite.png
Copying assets/minecraft/textures/blocks/stone_andesite_smooth.png
Copying assets/minecraft/textures/blocks/stone_diorite.png
Copying assets/minecraft/textures/blocks/stone_diorite_smooth.png
Copying assets/minecraft/textures/blocks/stone_granite.png
Copying assets/minecraft/textures/blocks/stone_granite_smooth.png
Copying assets/minecraft/textures/blocks/stone_slab_side.png
Copying assets/minecraft/textures/blocks/stone_slab_top.png
Copying assets/minecraft/textures/blocks/tallgrass.png
Copying assets/minecraft/textures/blocks/tnt_bottom.png
Copying assets/minecraft/textures/blocks/tnt_side.png
Copying assets/minecraft/textures/blocks/tnt_top.png
Copying assets/minecraft/textures/blocks/torch_on.png
Copying assets/minecraft/textures/blocks/trapdoor.png
Copying assets/minecraft/textures/blocks/trip_wire.png
Copying assets/minecraft/textures/blocks/trip_wire_source.png
Copying assets/minecraft/textures/blocks/vine.png
Copying assets/minecraft/textures/blocks/waterlily.png
Copying assets/minecraft/textures/blocks/water_flow.png
Copying assets/minecraft/textures/blocks/water_flow.png.mcmeta
Copying assets/minecraft/textures/blocks/water_still.png
Copying assets/minecraft/textures/blocks/water_still.png.mcmeta
Copying assets/minecraft/textures/blocks/web.png
Copying assets/minecraft/textures/blocks/wheat_stage_0.png
Copying assets/minecraft/textures/blocks/wheat_stage_1.png
Copying assets/minecraft/textures/blocks/wheat_stage_2.png
Copying assets/minecraft/textures/blocks/wheat_stage_3.png
Copying assets/minecraft/textures/blocks/wheat_stage_4.png
Copying assets/minecraft/textures/blocks/wheat_stage_5.png
Copying assets/minecraft/textures/blocks/wheat_stage_6.png
Copying assets/minecraft/textures/blocks/wheat_stage_7.png
Copying assets/minecraft/textures/blocks/wool_colored_black.png
Copying assets/minecraft/textures/blocks/wool_colored_blue.png
Copying assets/minecraft/textures/blocks/wool_colored_brown.png
Copying assets/minecraft/textures/blocks/wool_colored_cyan.png
Copying assets/minecraft/textures/blocks/wool_colored_gray.png
Copying assets/minecraft/textures/blocks/wool_colored_green.png
Copying assets/minecraft/textures/blocks/wool_colored_light_blue.png
Copying assets/minecraft/textures/blocks/wool_colored_lime.png
Copying assets/minecraft/textures/blocks/wool_colored_magenta.png
Copying assets/minecraft/textures/blocks/wool_colored_orange.png
Copying assets/minecraft/textures/blocks/wool_colored_pink.png
Copying assets/minecraft/textures/blocks/wool_colored_purple.png
Copying assets/minecraft/textures/blocks/wool_colored_red.png
Copying assets/minecraft/textures/blocks/wool_colored_silver.png
Copying assets/minecraft/textures/blocks/wool_colored_white.png
Copying assets/minecraft/textures/blocks/wool_colored_yellow.png
Copying assets/minecraft/textures/colormap/foliage.png
Copying assets/minecraft/textures/colormap/grass.png
Copying assets/minecraft/textures/effect/dither.png
Copying assets/minecraft/textures/entity/alex.png
Copying assets/minecraft/textures/entity/arrow.png
Copying assets/minecraft/textures/entity/banner_base.png
Copying assets/minecraft/textures/entity/bat.png
Copying assets/minecraft/textures/entity/beacon_beam.png
Copying assets/minecraft/textures/entity/blaze.png
Copying assets/minecraft/textures/entity/boat.png
Copying assets/minecraft/textures/entity/chicken.png
Copying assets/minecraft/textures/entity/enchanting_table_book.png
Copying assets/minecraft/textures/entity/endermite.png
Copying assets/minecraft/textures/entity/end_portal.png
Copying assets/minecraft/textures/entity/experience_orb.png
Copying assets/minecraft/textures/entity/explosion.png
Copying assets/minecraft/textures/entity/guardian.png
Copying assets/minecraft/textures/entity/guardian_beam.png
Copying assets/minecraft/textures/entity/guardian_elder.png
Copying assets/minecraft/textures/entity/iron_golem.png
Copying assets/minecraft/textures/entity/lead_knot.png
Copying assets/minecraft/textures/entity/minecart.png
Copying assets/minecraft/textures/entity/sign.png
Copying assets/minecraft/textures/entity/silverfish.png
Copying assets/minecraft/textures/entity/snowman.png
Copying assets/minecraft/textures/entity/spider_eyes.png
Copying assets/minecraft/textures/entity/squid.png
Copying assets/minecraft/textures/entity/steve.png
Copying assets/minecraft/textures/entity/witch.png
Copying assets/minecraft/textures/entity/zombie_pigman.png
Copying assets/minecraft/textures/entity/armorstand/wood.png
Copying assets/minecraft/textures/entity/banner/base.png
Copying assets/minecraft/textures/entity/banner/border.png
Copying assets/minecraft/textures/entity/banner/bricks.png
Copying assets/minecraft/textures/entity/banner/circle.png
Copying assets/minecraft/textures/entity/banner/creeper.png
Copying assets/minecraft/textures/entity/banner/cross.png
Copying assets/minecraft/textures/entity/banner/curly_border.png
Copying assets/minecraft/textures/entity/banner/diagonal_left.png
Copying assets/minecraft/textures/entity/banner/diagonal_right.png
Copying assets/minecraft/textures/entity/banner/diagonal_up_left.png
Copying assets/minecraft/textures/entity/banner/diagonal_up_right.png
Copying assets/minecraft/textures/entity/banner/flower.png
Copying assets/minecraft/textures/entity/banner/gradient.png
Copying assets/minecraft/textures/entity/banner/gradient_up.png
Copying assets/minecraft/textures/entity/banner/half_horizontal.png
Copying assets/minecraft/textures/entity/banner/half_horizontal_bottom.png
Copying assets/minecraft/textures/entity/banner/half_vertical.png
Copying assets/minecraft/textures/entity/banner/half_vertical_right.png
Copying assets/minecraft/textures/entity/banner/mojang.png
Copying assets/minecraft/textures/entity/banner/rhombus.png
Copying assets/minecraft/textures/entity/banner/skull.png
Copying assets/minecraft/textures/entity/banner/small_stripes.png
Copying assets/minecraft/textures/entity/banner/square_bottom_left.png
Copying assets/minecraft/textures/entity/banner/square_bottom_right.png
Copying assets/minecraft/textures/entity/banner/square_top_left.png
Copying assets/minecraft/textures/entity/banner/square_top_right.png
Copying assets/minecraft/textures/entity/banner/straight_cross.png
Copying assets/minecraft/textures/entity/banner/stripe_bottom.png
Copying assets/minecraft/textures/entity/banner/stripe_center.png
Copying assets/minecraft/textures/entity/banner/stripe_downleft.png
Copying assets/minecraft/textures/entity/banner/stripe_downright.png
Copying assets/minecraft/textures/entity/banner/stripe_left.png
Copying assets/minecraft/textures/entity/banner/stripe_middle.png
Copying assets/minecraft/textures/entity/banner/stripe_right.png
Copying assets/minecraft/textures/entity/banner/stripe_top.png
Copying assets/minecraft/textures/entity/banner/triangles_bottom.png
Copying assets/minecraft/textures/entity/banner/triangles_top.png
Copying assets/minecraft/textures/entity/banner/triangle_bottom.png
Copying assets/minecraft/textures/entity/banner/triangle_top.png
Copying assets/minecraft/textures/entity/cat/black.png
Copying assets/minecraft/textures/entity/cat/ocelot.png
Copying assets/minecraft/textures/entity/cat/red.png
Copying assets/minecraft/textures/entity/cat/siamese.png
Copying assets/minecraft/textures/entity/chest/christmas.png
Copying assets/minecraft/textures/entity/chest/christmas_double.png
Copying assets/minecraft/textures/entity/chest/ender.png
Copying assets/minecraft/textures/entity/chest/normal.png
Copying assets/minecraft/textures/entity/chest/normal_double.png
Copying assets/minecraft/textures/entity/chest/trapped.png
Copying assets/minecraft/textures/entity/chest/trapped_double.png
Copying assets/minecraft/textures/entity/cow/cow.png
Copying assets/minecraft/textures/entity/cow/mooshroom.png
Copying assets/minecraft/textures/entity/creeper/creeper.png
Copying assets/minecraft/textures/entity/creeper/creeper_armor.png
Copying assets/minecraft/textures/entity/endercrystal/endercrystal.png
Copying assets/minecraft/textures/entity/endercrystal/endercrystal_beam.png
Copying assets/minecraft/textures/entity/enderdragon/dragon.png
Copying assets/minecraft/textures/entity/enderdragon/dragon_exploding.png
Copying assets/minecraft/textures/entity/enderdragon/dragon_eyes.png
Copying assets/minecraft/textures/entity/enderman/enderman.png
Copying assets/minecraft/textures/entity/enderman/enderman_eyes.png
Copying assets/minecraft/textures/entity/ghast/ghast.png
Copying assets/minecraft/textures/entity/ghast/ghast_shooting.png
Copying assets/minecraft/textures/entity/horse/donkey.png
Copying assets/minecraft/textures/entity/horse/horse_black.png
Copying assets/minecraft/textures/entity/horse/horse_brown.png
Copying assets/minecraft/textures/entity/horse/horse_chestnut.png
Copying assets/minecraft/textures/entity/horse/horse_creamy.png
Copying assets/minecraft/textures/entity/horse/horse_darkbrown.png
Copying assets/minecraft/textures/entity/horse/horse_gray.png
Copying assets/minecraft/textures/entity/horse/horse_markings_blackdots.png
Copying assets/minecraft/textures/entity/horse/horse_markings_white.png
Copying assets/minecraft/textures/entity/horse/horse_markings_whitedots.png
Copying assets/minecraft/textures/entity/horse/horse_markings_whitefield.png
Copying assets/minecraft/textures/entity/horse/horse_skeleton.png
Copying assets/minecraft/textures/entity/horse/horse_white.png
Copying assets/minecraft/textures/entity/horse/horse_zombie.png
Copying assets/minecraft/textures/entity/horse/mule.png
Copying assets/minecraft/textures/entity/horse/armor/horse_armor_diamond.png
Copying assets/minecraft/textures/entity/horse/armor/horse_armor_gold.png
Copying assets/minecraft/textures/entity/horse/armor/horse_armor_iron.png
Copying assets/minecraft/textures/entity/pig/pig.png
Copying assets/minecraft/textures/entity/pig/pig_saddle.png
Copying assets/minecraft/textures/entity/rabbit/black.png
Copying assets/minecraft/textures/entity/rabbit/brown.png
Copying assets/minecraft/textures/entity/rabbit/caerbannog.png
Copying assets/minecraft/textures/entity/rabbit/gold.png
Copying assets/minecraft/textures/entity/rabbit/salt.png
Copying assets/minecraft/textures/entity/rabbit/toast.png
Copying assets/minecraft/textures/entity/rabbit/white.png
Copying assets/minecraft/textures/entity/rabbit/white_splotched.png
Copying assets/minecraft/textures/entity/sheep/sheep.png
Copying assets/minecraft/textures/entity/sheep/sheep_fur.png
Copying assets/minecraft/textures/entity/skeleton/skeleton.png
Copying assets/minecraft/textures/entity/skeleton/wither_skeleton.png
Copying assets/minecraft/textures/entity/slime/magmacube.png
Copying assets/minecraft/textures/entity/slime/slime.png
Copying assets/minecraft/textures/entity/spider/cave_spider.png
Copying assets/minecraft/textures/entity/spider/spider.png
Copying assets/minecraft/textures/entity/villager/butcher.png
Copying assets/minecraft/textures/entity/villager/farmer.png
Copying assets/minecraft/textures/entity/villager/librarian.png
Copying assets/minecraft/textures/entity/villager/priest.png
Copying assets/minecraft/textures/entity/villager/smith.png
Copying assets/minecraft/textures/entity/villager/villager.png
Copying assets/minecraft/textures/entity/wither/wither.png
Copying assets/minecraft/textures/entity/wither/wither_armor.png
Copying assets/minecraft/textures/entity/wither/wither_invulnerable.png
Copying assets/minecraft/textures/entity/wolf/wolf.png
Copying assets/minecraft/textures/entity/wolf/wolf_angry.png
Copying assets/minecraft/textures/entity/wolf/wolf_collar.png
Copying assets/minecraft/textures/entity/wolf/wolf_tame.png
Copying assets/minecraft/textures/entity/zombie/zombie.png
Copying assets/minecraft/textures/entity/zombie/zombie_villager.png
Copying assets/minecraft/textures/environment/clouds.png
Copying assets/minecraft/textures/environment/end_sky.png
Copying assets/minecraft/textures/environment/moon_phases.png
Copying assets/minecraft/textures/environment/rain.png
Copying assets/minecraft/textures/environment/snow.png
Copying assets/minecraft/textures/environment/sun.png
Copying assets/minecraft/textures/font/ascii.png
Copying assets/minecraft/textures/font/ascii_sga.png
Copying assets/minecraft/textures/font/unicode_page_00.png
Copying assets/minecraft/textures/font/unicode_page_01.png
Copying assets/minecraft/textures/font/unicode_page_02.png
Copying assets/minecraft/textures/font/unicode_page_03.png
Copying assets/minecraft/textures/font/unicode_page_04.png
Copying assets/minecraft/textures/font/unicode_page_05.png
Copying assets/minecraft/textures/font/unicode_page_06.png
Copying assets/minecraft/textures/font/unicode_page_07.png
Copying assets/minecraft/textures/font/unicode_page_09.png
Copying assets/minecraft/textures/font/unicode_page_0a.png
Copying assets/minecraft/textures/font/unicode_page_0b.png
Copying assets/minecraft/textures/font/unicode_page_0c.png
Copying assets/minecraft/textures/font/unicode_page_0d.png
Copying assets/minecraft/textures/font/unicode_page_0e.png
Copying assets/minecraft/textures/font/unicode_page_0f.png
Copying assets/minecraft/textures/font/unicode_page_10.png
Copying assets/minecraft/textures/font/unicode_page_11.png
Copying assets/minecraft/textures/font/unicode_page_12.png
Copying assets/minecraft/textures/font/unicode_page_13.png
Copying assets/minecraft/textures/font/unicode_page_14.png
Copying assets/minecraft/textures/font/unicode_page_15.png
Copying assets/minecraft/textures/font/unicode_page_16.png
Copying assets/minecraft/textures/font/unicode_page_17.png
Copying assets/minecraft/textures/font/unicode_page_18.png
Copying assets/minecraft/textures/font/unicode_page_19.png
Copying assets/minecraft/textures/font/unicode_page_1a.png
Copying assets/minecraft/textures/font/unicode_page_1b.png
Copying assets/minecraft/textures/font/unicode_page_1c.png
Copying assets/minecraft/textures/font/unicode_page_1d.png
Copying assets/minecraft/textures/font/unicode_page_1e.png
Copying assets/minecraft/textures/font/unicode_page_1f.png
Copying assets/minecraft/textures/font/unicode_page_20.png
Copying assets/minecraft/textures/font/unicode_page_21.png
Copying assets/minecraft/textures/font/unicode_page_22.png
Copying assets/minecraft/textures/font/unicode_page_23.png
Copying assets/minecraft/textures/font/unicode_page_24.png
Copying assets/minecraft/textures/font/unicode_page_25.png
Copying assets/minecraft/textures/font/unicode_page_26.png
Copying assets/minecraft/textures/font/unicode_page_27.png
Copying assets/minecraft/textures/font/unicode_page_28.png
Copying assets/minecraft/textures/font/unicode_page_29.png
Copying assets/minecraft/textures/font/unicode_page_2a.png
Copying assets/minecraft/textures/font/unicode_page_2b.png
Copying assets/minecraft/textures/font/unicode_page_2c.png
Copying assets/minecraft/textures/font/unicode_page_2d.png
Copying assets/minecraft/textures/font/unicode_page_2e.png
Copying assets/minecraft/textures/font/unicode_page_2f.png
Copying assets/minecraft/textures/font/unicode_page_30.png
Copying assets/minecraft/textures/font/unicode_page_31.png
Copying assets/minecraft/textures/font/unicode_page_32.png
Copying assets/minecraft/textures/font/unicode_page_33.png
Copying assets/minecraft/textures/font/unicode_page_34.png
Copying assets/minecraft/textures/font/unicode_page_35.png
Copying assets/minecraft/textures/font/unicode_page_36.png
Copying assets/minecraft/textures/font/unicode_page_37.png
Copying assets/minecraft/textures/font/unicode_page_38.png
Copying assets/minecraft/textures/font/unicode_page_39.png
Copying assets/minecraft/textures/font/unicode_page_3a.png
Copying assets/minecraft/textures/font/unicode_page_3b.png
Copying assets/minecraft/textures/font/unicode_page_3c.png
Copying assets/minecraft/textures/font/unicode_page_3d.png
Copying assets/minecraft/textures/font/unicode_page_3e.png
Copying assets/minecraft/textures/font/unicode_page_3f.png
Copying assets/minecraft/textures/font/unicode_page_40.png
Copying assets/minecraft/textures/font/unicode_page_41.png
Copying assets/minecraft/textures/font/unicode_page_42.png
Copying assets/minecraft/textures/font/unicode_page_43.png
Copying assets/minecraft/textures/font/unicode_page_44.png
Copying assets/minecraft/textures/font/unicode_page_45.png
Copying assets/minecraft/textures/font/unicode_page_46.png
Copying assets/minecraft/textures/font/unicode_page_47.png
Copying assets/minecraft/textures/font/unicode_page_48.png
Copying assets/minecraft/textures/font/unicode_page_49.png
Copying assets/minecraft/textures/font/unicode_page_4a.png
Copying assets/minecraft/textures/font/unicode_page_4b.png
Copying assets/minecraft/textures/font/unicode_page_4c.png
Copying assets/minecraft/textures/font/unicode_page_4d.png
Copying assets/minecraft/textures/font/unicode_page_4e.png
Copying assets/minecraft/textures/font/unicode_page_4f.png
Copying assets/minecraft/textures/font/unicode_page_50.png
Copying assets/minecraft/textures/font/unicode_page_51.png
Copying assets/minecraft/textures/font/unicode_page_52.png
Copying assets/minecraft/textures/font/unicode_page_53.png
Copying assets/minecraft/textures/font/unicode_page_54.png
Copying assets/minecraft/textures/font/unicode_page_55.png
Copying assets/minecraft/textures/font/unicode_page_56.png
Copying assets/minecraft/textures/font/unicode_page_57.png
Copying assets/minecraft/textures/font/unicode_page_58.png
Copying assets/minecraft/textures/font/unicode_page_59.png
Copying assets/minecraft/textures/font/unicode_page_5a.png
Copying assets/minecraft/textures/font/unicode_page_5b.png
Copying assets/minecraft/textures/font/unicode_page_5c.png
Copying assets/minecraft/textures/font/unicode_page_5d.png
Copying assets/minecraft/textures/font/unicode_page_5e.png
Copying assets/minecraft/textures/font/unicode_page_5f.png
Copying assets/minecraft/textures/font/unicode_page_60.png
Copying assets/minecraft/textures/font/unicode_page_61.png
Copying assets/minecraft/textures/font/unicode_page_62.png
Copying assets/minecraft/textures/font/unicode_page_63.png
Copying assets/minecraft/textures/font/unicode_page_64.png
Copying assets/minecraft/textures/font/unicode_page_65.png
Copying assets/minecraft/textures/font/unicode_page_66.png
Copying assets/minecraft/textures/font/unicode_page_67.png
Copying assets/minecraft/textures/font/unicode_page_68.png
Copying assets/minecraft/textures/font/unicode_page_69.png
Copying assets/minecraft/textures/font/unicode_page_6a.png
Copying assets/minecraft/textures/font/unicode_page_6b.png
Copying assets/minecraft/textures/font/unicode_page_6c.png
Copying assets/minecraft/textures/font/unicode_page_6d.png
Copying assets/minecraft/textures/font/unicode_page_6e.png
Copying assets/minecraft/textures/font/unicode_page_6f.png
Copying assets/minecraft/textures/font/unicode_page_70.png
Copying assets/minecraft/textures/font/unicode_page_71.png
Copying assets/minecraft/textures/font/unicode_page_72.png
Copying assets/minecraft/textures/font/unicode_page_73.png
Copying assets/minecraft/textures/font/unicode_page_74.png
Copying assets/minecraft/textures/font/unicode_page_75.png
Copying assets/minecraft/textures/font/unicode_page_76.png
Copying assets/minecraft/textures/font/unicode_page_77.png
Copying assets/minecraft/textures/font/unicode_page_78.png
Copying assets/minecraft/textures/font/unicode_page_79.png
Copying assets/minecraft/textures/font/unicode_page_7a.png
Copying assets/minecraft/textures/font/unicode_page_7b.png
Copying assets/minecraft/textures/font/unicode_page_7c.png
Copying assets/minecraft/textures/font/unicode_page_7d.png
Copying assets/minecraft/textures/font/unicode_page_7e.png
Copying assets/minecraft/textures/font/unicode_page_7f.png
Copying assets/minecraft/textures/font/unicode_page_80.png
Copying assets/minecraft/textures/font/unicode_page_81.png
Copying assets/minecraft/textures/font/unicode_page_82.png
Copying assets/minecraft/textures/font/unicode_page_83.png
Copying assets/minecraft/textures/font/unicode_page_84.png
Copying assets/minecraft/textures/font/unicode_page_85.png
Copying assets/minecraft/textures/font/unicode_page_86.png
Copying assets/minecraft/textures/font/unicode_page_87.png
Copying assets/minecraft/textures/font/unicode_page_88.png
Copying assets/minecraft/textures/font/unicode_page_89.png
Copying assets/minecraft/textures/font/unicode_page_8a.png
Copying assets/minecraft/textures/font/unicode_page_8b.png
Copying assets/minecraft/textures/font/unicode_page_8c.png
Copying assets/minecraft/textures/font/unicode_page_8d.png
Copying assets/minecraft/textures/font/unicode_page_8e.png
Copying assets/minecraft/textures/font/unicode_page_8f.png
Copying assets/minecraft/textures/font/unicode_page_90.png
Copying assets/minecraft/textures/font/unicode_page_91.png
Copying assets/minecraft/textures/font/unicode_page_92.png
Copying assets/minecraft/textures/font/unicode_page_93.png
Copying assets/minecraft/textures/font/unicode_page_94.png
Copying assets/minecraft/textures/font/unicode_page_95.png
Copying assets/minecraft/textures/font/unicode_page_96.png
Copying assets/minecraft/textures/font/unicode_page_97.png
Copying assets/minecraft/textures/font/unicode_page_98.png
Copying assets/minecraft/textures/font/unicode_page_99.png
Copying assets/minecraft/textures/font/unicode_page_9a.png
Copying assets/minecraft/textures/font/unicode_page_9b.png
Copying assets/minecraft/textures/font/unicode_page_9c.png
Copying assets/minecraft/textures/font/unicode_page_9d.png
Copying assets/minecraft/textures/font/unicode_page_9e.png
Copying assets/minecraft/textures/font/unicode_page_9f.png
Copying assets/minecraft/textures/font/unicode_page_a0.png
Copying assets/minecraft/textures/font/unicode_page_a1.png
Copying assets/minecraft/textures/font/unicode_page_a2.png
Copying assets/minecraft/textures/font/unicode_page_a3.png
Copying assets/minecraft/textures/font/unicode_page_a4.png
Copying assets/minecraft/textures/font/unicode_page_a5.png
Copying assets/minecraft/textures/font/unicode_page_a6.png
Copying assets/minecraft/textures/font/unicode_page_a7.png
Copying assets/minecraft/textures/font/unicode_page_a8.png
Copying assets/minecraft/textures/font/unicode_page_a9.png
Copying assets/minecraft/textures/font/unicode_page_aa.png
Copying assets/minecraft/textures/font/unicode_page_ab.png
Copying assets/minecraft/textures/font/unicode_page_ac.png
Copying assets/minecraft/textures/font/unicode_page_ad.png
Copying assets/minecraft/textures/font/unicode_page_ae.png
Copying assets/minecraft/textures/font/unicode_page_af.png
Copying assets/minecraft/textures/font/unicode_page_b0.png
Copying assets/minecraft/textures/font/unicode_page_b1.png
Copying assets/minecraft/textures/font/unicode_page_b2.png
Copying assets/minecraft/textures/font/unicode_page_b3.png
Copying assets/minecraft/textures/font/unicode_page_b4.png
Copying assets/minecraft/textures/font/unicode_page_b5.png
Copying assets/minecraft/textures/font/unicode_page_b6.png
Copying assets/minecraft/textures/font/unicode_page_b7.png
Copying assets/minecraft/textures/font/unicode_page_b8.png
Copying assets/minecraft/textures/font/unicode_page_b9.png
Copying assets/minecraft/textures/font/unicode_page_ba.png
Copying assets/minecraft/textures/font/unicode_page_bb.png
Copying assets/minecraft/textures/font/unicode_page_bc.png
Copying assets/minecraft/textures/font/unicode_page_bd.png
Copying assets/minecraft/textures/font/unicode_page_be.png
Copying assets/minecraft/textures/font/unicode_page_bf.png
Copying assets/minecraft/textures/font/unicode_page_c0.png
Copying assets/minecraft/textures/font/unicode_page_c1.png
Copying assets/minecraft/textures/font/unicode_page_c2.png
Copying assets/minecraft/textures/font/unicode_page_c3.png
Copying assets/minecraft/textures/font/unicode_page_c4.png
Copying assets/minecraft/textures/font/unicode_page_c5.png
Copying assets/minecraft/textures/font/unicode_page_c6.png
Copying assets/minecraft/textures/font/unicode_page_c7.png
Copying assets/minecraft/textures/font/unicode_page_c8.png
Copying assets/minecraft/textures/font/unicode_page_c9.png
Copying assets/minecraft/textures/font/unicode_page_ca.png
Copying assets/minecraft/textures/font/unicode_page_cb.png
Copying assets/minecraft/textures/font/unicode_page_cc.png
Copying assets/minecraft/textures/font/unicode_page_cd.png
Copying assets/minecraft/textures/font/unicode_page_ce.png
Copying assets/minecraft/textures/font/unicode_page_cf.png
Copying assets/minecraft/textures/font/unicode_page_d0.png
Copying assets/minecraft/textures/font/unicode_page_d1.png
Copying assets/minecraft/textures/font/unicode_page_d2.png
Copying assets/minecraft/textures/font/unicode_page_d3.png
Copying assets/minecraft/textures/font/unicode_page_d4.png
Copying assets/minecraft/textures/font/unicode_page_d5.png
Copying assets/minecraft/textures/font/unicode_page_d6.png
Copying assets/minecraft/textures/font/unicode_page_d7.png
Copying assets/minecraft/textures/font/unicode_page_f9.png
Copying assets/minecraft/textures/font/unicode_page_fa.png
Copying assets/minecraft/textures/font/unicode_page_fb.png
Copying assets/minecraft/textures/font/unicode_page_fc.png
Copying assets/minecraft/textures/font/unicode_page_fd.png
Copying assets/minecraft/textures/font/unicode_page_fe.png
Copying assets/minecraft/textures/font/unicode_page_ff.png
Copying assets/minecraft/textures/gui/book.png
Copying assets/minecraft/textures/gui/demo_background.png
Copying assets/minecraft/textures/gui/icons.png
Copying assets/minecraft/textures/gui/options_background.png
Copying assets/minecraft/textures/gui/resource_packs.png
Copying assets/minecraft/textures/gui/server_selection.png
Copying assets/minecraft/textures/gui/spectator_widgets.png
Copying assets/minecraft/textures/gui/stream_indicator.png
Copying assets/minecraft/textures/gui/widgets.png
Copying assets/minecraft/textures/gui/achievement/achievement_background.png
Copying assets/minecraft/textures/gui/achievement/achievement_icons.png
Copying assets/minecraft/textures/gui/container/anvil.png
Copying assets/minecraft/textures/gui/container/beacon.png
Copying assets/minecraft/textures/gui/container/brewing_stand.png
Copying assets/minecraft/textures/gui/container/crafting_table.png
Copying assets/minecraft/textures/gui/container/dispenser.png
Copying assets/minecraft/textures/gui/container/enchanting_table.png
Copying assets/minecraft/textures/gui/container/furnace.png
Copying assets/minecraft/textures/gui/container/generic_54.png
Copying assets/minecraft/textures/gui/container/hopper.png
Copying assets/minecraft/textures/gui/container/horse.png
Copying assets/minecraft/textures/gui/container/inventory.png
Copying assets/minecraft/textures/gui/container/stats_icons.png
Copying assets/minecraft/textures/gui/container/villager.png
Copying assets/minecraft/textures/gui/container/creative_inventory/tabs.png
Copying assets/minecraft/textures/gui/container/creative_inventory/tab_inventory.png
Copying assets/minecraft/textures/gui/container/creative_inventory/tab_items.png
Copying assets/minecraft/textures/gui/container/creative_inventory/tab_item_search.png
Copying assets/minecraft/textures/gui/presets/chaos.png
Copying assets/minecraft/textures/gui/presets/delight.png
Copying assets/minecraft/textures/gui/presets/drought.png
Copying assets/minecraft/textures/gui/presets/isles.png
Copying assets/minecraft/textures/gui/presets/luck.png
Copying assets/minecraft/textures/gui/presets/madness.png
Copying assets/minecraft/textures/gui/presets/water.png
Copying assets/minecraft/textures/gui/title/minecraft.png
Copying assets/minecraft/textures/gui/title/mojang.png
Copying assets/minecraft/textures/gui/title/background/panorama_0.png
Copying assets/minecraft/textures/gui/title/background/panorama_1.png
Copying assets/minecraft/textures/gui/title/background/panorama_2.png
Copying assets/minecraft/textures/gui/title/background/panorama_3.png
Copying assets/minecraft/textures/gui/title/background/panorama_4.png
Copying assets/minecraft/textures/gui/title/background/panorama_5.png
Copying assets/minecraft/textures/items/apple.png
Copying assets/minecraft/textures/items/apple_golden.png
Copying assets/minecraft/textures/items/arrow.png
Copying assets/minecraft/textures/items/banner_base.png
Copying assets/minecraft/textures/items/banner_overlay.png
Copying assets/minecraft/textures/items/barrier.png
Copying assets/minecraft/textures/items/bed.png
Copying assets/minecraft/textures/items/beef_cooked.png
Copying assets/minecraft/textures/items/beef_raw.png
Copying assets/minecraft/textures/items/blaze_powder.png
Copying assets/minecraft/textures/items/blaze_rod.png
Copying assets/minecraft/textures/items/boat.png
Copying assets/minecraft/textures/items/bone.png
Copying assets/minecraft/textures/items/book_enchanted.png
Copying assets/minecraft/textures/items/book_normal.png
Copying assets/minecraft/textures/items/book_writable.png
Copying assets/minecraft/textures/items/book_written.png
Copying assets/minecraft/textures/items/bowl.png
Copying assets/minecraft/textures/items/bow_pulling_0.png
Copying assets/minecraft/textures/items/bow_pulling_1.png
Copying assets/minecraft/textures/items/bow_pulling_2.png
Copying assets/minecraft/textures/items/bow_standby.png
Copying assets/minecraft/textures/items/bread.png
Copying assets/minecraft/textures/items/brewing_stand.png
Copying assets/minecraft/textures/items/brick.png
Copying assets/minecraft/textures/items/bucket_empty.png
Copying assets/minecraft/textures/items/bucket_lava.png
Copying assets/minecraft/textures/items/bucket_milk.png
Copying assets/minecraft/textures/items/bucket_water.png
Copying assets/minecraft/textures/items/cake.png
Copying assets/minecraft/textures/items/carrot.png
Copying assets/minecraft/textures/items/carrot_golden.png
Copying assets/minecraft/textures/items/carrot_on_a_stick.png
Copying assets/minecraft/textures/items/cauldron.png
Copying assets/minecraft/textures/items/chainmail_boots.png
Copying assets/minecraft/textures/items/chainmail_chestplate.png
Copying assets/minecraft/textures/items/chainmail_helmet.png
Copying assets/minecraft/textures/items/chainmail_leggings.png
Copying assets/minecraft/textures/items/charcoal.png
Copying assets/minecraft/textures/items/chicken_cooked.png
Copying assets/minecraft/textures/items/chicken_raw.png
Copying assets/minecraft/textures/items/clay_ball.png
Copying assets/minecraft/textures/items/clock.png
Copying assets/minecraft/textures/items/clock.png.mcmeta
Copying assets/minecraft/textures/items/coal.png
Copying assets/minecraft/textures/items/comparator.png
Copying assets/minecraft/textures/items/compass.png
Copying assets/minecraft/textures/items/compass.png.mcmeta
Copying assets/minecraft/textures/items/cookie.png
Copying assets/minecraft/textures/items/diamond.png
Copying assets/minecraft/textures/items/diamond_axe.png
Copying assets/minecraft/textures/items/diamond_boots.png
Copying assets/minecraft/textures/items/diamond_chestplate.png
Copying assets/minecraft/textures/items/diamond_helmet.png
Copying assets/minecraft/textures/items/diamond_hoe.png
Copying assets/minecraft/textures/items/diamond_horse_armor.png
Copying assets/minecraft/textures/items/diamond_leggings.png
Copying assets/minecraft/textures/items/diamond_pickaxe.png
Copying assets/minecraft/textures/items/diamond_shovel.png
Copying assets/minecraft/textures/items/diamond_sword.png
Copying assets/minecraft/textures/items/door_acacia.png
Copying assets/minecraft/textures/items/door_birch.png
Copying assets/minecraft/textures/items/door_dark_oak.png
Copying assets/minecraft/textures/items/door_iron.png
Copying assets/minecraft/textures/items/door_jungle.png
Copying assets/minecraft/textures/items/door_spruce.png
Copying assets/minecraft/textures/items/door_wood.png
Copying assets/minecraft/textures/items/dye_powder_black.png
Copying assets/minecraft/textures/items/dye_powder_blue.png
Copying assets/minecraft/textures/items/dye_powder_brown.png
Copying assets/minecraft/textures/items/dye_powder_cyan.png
Copying assets/minecraft/textures/items/dye_powder_gray.png
Copying assets/minecraft/textures/items/dye_powder_green.png
Copying assets/minecraft/textures/items/dye_powder_light_blue.png
Copying assets/minecraft/textures/items/dye_powder_lime.png
Copying assets/minecraft/textures/items/dye_powder_magenta.png
Copying assets/minecraft/textures/items/dye_powder_orange.png
Copying assets/minecraft/textures/items/dye_powder_pink.png
Copying assets/minecraft/textures/items/dye_powder_purple.png
Copying assets/minecraft/textures/items/dye_powder_red.png
Copying assets/minecraft/textures/items/dye_powder_silver.png
Copying assets/minecraft/textures/items/dye_powder_white.png
Copying assets/minecraft/textures/items/dye_powder_yellow.png
Copying assets/minecraft/textures/items/egg.png
Copying assets/minecraft/textures/items/emerald.png
Copying assets/minecraft/textures/items/empty_armor_slot_boots.png
Copying assets/minecraft/textures/items/empty_armor_slot_chestplate.png
Copying assets/minecraft/textures/items/empty_armor_slot_helmet.png
Copying assets/minecraft/textures/items/empty_armor_slot_leggings.png
Copying assets/minecraft/textures/items/ender_eye.png
Copying assets/minecraft/textures/items/ender_pearl.png
Copying assets/minecraft/textures/items/experience_bottle.png
Copying assets/minecraft/textures/items/feather.png
Copying assets/minecraft/textures/items/fireball.png
Copying assets/minecraft/textures/items/fireworks.png
Copying assets/minecraft/textures/items/fireworks_charge.png
Copying assets/minecraft/textures/items/fireworks_charge_overlay.png
Copying assets/minecraft/textures/items/fishing_rod_cast.png
Copying assets/minecraft/textures/items/fishing_rod_uncast.png
Copying assets/minecraft/textures/items/fish_clownfish_raw.png
Copying assets/minecraft/textures/items/fish_cod_cooked.png
Copying assets/minecraft/textures/items/fish_cod_raw.png
Copying assets/minecraft/textures/items/fish_pufferfish_raw.png
Copying assets/minecraft/textures/items/fish_salmon_cooked.png
Copying assets/minecraft/textures/items/fish_salmon_raw.png
Copying assets/minecraft/textures/items/flint.png
Copying assets/minecraft/textures/items/flint_and_steel.png
Copying assets/minecraft/textures/items/flower_pot.png
Copying assets/minecraft/textures/items/ghast_tear.png
Copying assets/minecraft/textures/items/glowstone_dust.png
Copying assets/minecraft/textures/items/gold_axe.png
Copying assets/minecraft/textures/items/gold_boots.png
Copying assets/minecraft/textures/items/gold_chestplate.png
Copying assets/minecraft/textures/items/gold_helmet.png
Copying assets/minecraft/textures/items/gold_hoe.png
Copying assets/minecraft/textures/items/gold_horse_armor.png
Copying assets/minecraft/textures/items/gold_ingot.png
Copying assets/minecraft/textures/items/gold_leggings.png
Copying assets/minecraft/textures/items/gold_nugget.png
Copying assets/minecraft/textures/items/gold_pickaxe.png
Copying assets/minecraft/textures/items/gold_shovel.png
Copying assets/minecraft/textures/items/gold_sword.png
Copying assets/minecraft/textures/items/gunpowder.png
Copying assets/minecraft/textures/items/hopper.png
Copying assets/minecraft/textures/items/iron_axe.png
Copying assets/minecraft/textures/items/iron_boots.png
Copying assets/minecraft/textures/items/iron_chestplate.png
Copying assets/minecraft/textures/items/iron_helmet.png
Copying assets/minecraft/textures/items/iron_hoe.png
Copying assets/minecraft/textures/items/iron_horse_armor.png
Copying assets/minecraft/textures/items/iron_ingot.png
Copying assets/minecraft/textures/items/iron_leggings.png
Copying assets/minecraft/textures/items/iron_pickaxe.png
Copying assets/minecraft/textures/items/iron_shovel.png
Copying assets/minecraft/textures/items/iron_sword.png
Copying assets/minecraft/textures/items/item_frame.png
Copying assets/minecraft/textures/items/lead.png
Copying assets/minecraft/textures/items/leather.png
Copying assets/minecraft/textures/items/leather_boots.png
Copying assets/minecraft/textures/items/leather_boots_overlay.png
Copying assets/minecraft/textures/items/leather_chestplate.png
Copying assets/minecraft/textures/items/leather_chestplate_overlay.png
Copying assets/minecraft/textures/items/leather_helmet.png
Copying assets/minecraft/textures/items/leather_helmet_overlay.png
Copying assets/minecraft/textures/items/leather_leggings.png
Copying assets/minecraft/textures/items/leather_leggings_overlay.png
Copying assets/minecraft/textures/items/magma_cream.png
Copying assets/minecraft/textures/items/map_empty.png
Copying assets/minecraft/textures/items/map_filled.png
Copying assets/minecraft/textures/items/melon.png
Copying assets/minecraft/textures/items/melon_speckled.png
Copying assets/minecraft/textures/items/minecart_chest.png
Copying assets/minecraft/textures/items/minecart_command_block.png
Copying assets/minecraft/textures/items/minecart_furnace.png
Copying assets/minecraft/textures/items/minecart_hopper.png
Copying assets/minecraft/textures/items/minecart_normal.png
Copying assets/minecraft/textures/items/minecart_tnt.png
Copying assets/minecraft/textures/items/mushroom_stew.png
Copying assets/minecraft/textures/items/mutton_cooked.png
Copying assets/minecraft/textures/items/mutton_raw.png
Copying assets/minecraft/textures/items/name_tag.png
Copying assets/minecraft/textures/items/netherbrick.png
Copying assets/minecraft/textures/items/nether_star.png
Copying assets/minecraft/textures/items/nether_wart.png
Copying assets/minecraft/textures/items/painting.png
Copying assets/minecraft/textures/items/paper.png
Copying assets/minecraft/textures/items/porkchop_cooked.png
Copying assets/minecraft/textures/items/porkchop_raw.png
Copying assets/minecraft/textures/items/potato.png
Copying assets/minecraft/textures/items/potato_baked.png
Copying assets/minecraft/textures/items/potato_poisonous.png
Copying assets/minecraft/textures/items/potion_bottle_drinkable.png
Copying assets/minecraft/textures/items/potion_bottle_empty.png
Copying assets/minecraft/textures/items/potion_bottle_splash.png
Copying assets/minecraft/textures/items/potion_overlay.png
Copying assets/minecraft/textures/items/prismarine_crystals.png
Copying assets/minecraft/textures/items/prismarine_shard.png
Copying assets/minecraft/textures/items/pumpkin_pie.png
Copying assets/minecraft/textures/items/quartz.png
Copying assets/minecraft/textures/items/quiver.png
Copying assets/minecraft/textures/items/rabbit_cooked.png
Copying assets/minecraft/textures/items/rabbit_foot.png
Copying assets/minecraft/textures/items/rabbit_hide.png
Copying assets/minecraft/textures/items/rabbit_raw.png
Copying assets/minecraft/textures/items/rabbit_stew.png
Copying assets/minecraft/textures/items/record_11.png
Copying assets/minecraft/textures/items/record_13.png
Copying assets/minecraft/textures/items/record_blocks.png
Copying assets/minecraft/textures/items/record_cat.png
Copying assets/minecraft/textures/items/record_chirp.png
Copying assets/minecraft/textures/items/record_far.png
Copying assets/minecraft/textures/items/record_mall.png
Copying assets/minecraft/textures/items/record_mellohi.png
Copying assets/minecraft/textures/items/record_stal.png
Copying assets/minecraft/textures/items/record_strad.png
Copying assets/minecraft/textures/items/record_wait.png
Copying assets/minecraft/textures/items/record_ward.png
Copying assets/minecraft/textures/items/redstone_dust.png
Copying assets/minecraft/textures/items/reeds.png
Copying assets/minecraft/textures/items/repeater.png
Copying assets/minecraft/textures/items/rotten_flesh.png
Copying assets/minecraft/textures/items/ruby.png
Copying assets/minecraft/textures/items/saddle.png
Copying assets/minecraft/textures/items/seeds_melon.png
Copying assets/minecraft/textures/items/seeds_pumpkin.png
Copying assets/minecraft/textures/items/seeds_wheat.png
Copying assets/minecraft/textures/items/shears.png
Copying assets/minecraft/textures/items/sign.png
Copying assets/minecraft/textures/items/slimeball.png
Copying assets/minecraft/textures/items/snowball.png
Copying assets/minecraft/textures/items/spawn_egg.png
Copying assets/minecraft/textures/items/spawn_egg_overlay.png
Copying assets/minecraft/textures/items/spider_eye.png
Copying assets/minecraft/textures/items/spider_eye_fermented.png
Copying assets/minecraft/textures/items/stick.png
Copying assets/minecraft/textures/items/stone_axe.png
Copying assets/minecraft/textures/items/stone_hoe.png
Copying assets/minecraft/textures/items/stone_pickaxe.png
Copying assets/minecraft/textures/items/stone_shovel.png
Copying assets/minecraft/textures/items/stone_sword.png
Copying assets/minecraft/textures/items/string.png
Copying assets/minecraft/textures/items/sugar.png
Copying assets/minecraft/textures/items/wheat.png
Copying assets/minecraft/textures/items/wooden_armorstand.png
Copying assets/minecraft/textures/items/wood_axe.png
Copying assets/minecraft/textures/items/wood_hoe.png
Copying assets/minecraft/textures/items/wood_pickaxe.png
Copying assets/minecraft/textures/items/wood_shovel.png
Copying assets/minecraft/textures/items/wood_sword.png
Copying assets/minecraft/textures/map/map_background.png
Copying assets/minecraft/textures/map/map_icons.png
Copying assets/minecraft/textures/misc/enchanted_item_glint.png
Copying assets/minecraft/textures/misc/enchanted_item_glint.png.mcmeta
Copying assets/minecraft/textures/misc/forcefield.png
Copying assets/minecraft/textures/misc/pumpkinblur.png
Copying assets/minecraft/textures/misc/pumpkinblur.png.mcmeta
Copying assets/minecraft/textures/misc/shadow.png
Copying assets/minecraft/textures/misc/shadow.png.mcmeta
Copying assets/minecraft/textures/misc/underwater.png
Copying assets/minecraft/textures/misc/unknown_pack.png
Copying assets/minecraft/textures/misc/unknown_server.png
Copying assets/minecraft/textures/misc/vignette.png
Copying assets/minecraft/textures/misc/vignette.png.mcmeta
Copying assets/minecraft/textures/models/armor/chainmail_layer_1.png
Copying assets/minecraft/textures/models/armor/chainmail_layer_2.png
Copying assets/minecraft/textures/models/armor/diamond_layer_1.png
Copying assets/minecraft/textures/models/armor/diamond_layer_2.png
Copying assets/minecraft/textures/models/armor/gold_layer_1.png
Copying assets/minecraft/textures/models/armor/gold_layer_2.png
Copying assets/minecraft/textures/models/armor/iron_layer_1.png
Copying assets/minecraft/textures/models/armor/iron_layer_2.png
Copying assets/minecraft/textures/models/armor/leather_layer_1.png
Copying assets/minecraft/textures/models/armor/leather_layer_1_overlay.png
Copying assets/minecraft/textures/models/armor/leather_layer_2.png
Copying assets/minecraft/textures/models/armor/leather_layer_2_overlay.png
Copying assets/minecraft/textures/painting/paintings_kristoffer_zetterstrand.png
Copying assets/minecraft/textures/particle/footprint.png
Copying assets/minecraft/textures/particle/particles.png
Copying assets/minecraft/lang/en_US.lang
Copying log4j2.xml
Copying Log4j-config.xsd
Copying Log4j-events.dtd
Copying Log4j-events.xsd
Copying yggdrasil_session_pubkey.der
Processing net/minecraft/world/gen/structure/StructureBoundingBox$1.class
Processed 767 -> 767
Processing net/minecraft/world/gen/structure/MapGenVillage$Start.class
Processed 3534 -> 3758
Processing net/minecraft/init/Bootstrap$12$1.class
Processed 1567 -> 1663
Processing net/minecraft/block/BlockRailBase$EnumRailDirection.class
Processed 2906 -> 3015
Processing net/minecraft/block/BlockRailBase$Rail.class
Processed 8592 -> 8680
Processing net/minecraft/server/management/PlayerProfileCache$2.class
Processed 914 -> 914
Processing net/minecraft/server/management/PlayerProfileCache$1.class
Processed 1093 -> 1200
Processing net/minecraft/client/renderer/entity/RenderSkeleton$1.class
Processed 1428 -> 1460
Processing net/minecraft/entity/passive/EntityWolf$1.class
Processed 1140 -> 1202
Processing net/minecraft/block/BlockWall$EnumType.class
Processed 2209 -> 2370
Processing net/minecraft/server/management/PlayerManager$PlayerInstance.class
Processed 9268 -> 9513
Processing net/minecraft/util/BlockPos$2$1.class
Processed 1846 -> 1860
Processing net/minecraft/client/particle/EntityFishWakeFX$Factory.class
Processed 985 -> 1213
Processing net/minecraft/util/EnumChatFormatting.class
Processed 5992 -> 6506
Processing net/minecraft/crash/CrashReport.class
Processed 10315 -> 10406
Processing net/minecraft/crash/CrashReportCategory.class
Processed 7472 -> 7996
Processing net/minecraft/realms/RealmsScrolledSelectionList.class
Processed 2608 -> 3015
Processing net/minecraft/util/ReportedException.class
Processed 862 -> 869
Processing net/minecraft/util/ChatAllowedCharacters.class
Processed 1040 -> 1146
Processing net/minecraft/block/BlockStoneBrick$EnumType.class
Processed 2452 -> 2613
Processing net/minecraft/util/Util.class
Processed 2049 -> 2106
Processing net/minecraft/command/IAdminCommand.class
Processed 248 -> 248
Processing net/minecraft/command/CommandBase.class
Processed 18642 -> 19688
Processing net/minecraft/command/CommandHandler.class
Processed 9306 -> 9583
Processing net/minecraft/client/gui/GuiOptions$1.class
Processed 1940 -> 2075
Processing net/minecraft/command/ICommand.class
Processed 1025 -> 1025
Processing net/minecraft/command/ICommandManager.class
Processed 795 -> 795
Processing net/minecraft/command/ICommandSender.class
Processed 831 -> 831
Processing net/minecraft/command/CommandResultStats.class
Processed 5376 -> 5795
Processing net/minecraft/command/PlayerSelector.class
Processed 19857 -> 20342
Processing net/minecraft/command/server/CommandAchievement.class
Processed 6624 -> 7051
Processing net/minecraft/command/server/CommandBanIp.class
Processed 5594 -> 5901
Processing net/minecraft/command/server/CommandBanPlayer.class
Processed 4268 -> 4511
Processing net/minecraft/command/CommandBlockData.class
Processed 4297 -> 4539
Processing net/minecraft/command/CommandClearInventory.class
Processed 5148 -> 5425
Processing net/minecraft/server/management/PlayerProfileCache$Serializer.class
Processed 4621 -> 4993
Processing net/minecraft/command/CommandClone.class
Processed 10269 -> 10956
Processing net/minecraft/command/CommandCompare.class
Processed 5813 -> 6200
Processing net/minecraft/command/server/CommandDeOp.class
Processed 2851 -> 3027
Processing net/minecraft/server/management/PlayerProfileCache$ProfileEntry.class
Processed 1589 -> 1705
Processing net/minecraft/client/network/LanServerDetector$ThreadLanServerFind.class
Processed 3057 -> 3119
Processing net/minecraft/command/CommandDebug.class
Processed 7377 -> 7807
Processing net/minecraft/client/network/LanServerDetector$LanServer.class
Processed 1139 -> 1159
Processing net/minecraft/command/CommandDefaultGameMode.class
Processed 2883 -> 2996
Processing net/minecraft/command/CommandEffect.class
Processed 5014 -> 5336
Processing net/minecraft/client/network/LanServerDetector$LanServerList.class
Processed 2724 -> 2799
Processing net/minecraft/block/state/BlockState$2.class
Processed 1340 -> 1395
Processing net/minecraft/block/state/BlockState$1.class
Processed 1068 -> 1099
Processing net/minecraft/scoreboard/Score$1.class
Processed 1072 -> 1137
Processing net/minecraft/client/renderer/BlockModelRenderer$1.class
Processed 896 -> 896
Processing net/minecraft/command/server/CommandBlockLogic$1.class
Processed 1015 -> 1039
Processing net/minecraft/client/renderer/BlockModelRenderer$AmbientOcclusionFace.class
Processed 7611 -> 7931
Processing net/minecraft/client/renderer/BlockModelRenderer$EnumNeighborInfo.class
Processed 5244 -> 5314
Processing net/minecraft/command/server/CommandBlockLogic$2.class
Processed 1012 -> 1036
Processing net/minecraft/util/ClassInheritanceMultiMap$1.class
Processed 1757 -> 1821
Processing net/minecraft/block/BlockDoor$EnumDoorHalf.class
Processed 1492 -> 1552
Processing net/minecraft/client/particle/EntityFlameFX$Factory.class
Processed 976 -> 1204
Processing net/minecraft/block/state/BlockState$StateImplementation.class
Processed 7656 -> 7817
Processing net/minecraft/entity/monster/EntitySpider$AISpiderTarget.class
Processed 1350 -> 1383
Processing net/minecraft/entity/monster/EntitySpider$GroupData.class
Processed 1015 -> 1034
Processing net/minecraft/entity/monster/IMob$2.class
Processed 889 -> 927
Processing net/minecraft/entity/monster/EntitySpider$AISpiderAttack.class
Processed 1631 -> 1678
Processing net/minecraft/entity/monster/IMob$1.class
Processed 815 -> 853
Processing net/minecraft/network/play/server/S38PacketPlayerListItem$Action.class
Processed 1486 -> 1547
Processing net/minecraft/network/play/server/S38PacketPlayerListItem$AddPlayerData.class
Processed 2469 -> 2543
Processing net/minecraft/block/BlockDoor$EnumHingePosition.class
Processed 1525 -> 1585
Processing net/minecraft/client/gui/GuiCreateFlatWorld$Details.class
Processed 7106 -> 7579
Processing net/minecraft/server/management/UserList$1.class
Processed 843 -> 843
Processing net/minecraft/client/renderer/BlockModelRenderer$Orientation.class
Processed 2550 -> 2606
Processing net/minecraft/client/renderer/BlockModelRenderer$VertexTranslations.class
Processed 2924 -> 3062
Processing net/minecraft/block/BlockRailBase$1.class
Processed 1239 -> 1239
Processing net/minecraft/network/play/server/S38PacketPlayerListItem$1.class
Processed 990 -> 990
Processing net/minecraft/inventory/ContainerEnchantment$1.class
Processed 1129 -> 1148
Processing net/minecraft/inventory/ContainerEnchantment$2.class
Processed 1169 -> 1199
Processing net/minecraft/inventory/ContainerEnchantment$3.class
Processed 1714 -> 1749
Processing net/minecraft/client/renderer/entity/layers/LayerArmorBase$1.class
Processed 1076 -> 1076
Processing net/minecraft/realms/RealmsClickableScrolledSelectionList.class
Processed 3229 -> 3962
Processing net/minecraft/dispenser/IBehaviorDispenseItem$1.class
Processed 695 -> 721
Processing net/minecraft/server/management/UserList$Serializer.class
Processed 3421 -> 3675
Processing net/minecraft/client/gui/inventory/GuiContainerCreative$CreativeSlot.class
Processed 2811 -> 2952
Processing net/minecraft/client/gui/inventory/GuiContainerCreative$ContainerCreative.class
Processed 3771 -> 3916
Processing net/minecraft/world/gen/structure/MapGenNetherBridge$Start.class
Processed 1994 -> 2084
Processing net/minecraft/client/resources/FallbackResourceManager$InputStreamLeakedResourceLogger.class
Processed 2235 -> 2238
Processing net/minecraft/realms/RealmsConnect$1.class
Processed 4908 -> 4979
Processing net/minecraft/util/EnumTypeAdapterFactory$1.class
Processed 2108 -> 2188
Processing net/minecraft/block/BlockSkull$1.class
Processed 1356 -> 1387
Processing net/minecraft/command/CommandResultStats$1.class
Processed 2316 -> 2492
Processing net/minecraft/block/BlockSkull$2.class
Processed 806 -> 806
Processing net/minecraft/event/ClickEvent$Action.class
Processed 2481 -> 2641
Processing net/minecraft/client/audio/SoundList$SoundEntry.class
Processed 2214 -> 2358
Processing net/minecraft/client/gui/GuiSelectWorld$List.class
Processed 4816 -> 4919
Processing net/minecraft/client/particle/EntitySmokeFX$Factory.class
Processed 1083 -> 1311
Processing net/minecraft/client/particle/EntityHugeExplodeFX$Factory.class
Processed 994 -> 1222
Processing net/minecraft/command/CommandResultStats$Type.class
Processed 2387 -> 2559
Processing net/minecraft/scoreboard/Team$EnumVisible.class
Processed 2399 -> 2542
Processing net/minecraft/realms/RealmsServerStatusPinger$1.class
Processed 4065 -> 4283
Processing net/minecraft/block/BlockPistonBase$1.class
Processed 867 -> 867
Processing net/minecraft/network/play/server/S14PacketEntity$S15PacketEntityRelMove.class
Processed 1620 -> 1798
Processing net/minecraft/network/play/server/S14PacketEntity$S17PacketEntityLookMove.class
Processed 1794 -> 2000
Processing net/minecraft/network/play/server/S14PacketEntity$S16PacketEntityLook.class
Processed 1593 -> 1757
Processing net/minecraft/client/multiplayer/ServerData$ServerResourceMode.class
Processed 2127 -> 2199
Processing net/minecraft/tileentity/TileEntityBanner$EnumBannerPattern.class
Processed 7884 -> 8252
Processing net/minecraft/entity/ai/EntityAITasks$EntityAITaskEntry.class
Processed 735 -> 778
Processing net/minecraft/world/WorldServerMulti$1.class
Processed 2232 -> 2651
Processing net/minecraft/client/renderer/vertex/VertexFormat$1.class
Processed 1058 -> 1058
Processing net/minecraft/entity/ai/EntityAIAvoidEntity$1.class
Processed 1433 -> 1494
Processing net/minecraft/client/gui/GuiKeyBindingList$KeyEntry.class
Processed 4853 -> 5437
Processing net/minecraft/network/NetworkSystem$6.class
Processed 1075 -> 1113
Processing net/minecraft/client/gui/GuiKeyBindingList$CategoryEntry.class
Processed 2268 -> 2739
Processing net/minecraft/network/NetworkSystem$7.class
Processed 1524 -> 1586
Processing net/minecraft/network/NetworkSystem$4.class
Processed 3061 -> 3075
Processing net/minecraft/network/NetworkSystem$5.class
Processed 1988 -> 2002
Processing net/minecraft/client/renderer/chunk/ChunkCompileTaskGenerator$Status.class
Processed 1578 -> 1639
Processing net/minecraft/client/renderer/chunk/ChunkCompileTaskGenerator$Type.class
Processed 1473 -> 1534
Processing net/minecraft/network/NetworkSystem$2.class
Processed 1208 -> 1208
Processing net/minecraft/network/NetworkSystem$3.class
Processed 1208 -> 1208
Processing net/minecraft/network/NetworkSystem$1.class
Processed 1190 -> 1190
Processing net/minecraft/command/PlayerSelector$12.class
Processed 1474 -> 1535
Processing net/minecraft/world/biome/BiomeGenBase$1.class
Processed 831 -> 831
Processing net/minecraft/command/PlayerSelector$11.class
Processed 1459 -> 1510
Processing net/minecraft/command/PlayerSelector$10.class
Processed 1220 -> 1291
Processing net/minecraft/client/particle/EntitySnowShovelFX$Factory.class
Processed 991 -> 1219
Processing net/minecraft/block/material/Material$1.class
Processed 554 -> 561
Processing net/minecraft/network/play/client/C16PacketClientStatus$EnumState.class
Processed 1381 -> 1442
Processing net/minecraft/world/biome/BiomeGenBase$TempCategory.class
Processed 1316 -> 1376
Processing net/minecraft/world/biome/BiomeGenBase$SpawnListEntry.class
Processed 1388 -> 1383
Processing net/minecraft/world/biome/BiomeGenBase$Height.class
Processed 717 -> 716
Processing net/minecraft/entity/passive/EntitySquid$AIMoveRandom.class
Processed 1346 -> 1409
Processing net/minecraft/block/BlockPistonExtension$1.class
Processed 828 -> 828
Processing net/minecraft/world/gen/structure/StructureStrongholdPieces$Stronghold$Door.class
Processed 1595 -> 1653
Processing net/minecraft/block/BlockRailPowered$1.class
Processed 1137 -> 1175
Processing net/minecraft/block/BlockRailPowered$2.class
Processed 1007 -> 1007
Processing net/minecraft/client/renderer/GlStateManager$1.class
Processed 970 -> 970
Processing net/minecraft/block/BlockButton$1.class
Processed 855 -> 855
Processing net/minecraft/client/particle/Barrier$Factory.class
Processed 1176 -> 1404
Processing net/minecraft/entity/monster/EntitySilverfish$AISummonSilverfish.class
Processed 2821 -> 2917
Processing net/minecraft/entity/monster/EntitySilverfish$AIHideInStone.class
Processed 3302 -> 3343
Processing net/minecraft/client/network/NetHandlerLoginClient$1.class
Processed 1643 -> 1681
Processing net/minecraft/world/gen/structure/ComponentScatteredFeaturePieces$1.class
Processed 764 -> 764
Processing net/minecraft/client/stream/IngestServerTester$2.class
Processed 1390 -> 1448
Processing net/minecraft/client/stream/IngestServerTester$1.class
Processed 4314 -> 4975
Processing net/minecraft/client/stream/IngestServerTester$3.class
Processed 1605 -> 1605
Processing net/minecraft/client/gui/GuiPageButtonList$GuiButtonEntry.class
Processed 900 -> 950
Processing net/minecraft/client/renderer/GlStateManager$TexGenCoord.class
Processed 902 -> 924
Processing net/minecraft/client/audio/SoundHandler$1.class
Processed 1011 -> 1011
Processing net/minecraft/client/gui/GuiPageButtonList$GuiResponder.class
Processed 482 -> 482
Processing net/minecraft/client/renderer/GlStateManager$TexGenState.class
Processed 1160 -> 1168
Processing net/minecraft/client/renderer/GlStateManager$TextureState.class
Processed 1091 -> 1099
Processing net/minecraft/client/audio/SoundHandler$3.class
Processed 1006 -> 1006
Processing net/minecraft/client/stream/IngestServerTester$IngestTestState.class
Processed 1850 -> 1909
Processing net/minecraft/client/audio/SoundHandler$2.class
Processed 2493 -> 2570
Processing net/minecraft/client/stream/IngestServerTester$IngestTestListener.class
Processed 632 -> 632
Processing net/minecraft/client/renderer/GlStateManager$PolygonOffsetState.class
Processed 1202 -> 1210
Processing net/minecraft/client/renderer/GlStateManager$StencilFunc.class
Processed 963 -> 971
Processing net/minecraft/client/renderer/GlStateManager$StencilState.class
Processed 1220 -> 1228
Processing net/minecraft/client/renderer/GlStateManager$TexGen.class
Processed 1422 -> 1483
Processing net/minecraft/world/gen/structure/ComponentScatteredFeaturePieces$DesertPyramid.class
Processed 10714 -> 10784
Processing net/minecraft/client/gui/GuiKeyBindingList$1.class
Processed 378 -> 378
Processing net/minecraft/client/renderer/GlStateManager$AlphaState.class
Processed 1118 -> 1126
Processing net/minecraft/client/renderer/GlStateManager$BlendState.class
Processed 1201 -> 1209
Processing net/minecraft/client/renderer/GlStateManager$BooleanState.class
Processed 1106 -> 1130
Processing net/minecraft/world/gen/structure/ComponentScatteredFeaturePieces$SwampHut.class
Processed 5588 -> 5658
Processing net/minecraft/world/gen/structure/ComponentScatteredFeaturePieces$Feature.class
Processed 3796 -> 3840
Processing net/minecraft/world/gen/structure/ComponentScatteredFeaturePieces$JunglePyramid.class
Processed 10907 -> 10977
Processing net/minecraft/client/renderer/GlStateManager$ColorMaterialState.class
Processed 1139 -> 1147
Processing net/minecraft/inventory/ContainerRepair$1.class
Processed 1051 -> 1070
Processing net/minecraft/client/renderer/GlStateManager$CullState.class
Processed 1071 -> 1079
Processing net/minecraft/inventory/ContainerRepair$2.class
Processed 4331 -> 4471
Processing net/minecraft/client/gui/GuiPageButtonList$GuiSlideEntry.class
Processed 1570 -> 1662
Processing net/minecraft/client/renderer/GlStateManager$DepthState.class
Processed 1125 -> 1133
Processing net/minecraft/client/renderer/GlStateManager$FogState.class
Processed 1172 -> 1180
Processing net/minecraft/client/gui/GuiPageButtonList$GuiLabelEntry.class
Processed 732 -> 768
Processing net/minecraft/client/renderer/GlStateManager$ClearState.class
Processed 1101 -> 1109
Processing net/minecraft/client/gui/GuiPageButtonList$GuiListEntry.class
Processed 1068 -> 1104
Processing net/minecraft/client/renderer/GlStateManager$Color.class
Processed 899 -> 949
Processing net/minecraft/client/gui/GuiPageButtonList$EditBoxEntry.class
Processed 1501 -> 1551
Processing net/minecraft/client/renderer/GlStateManager$ColorLogicState.class
Processed 1095 -> 1103
Processing net/minecraft/client/gui/GuiPageButtonList$GuiEntry.class
Processed 4970 -> 6050
Processing net/minecraft/client/renderer/GlStateManager$ColorMask.class
Processed 960 -> 968
Processing net/minecraft/block/BlockTrapDoor$1.class
Processed 772 -> 772
Processing net/minecraft/util/BlockPos$1.class
Processed 1033 -> 1081
Processing net/minecraft/util/BlockPos$2.class
Processed 1147 -> 1195
Processing net/minecraft/block/BlockBanner$BlockBannerHanging.class
Processed 4072 -> 4257
Processing net/minecraft/block/BlockBanner$BlockBannerStanding.class
Processed 2864 -> 2981
Processing net/minecraft/client/settings/GameSettings$1.class
Processed 840 -> 840
Processing net/minecraft/client/settings/GameSettings$2.class
Processed 1706 -> 1706
Processing net/minecraft/client/renderer/entity/RenderPigZombie$1.class
Processed 1431 -> 1463
Processing net/minecraft/block/BlockTrapDoor$DoorHalf.class
Processed 1540 -> 1621
Processing net/minecraft/item/crafting/RecipesBanners$1.class
Processed 246 -> 246
Processing net/minecraft/client/renderer/tileentity/TileEntityBannerRenderer$1.class
Processed 424 -> 424
Processing net/minecraft/client/renderer/block/model/FaceBakery$1.class
Processed 1252 -> 1252
Processing net/minecraft/util/BlockPos$MutableBlockPos.class
Processed 1692 -> 1891
Processing net/minecraft/client/renderer/tileentity/TileEntityBannerRenderer$TimedBannerTexture.class
Processed 1061 -> 1069
Processing net/minecraft/realms/RealmsSimpleScrolledSelectionList.class
Processed 2660 -> 3072
Processing net/minecraft/client/renderer/texture/TextureMap$1.class
Processed 1307 -> 1345
Processing net/minecraft/client/particle/EntityAuraFX$HappyVillagerFactory.class
Processed 1217 -> 1457
Processing net/minecraft/client/renderer/texture/TextureMap$2.class
Processed 1540 -> 1578
Processing net/minecraft/client/renderer/texture/TextureMap$3.class
Processed 1509 -> 1547
Processing net/minecraft/network/EnumConnectionState$4.class
Processed 1307 -> 1384
Processing net/minecraft/network/EnumConnectionState$3.class
Processed 1128 -> 1205
Processing net/minecraft/network/EnumConnectionState$2.class
Processed 8639 -> 8716
Processing net/minecraft/network/EnumConnectionState$1.class
Processed 829 -> 906
Processing net/minecraft/client/particle/EntityAuraFX$Factory.class
Processed 973 -> 1201
Processing net/minecraft/client/settings/GameSettings$Options.class
Processed 7981 -> 8161
Processing net/minecraft/item/crafting/RecipesBanners$RecipeDuplicatePattern.class
Processed 3129 -> 3202
Processing net/minecraft/item/crafting/RecipesBanners$RecipeAddPattern.class
Processed 5436 -> 5509
Processing net/minecraft/item/ItemArmor$1.class
Processed 3006 -> 3031
Processing net/minecraft/client/audio/SoundManager$2$1.class
Processed 1428 -> 1451
Processing net/minecraft/util/HttpUtil$1.class
Processed 5771 -> 6075
Processing net/minecraft/block/BlockQuartz$1.class
Processed 780 -> 780
Processing net/minecraft/block/BlockSandStone$EnumType.class
Processed 2352 -> 2513
Processing net/minecraft/server/MinecraftServer.class
Processed 46377 -> 47322
Processing net/minecraft/world/WorldSettings$GameType.class
Processed 3278 -> 3470
Processing net/minecraft/client/resources/ResourcePackListEntry$1.class
Processed 1769 -> 1842
Processing net/minecraft/inventory/ContainerHorseInventory$1.class
Processed 1336 -> 1424
Processing net/minecraft/inventory/ContainerHorseInventory$2.class
Processed 1725 -> 1836
Processing net/minecraft/item/ItemArmor$ArmorMaterial.class
Processed 2940 -> 3069
Processing net/minecraft/client/particle/EntityDropParticleFX$LavaFactory.class
Processed 1144 -> 1372
Processing net/minecraft/client/particle/EntityDropParticleFX$WaterFactory.class
Processed 1148 -> 1376
Processing net/minecraft/block/BlockNewLeaf$1.class
Processed 1013 -> 1044
Processing net/minecraft/block/BlockQuartz$EnumType.class
Processed 2356 -> 2472
Processing net/minecraft/tileentity/TileEntityChest$1.class
Processed 788 -> 788
Processing net/minecraft/command/CommandExecuteAt$1.class
Processed 3224 -> 3531
Processing net/minecraft/block/BlockBanner$1.class
Processed 766 -> 766
Processing net/minecraft/realms/RealmsEditBox.class
Processed 2117 -> 2350
Processing net/minecraft/network/ServerStatusResponse$Serializer.class
Processed 4596 -> 4677
Processing net/minecraft/network/ServerStatusResponse$PlayerCountData.class
Processed 1195 -> 1194
Processing net/minecraft/network/ServerStatusResponse$MinecraftProtocolVersionIdentifier.class
Processed 973 -> 979
Processing net/minecraft/realms/RealmsSliderButton.class
Processed 3216 -> 3573
Processing net/minecraft/block/BlockRedSandstone$EnumType.class
Processed 2384 -> 2545
Processing net/minecraft/entity/passive/EntityHorse$GroupData.class
Processed 605 -> 614
Processing net/minecraft/network/play/client/C03PacketPlayer$C06PacketPlayerPosLook.class
Processed 1913 -> 2135
Processing net/minecraft/network/play/client/C03PacketPlayer$C04PacketPlayerPosition.class
Processed 1665 -> 1859
Processing net/minecraft/util/BlockPos$1$1.class
Processed 1505 -> 1519
Processing net/minecraft/network/play/client/C03PacketPlayer$C05PacketPlayerLook.class
Processed 1598 -> 1748
Processing net/minecraft/client/gui/spectator/categories/TeleportToTeam$TeamSelectionObject.class
Processed 5149 -> 5289
Processing net/minecraft/client/renderer/entity/ArmorStandRenderer$1.class
Processed 1452 -> 1484
Processing net/minecraft/client/resources/SimpleReloadableResourceManager$1.class
Processed 1339 -> 1383
Processing net/minecraft/block/BlockLog$1.class
Processed 771 -> 771
Processing net/minecraft/entity/passive/EntityHorse$1.class
Processed 936 -> 967
Processing net/minecraft/block/BlockVine$1.class
Processed 803 -> 803
Processing net/minecraft/network/ServerStatusResponse$PlayerCountData$Serializer.class
Processed 4952 -> 5033
Processing net/minecraft/entity/monster/EntityGhast$AIRandomFly.class
Processed 1680 -> 1743
Processing net/minecraft/entity/monster/EntityGhast$AIFireballAttack.class
Processed 2908 -> 3018
Processing net/minecraft/entity/monster/EntityGhast$GhastMoveHelper.class
Processed 2239 -> 2468
Processing net/minecraft/entity/monster/EntityGhast$AILookAround.class
Processed 1469 -> 1521
Processing net/minecraft/entity/item/EntityMinecart$1.class
Processed 1604 -> 1604
Processing net/minecraft/block/BlockLog$EnumAxis.class
Processed 2124 -> 2220
Processing net/minecraft/crash/CrashReport$1.class
Processed 913 -> 926
Processing net/minecraft/crash/CrashReport$3.class
Processed 1183 -> 1196
Processing net/minecraft/crash/CrashReport$2.class
Processed 1219 -> 1232
Processing net/minecraft/crash/CrashReport$5.class
Processed 1556 -> 1569
Processing net/minecraft/crash/CrashReport$4.class
Processed 1226 -> 1239
Processing net/minecraft/crash/CrashReport$7.class
Processed 983 -> 996
Processing net/minecraft/crash/CrashReport$6.class
Processed 2110 -> 2123
Processing net/minecraft/client/particle/EffectRenderer$4.class
Processed 1408 -> 1446
Processing net/minecraft/block/BlockFlowerPot$1.class
Processed 1756 -> 1756
Processing net/minecraft/client/particle/EffectRenderer$1.class
Processed 1213 -> 1251
Processing net/minecraft/client/particle/EffectRenderer$2.class
Processed 1413 -> 1451
Processing net/minecraft/client/particle/EffectRenderer$3.class
Processed 1203 -> 1241
Processing net/minecraft/entity/item/EntityMinecart$EnumMinecartType.class
Processed 2867 -> 2972
Processing net/minecraft/block/BlockBeacon$1$1.class
Processed 1287 -> 1340
Processing net/minecraft/block/BlockFlowerPot$EnumFlowerType.class
Processed 3154 -> 3235
Processing net/minecraft/realms/RealmsVertexFormat.class
Processed 4027 -> 4179
Processing net/minecraft/client/gui/GuiFlatPresets$ListSlot.class
Processed 5150 -> 5576
Processing net/minecraft/client/gui/GuiFlatPresets$LayerItem.class
Processed 905 -> 955
Processing net/minecraft/item/ItemHoe$1.class
Processed 757 -> 757
Processing net/minecraft/client/particle/EntityFirework$OverlayFX.class
Processed 2576 -> 2953
Processing net/minecraft/tileentity/TileEntitySign$2.class
Processed 2848 -> 2966
Processing net/minecraft/client/particle/EntityFirework$SparkFX.class
Processed 4078 -> 4601
Processing net/minecraft/tileentity/TileEntitySign$1.class
Processed 2527 -> 2621
Processing net/minecraft/client/particle/EntityFirework$StarterFX.class
Processed 8482 -> 9875
Processing net/minecraft/block/BlockCocoa$1.class
Processed 763 -> 763
Processing net/minecraft/client/particle/EntityFirework$Factory.class
Processed 1401 -> 1641
Processing net/minecraft/realms/RealmsMth.class
Processed 4276 -> 5004
Processing net/minecraft/client/renderer/block/model/BlockPartFace$Deserializer.class
Processed 3031 -> 3241
Processing net/minecraft/realms/Realms.class
Processed 4585 -> 4720
Processing net/minecraft/block/Block$3.class
Processed 730 -> 744
Processing net/minecraft/block/Block$4.class
Processed 806 -> 820
Processing net/minecraft/block/Block$1.class
Processed 723 -> 737
Processing net/minecraft/block/BlockWorkbench$InterfaceCraftingTable.class
Processed 2001 -> 2069
Processing net/minecraft/block/Block$2.class
Processed 631 -> 645
Processing net/minecraft/command/PlayerSelector$2.class
Processed 1209 -> 1280
Processing net/minecraft/command/PlayerSelector$1.class
Processed 974 -> 1005
Processing net/minecraft/command/PlayerSelector$4.class
Processed 1507 -> 1558
Processing net/minecraft/world/gen/ChunkProviderSettings$1.class
Processed 230 -> 230
Processing net/minecraft/command/PlayerSelector$3.class
Processed 1241 -> 1312
Processing net/minecraft/command/PlayerSelector$6.class
Processed 3213 -> 3264
Processing net/minecraft/command/PlayerSelector$5.class
Processed 1519 -> 1590
Processing net/minecraft/command/PlayerSelector$8.class
Processed 1342 -> 1473
Processing net/minecraft/util/IChatComponent$Serializer.class
Processed 9268 -> 9419
Processing net/minecraft/command/PlayerSelector$7.class
Processed 1161 -> 1234
Processing net/minecraft/command/PlayerSelector$9.class
Processed 1216 -> 1289
Processing net/minecraft/client/renderer/entity/RenderZombie$1.class
Processed 1416 -> 1448
Processing net/minecraft/block/Block$EnumOffsetType.class
Processed 1329 -> 1389
Processing net/minecraft/block/Block$SoundType.class
Processed 1177 -> 1212
Processing net/minecraft/client/gui/GuiIngame$1.class
Processed 1393 -> 1455
Processing net/minecraft/world/gen/ChunkProviderSettings$Factory.class
Processed 10063 -> 10114
Processing net/minecraft/world/gen/ChunkProviderSettings$Serializer.class
Processed 8438 -> 8643
Processing net/minecraft/world/gen/structure/StructureOceanMonumentPieces$SimpleRoom.class
Processed 5718 -> 5840
Processing net/minecraft/world/gen/structure/StructureOceanMonumentPieces$Piece.class
Processed 7887 -> 8646
Processing net/minecraft/world/gen/structure/StructureOceanMonumentPieces$Penthouse.class
Processed 2785 -> 2926
Processing net/minecraft/world/gen/structure/StructureOceanMonumentPieces$EntryRoom.class
Processed 2481 -> 2578
Processing net/minecraft/profiler/PlayerUsageSnooper$1.class
Processed 2183 -> 2222
Processing net/minecraft/world/gen/structure/StructureOceanMonumentPieces$RoomDefinition.class
Processed 1939 -> 2011
Processing net/minecraft/world/gen/structure/StructureOceanMonumentPieces$WingRoom.class
Processed 3670 -> 3869
Processing net/minecraft/world/gen/structure/StructureOceanMonumentPieces$SimpleTopRoom.class
Processed 3590 -> 3734
Processing net/minecraft/world/gen/structure/StructureOceanMonumentPieces$DoubleXRoom.class
Processed 3701 -> 3834
Processing net/minecraft/world/gen/structure/StructureOceanMonumentPieces$MonumentCoreRoom.class
Processed 3902 -> 4090
Processing net/minecraft/world/gen/structure/StructureOceanMonumentPieces$MonumentRoomFitHelper.class
Processed 814 -> 814
Processing net/minecraft/world/gen/structure/StructureOceanMonumentPieces$MonumentBuilding.class
Processed 18589 -> 19511
Processing net/minecraft/world/gen/structure/StructureOceanMonumentPieces$DoubleZRoom.class
Processed 4126 -> 4259
Processing net/minecraft/world/gen/structure/StructureOceanMonumentPieces$DoubleYZRoom.class
Processed 4175 -> 4374
Processing net/minecraft/world/gen/structure/StructureOceanMonumentPieces$DoubleYRoom.class
Processed 3818 -> 3984
Processing net/minecraft/world/gen/structure/StructureOceanMonumentPieces$DoubleXYRoom.class
Processed 4418 -> 4595
Processing net/minecraft/entity/boss/EntityWither$1.class
Processed 1144 -> 1175
Processing net/minecraft/block/BlockAnvil$Anvil.class
Processed 1964 -> 2032
Processing net/minecraft/world/chunk/storage/ChunkLoader$AnvilConverterData.class
Processed 857 -> 877
Processing net/minecraft/nbt/JsonToNBT$Primitive.class
Processed 4499 -> 4609
Processing net/minecraft/nbt/JsonToNBT$List.class
Processed 1343 -> 1384
Processing net/minecraft/nbt/JsonToNBT$Compound.class
Processed 1387 -> 1428
Processing net/minecraft/nbt/JsonToNBT$Any.class
Processed 492 -> 492
Processing net/minecraft/block/BlockStoneSlab$EnumType.class
Processed 3503 -> 3768
Processing net/minecraft/client/audio/SoundManager$SoundSystemStarterThread.class
Processed 1873 -> 1905
Processing net/minecraft/client/gui/GuiCustomizeWorldScreen$1.class
Processed 1424 -> 1497
Processing net/minecraft/entity/player/InventoryPlayer$1.class
Processed 1186 -> 1222
Processing net/minecraft/client/particle/EntityReddustFX$Factory.class
Processed 985 -> 1213
Processing net/minecraft/network/NetHandlerPlayServer$3.class
Processed 1205 -> 1243
Processing net/minecraft/network/NetHandlerPlayServer$4.class
Processed 2548 -> 2548
Processing net/minecraft/client/particle/EntityLargeExplodeFX$Factory.class
Processed 1244 -> 1472
Processing net/minecraft/network/NetHandlerPlayServer$1.class
Processed 1543 -> 1581
Processing net/minecraft/block/state/pattern/BlockPattern$CacheLoader.class
Processed 1286 -> 1351
Processing net/minecraft/network/NetHandlerPlayServer$2.class
Processed 870 -> 884
Processing net/minecraft/block/state/pattern/BlockPattern$PatternHelper.class
Processed 2871 -> 3032
Processing net/minecraft/client/stream/ChatController$1.class
Processed 2996 -> 3149
Processing net/minecraft/client/stream/ChatController$2.class
Processed 1796 -> 1796
Processing net/minecraft/client/stream/ChatController$EnumChannelState.class
Processed 1584 -> 1645
Processing net/minecraft/client/stream/ChatController$ChatState.class
Processed 1485 -> 1544
Processing net/minecraft/client/gui/GuiOptionsRowList$Row.class
Processed 2962 -> 3423
Processing net/minecraft/client/stream/ChatController$ChatChannelListener.class
Processed 10455 -> 11299
Processing net/minecraft/client/stream/ChatController$ChatListener.class
Processed 1157 -> 1157
Processing net/minecraft/client/stream/ChatController$EnumEmoticonMode.class
Processed 1458 -> 1519
Processing net/minecraft/client/network/NetHandlerPlayClient$3$1$1.class
Processed 2128 -> 2142
Processing net/minecraft/world/gen/structure/MapGenScatteredFeature$Start.class
Processed 2260 -> 2350
Processing net/minecraft/block/BlockHugeMushroom$1.class
Processed 834 -> 834
Processing net/minecraft/entity/monster/EntityIronGolem$AINearestAttackableTargetNonCreeper.class
Processed 2131 -> 2281
Processing net/minecraft/util/WeightedRandom$Item.class
Processed 441 -> 448
Processing net/minecraft/client/particle/EntitySmokeFX$1.class
Processed 380 -> 380
Processing net/minecraft/world/chunk/storage/RegionFile$ChunkBuffer.class
Processed 930 -> 961
Processing net/minecraft/block/BlockHugeMushroom$EnumType.class
Processed 2914 -> 3023
Processing net/minecraft/util/Cartesian$Product$ProductIterator.class
Processed 2966 -> 3085
Processing net/minecraft/network/play/server/S45PacketTitle$Type.class
Processed 1997 -> 2134
Processing net/minecraft/block/BlockTallGrass$EnumType.class
Processed 2109 -> 2218
Processing net/minecraft/client/renderer/block/model/BreakingFour$1.class
Processed 1010 -> 1010
Processing net/minecraft/inventory/ContainerBeacon$BeaconSlot.class
Processed 1227 -> 1251
Processing net/minecraft/client/gui/GuiScreenAddServer$1.class
Processed 1526 -> 1621
Processing net/minecraft/client/particle/EntitySuspendFX$Factory.class
Processed 982 -> 1210
Processing net/minecraft/client/particle/MobAppearance$Factory.class
Processed 967 -> 1195
Processing net/minecraft/block/BlockStairs$EnumHalf.class
Processed 1524 -> 1605
Processing net/minecraft/block/BlockStairs$EnumShape.class
Processed 1778 -> 1859
Processing net/minecraft/client/gui/GuiScreenOptionsSounds$Button.class
Processed 4229 -> 4533
Processing net/minecraft/client/renderer/entity/RenderGiantZombie$1.class
Processed 1481 -> 1513
Processing net/minecraft/scoreboard/IScoreObjectiveCriteria$EnumRenderType.class
Processed 2247 -> 2376
Processing net/minecraft/nbt/NBTTagCompound$2.class
Processed 1133 -> 1169
Processing net/minecraft/nbt/NBTTagCompound$1.class
Processed 1353 -> 1389
Processing net/minecraft/block/BlockSilverfish$EnumType$5.class
Processed 1422 -> 1506
Processing net/minecraft/block/BlockSilverfish$EnumType$4.class
Processed 1420 -> 1504
Processing net/minecraft/block/BlockSilverfish$EnumType$6.class
Processed 1423 -> 1507
Processing net/minecraft/block/BlockSilverfish$EnumType$1.class
Processed 1352 -> 1422
Processing net/minecraft/block/BlockSilverfish$EnumType$3.class
Processed 1422 -> 1506
Processing net/minecraft/block/BlockSilverfish$EnumType$2.class
Processed 1000 -> 1084
Processing net/minecraft/entity/passive/EntityRabbit$AIEvilAttack.class
Processed 884 -> 906
Processing net/minecraft/entity/passive/EntityRabbit$EnumMoveType.class
Processed 2004 -> 2117
Processing net/minecraft/client/gui/ServerListEntryNormal$1.class
Processed 2054 -> 2068
Processing net/minecraft/block/BlockRedstoneTorch$Toggle.class
Processed 560 -> 582
Processing net/minecraft/realms/RealmsServerAddress.class
Processed 1175 -> 1225
Processing net/minecraft/network/play/client/C19PacketResourcePackStatus$Action.class
Processed 1445 -> 1506
Processing net/minecraft/client/gui/achievement/GuiStats$StatsItem$1.class
Processed 2518 -> 2595
Processing net/minecraft/realms/Tezzelator.class
Processed 2928 -> 3222
Processing net/minecraft/client/renderer/EntityRenderer$1.class
Processed 1083 -> 1127
Processing net/minecraft/world/GameRules$Value.class
Processed 1687 -> 1725
Processing net/minecraft/client/renderer/EntityRenderer$2.class
Processed 1304 -> 1318
Processing net/minecraft/client/renderer/EntityRenderer$3.class
Processed 1383 -> 1445
Processing net/minecraft/client/renderer/EntityRenderer$4.class
Processed 1766 -> 1804
Processing net/minecraft/world/GameRules$ValueType.class
Processed 1182 -> 1243
Processing net/minecraft/world/gen/structure/MapGenStructure$2.class
Processed 1311 -> 1370
Processing net/minecraft/block/BlockFlower$EnumFlowerType$1.class
Processed 1286 -> 1348
Processing net/minecraft/world/gen/structure/MapGenStructure$1.class
Processed 1299 -> 1358
Processing net/minecraft/entity/monster/EntityPigZombie$AIHurtByAggressor.class
Processed 1113 -> 1179
Processing net/minecraft/entity/monster/EntityPigZombie$AITargetAggressor.class
Processed 1056 -> 1064
Processing net/minecraft/world/gen/structure/MapGenStructure$3.class
Processed 1181 -> 1194
Processing net/minecraft/entity/passive/EntityVillager$PriceInfo.class
Processed 1083 -> 1092
Processing net/minecraft/entity/passive/EntityVillager$ITradeList.class
Processed 343 -> 343
Processing net/minecraft/entity/passive/EntityVillager$ListItemForEmeralds.class
Processed 2186 -> 2265
Processing net/minecraft/entity/passive/EntityVillager$ItemAndEmeraldToItem.class
Processed 2194 -> 2236
Processing net/minecraft/entity/passive/EntityVillager$ListEnchantedItemForEmeralds.class
Processed 2184 -> 2226
Processing net/minecraft/entity/passive/EntityVillager$ListEnchantedBookForEmeralds.class
Processed 2266 -> 2308
Processing net/minecraft/client/audio/SoundManager$1$1.class
Processed 1710 -> 1724
Processing net/minecraft/client/renderer/chunk/CompiledChunk$1.class
Processed 1083 -> 1154
Processing net/minecraft/entity/passive/EntityRabbit$AIPanic.class
Processed 796 -> 818
Processing net/minecraft/entity/passive/EntityRabbit$AIRaidFarm.class
Processed 3522 -> 3614
Processing net/minecraft/entity/passive/EntityRabbit$RabbitJumpHelper.class
Processed 1442 -> 1488
Processing net/minecraft/entity/passive/EntityRabbit$RabbitMoveHelper.class
Processed 901 -> 909
Processing net/minecraft/entity/passive/EntityRabbit$AIAvoidEntity.class
Processed 1202 -> 1276
Processing net/minecraft/entity/passive/EntityRabbit$RabbitTypeData.class
Processed 539 -> 547
Processing net/minecraft/entity/passive/EntityVillager$EmeraldForItems.class
Processed 1642 -> 1693
Processing net/minecraft/client/stream/TwitchStream$1$1.class
Processed 1018 -> 1050
Processing net/minecraft/entity/EntityList$EntityEggInfo.class
Processed 1972 -> 2015
Processing net/minecraft/realms/RealmsServerPing.class
Processed 612 -> 612
Processing net/minecraft/util/Util$EnumOS.class
Processed 1359 -> 1418
Processing net/minecraft/realms/RealmsBufferBuilder.class
Processed 5188 -> 6055
Processing net/minecraft/client/gui/GuiSlider$FormatHelper.class
Processed 421 -> 421
Processing net/minecraft/block/BlockFurnace$1.class
Processed 877 -> 877
Processing net/minecraft/inventory/ContainerPlayer$1.class
Processed 1873 -> 1926
Processing net/minecraft/world/biome/BiomeColorHelper$3.class
Processed 887 -> 899
Processing net/minecraft/world/biome/BiomeColorHelper$1.class
Processed 912 -> 924
Processing net/minecraft/world/biome/BiomeColorHelper$2.class
Processed 914 -> 926
Processing net/minecraft/world/biome/BiomeGenSavanna$Mutated.class
Processed 2459 -> 2673
Processing net/minecraft/client/renderer/block/model/ItemCameraTransforms$1.class
Processed 1156 -> 1156
Processing net/minecraft/network/play/server/S21PacketChunkData$Extracted.class
Processed 485 -> 485
Processing net/minecraft/realms/RealmsDefaultVertexFormat.class
Processed 3357 -> 3357
Processing net/minecraft/block/BlockStone$EnumType.class
Processed 3337 -> 3602
Processing net/minecraft/world/biome/BiomeColorHelper$ColorResolver.class
Processed 501 -> 501
Processing net/minecraft/world/WorldServer$ServerBlockEventList.class
Processed 727 -> 735
Processing net/minecraft/block/BlockRailDetector$1.class
Processed 1140 -> 1178
Processing net/minecraft/block/BlockPumpkin$1.class
Processed 1094 -> 1125
Processing net/minecraft/block/BlockSand$EnumType.class
Processed 2575 -> 2750
Processing net/minecraft/client/renderer/block/model/ItemCameraTransforms$TransformType.class
Processed 1918 -> 1978
Processing net/minecraft/client/renderer/block/model/ItemCameraTransforms$Deserializer.class
Processed 3280 -> 3310
Processing net/minecraft/entity/monster/EntityZombie$1.class
Processed 242 -> 242
Processing net/minecraft/world/WorldServer$1.class
Processed 1286 -> 1331
Processing net/minecraft/client/particle/EntityCrit2FX$MagicFactory.class
Processed 1293 -> 1533
Processing net/minecraft/util/MovingObjectPosition$MovingObjectType.class
Processed 1308 -> 1366
Processing net/minecraft/client/particle/EntityCrit2FX$Factory.class
Processed 976 -> 1204
Processing net/minecraft/block/BlockFlower$EnumFlowerColor.class
Processed 1434 -> 1495
Processing net/minecraft/block/BlockFlower$EnumFlowerType.class
Processed 5012 -> 5316
Processing net/minecraft/client/gui/spectator/categories/TeleportToPlayer$1.class
Processed 1588 -> 1653
Processing net/minecraft/realms/RealmsServerStatusPinger.class
Processed 4295 -> 4369
Processing net/minecraft/init/Bootstrap$3.class
Processed 964 -> 997
Processing net/minecraft/init/Bootstrap$4.class
Processed 1153 -> 1186
Processing net/minecraft/init/Bootstrap$1.class
Processed 1078 -> 1111
Processing net/minecraft/init/Bootstrap$2.class
Processed 959 -> 992
Processing net/minecraft/init/Bootstrap$7.class
Processed 2061 -> 2111
Processing net/minecraft/init/Bootstrap$8.class
Processed 2463 -> 2513
Processing net/minecraft/init/Bootstrap$5.class
Processed 1259 -> 1274
Processing net/minecraft/init/Bootstrap$6.class
Processed 2136 -> 2161
Processing net/minecraft/util/ChatStyle$Serializer.class
Processed 6786 -> 6867
Processing net/minecraft/entity/ai/EntityAIFindEntityNearest$1.class
Processed 1680 -> 1753
Processing net/minecraft/init/Bootstrap$9.class
Processed 3084 -> 3134
Processing net/minecraft/client/renderer/RenderGlobal$2.class
Processed 975 -> 975
Processing net/minecraft/util/ChatStyle$1.class
Processed 3122 -> 3223
Processing net/minecraft/client/renderer/RenderGlobal$1.class
Processed 1209 -> 1291
Processing net/minecraft/crash/CrashReportCategory$2.class
Processed 1681 -> 1704
Processing net/minecraft/crash/CrashReportCategory$1.class
Processed 1754 -> 1802
Processing net/minecraft/crash/CrashReportCategory$3.class
Processed 1111 -> 1135
Processing net/minecraft/crash/CrashReportCategory$6.class
Processed 1061 -> 1085
Processing net/minecraft/crash/CrashReportCategory$7.class
Processed 1102 -> 1126
Processing net/minecraft/block/BlockDirt$DirtType.class
Processed 2943 -> 3208
Processing net/minecraft/entity/monster/EntityZombie$GroupData.class
Processed 1100 -> 1143
Processing net/minecraft/client/particle/EntityExplodeFX$Factory.class
Processed 982 -> 1210
Processing net/minecraft/item/ItemLeaves.class
Processed 1806 -> 1917
Processing net/minecraft/item/ItemBucketMilk.class
Processed 2391 -> 2542
Processing net/minecraft/item/ItemMap.class
Processed 10341 -> 10660
Processing net/minecraft/item/ItemMultiTexture.class
Processed 1961 -> 2084
Processing net/minecraft/item/ItemMinecart.class
Processed 3706 -> 3915
Processing net/minecraft/item/ItemPickaxe.class
Processed 3007 -> 3080
Processing net/minecraft/item/ItemNameTag.class
Processed 1298 -> 1399
Processing net/minecraft/item/ItemPotion.class
Processed 13561 -> 14357
Processing net/minecraft/item/ItemPiston.class
Processed 459 -> 486
Processing net/minecraft/item/ItemRecord.class
Processed 4791 -> 4997
Processing net/minecraft/item/EnumRarity.class
Processed 1562 -> 1651
Processing net/minecraft/item/ItemSaddle.class
Processed 1688 -> 1840
Processing net/minecraft/item/ItemRedstone.class
Processed 2617 -> 2782
Processing net/minecraft/item/ItemSeeds.class
Processed 3230 -> 3388
Processing net/minecraft/nbt/NBTSizeTracker$1.class
Processed 485 -> 498
Processing net/minecraft/item/ItemSeedFood.class
Processed 2969 -> 3129
Processing net/minecraft/item/ItemSpade.class
Processed 1498 -> 1529
Processing net/minecraft/item/ItemShears.class
Processed 5961 -> 6256
Processing net/minecraft/item/ItemSimpleFoiled.class
Processed 603 -> 614
Processing net/minecraft/item/ItemSign.class
Processed 3616 -> 3768
Processing net/minecraft/item/ItemSlab.class
Processed 5681 -> 6224
Processing net/minecraft/item/ItemSkull.class
Processed 7723 -> 7914
Processing net/minecraft/item/ItemSnowball.class
Processed 1983 -> 2049
Processing net/minecraft/item/ItemSnow.class
Processed 4146 -> 4361
Processing net/minecraft/item/ItemSword.class
Processed 5511 -> 5825
Processing net/minecraft/item/ItemMonsterPlacer.class
Processed 10368 -> 10775
Processing net/minecraft/world/gen/structure/StructureComponent$1.class
Processed 815 -> 815
Processing net/minecraft/item/ItemColored.class
Processed 1918 -> 2077
Processing net/minecraft/item/ItemLilyPad.class
Processed 5000 -> 5080
Processing net/minecraft/crash/CrashReportCategory$Entry.class
Processed 1268 -> 1294
Processing net/minecraft/item/EnumAction.class
Processed 1121 -> 1180
Processing net/minecraft/creativetab/CreativeTabs$11.class
Processed 819 -> 829
Processing net/minecraft/item/ItemEditableBook.class
Processed 6661 -> 7068
Processing net/minecraft/creativetab/CreativeTabs$10.class
Processed 830 -> 840
Processing net/minecraft/item/ItemWritableBook.class
Processed 1800 -> 1917
Processing net/minecraft/creativetab/CreativeTabs$12.class
Processed 945 -> 955
Processing net/minecraft/potion/PotionHelper.class
Processed 11809 -> 12987
Processing net/minecraft/item/crafting/RecipesArmorDyes.class
Processed 4236 -> 4300
Processing net/minecraft/client/resources/ResourcePackRepository$3.class
Processed 1815 -> 1915
Processing net/minecraft/item/crafting/RecipesBanners.class
Processed 1907 -> 1911
Processing net/minecraft/item/crafting/RecipesArmor.class
Processed 2128 -> 2184
Processing net/minecraft/item/crafting/RecipesDyes.class
Processed 4839 -> 4873
Processing net/minecraft/item/crafting/RecipeBookCloning.class
Processed 3026 -> 3166
Processing net/minecraft/item/crafting/RecipesFood.class
Processed 2545 -> 2557
Processing net/minecraft/item/crafting/RecipeFireworks.class
Processed 5638 -> 5702
Processing net/minecraft/item/crafting/RecipesMapCloning.class
Processed 2638 -> 2702
Processing net/minecraft/item/crafting/FurnaceRecipes.class
Processed 6592 -> 6880
Processing net/minecraft/item/crafting/RecipesIngots.class
Processed 2333 -> 2378
Processing net/minecraft/item/crafting/RecipesMapExtending.class
Processed 2589 -> 2693
Processing net/minecraft/item/crafting/CraftingManager.class
Processed 21845 -> 22193
Processing net/minecraft/entity/DataWatcher$WatchableObject.class
Processed 1343 -> 1447
Processing net/minecraft/item/crafting/IRecipe.class
Processed 506 -> 506
Processing net/minecraft/item/crafting/ShapedRecipes.class
Processed 3402 -> 3499
Processing net/minecraft/item/crafting/RecipeRepairItem.class
Processed 3116 -> 3180
Processing net/minecraft/block/BlockStoneSlabNew$EnumType.class
Processed 2562 -> 2723
Processing net/minecraft/client/resources/ResourcePackRepository$1.class
Processed 1150 -> 1180
Processing net/minecraft/item/crafting/RecipesCrafting.class
Processed 6445 -> 6457
Processing net/minecraft/client/resources/ResourcePackRepository$2.class
Processed 1326 -> 1398
Processing net/minecraft/item/crafting/ShapelessRecipes.class
Processed 3043 -> 3112
Processing net/minecraft/item/crafting/RecipesWeapons.class
Processed 2122 -> 2178
Processing net/minecraft/item/crafting/RecipesTools.class
Processed 2466 -> 2522
Processing net/minecraft/client/renderer/RenderGlobal$ContainerLocalRenderInformation.class
Processed 1835 -> 1897
Processing net/minecraft/enchantment/EnchantmentArrowFire.class
Processed 1045 -> 1137
Processing net/minecraft/enchantment/EnchantmentArrowDamage.class
Processed 1073 -> 1165
Processing net/minecraft/enchantment/EnchantmentArrowKnockback.class
Processed 1083 -> 1175
Processing net/minecraft/item/Item$ToolMaterial.class
Processed 3740 -> 3859
Processing net/minecraft/enchantment/EnchantmentArrowInfinite.class
Processed 1057 -> 1149
Processing net/minecraft/enchantment/EnchantmentDurability.class
Processed 1751 -> 1919
Processing net/minecraft/enchantment/EnchantmentDamage.class
Processed 3419 -> 3712
Processing net/minecraft/enchantment/Enchantment.class
Processed 9055 -> 9444
Processing net/minecraft/enchantment/EnchantmentDigging.class
Processed 1438 -> 1546
Processing net/minecraft/block/BlockSilverfish$1.class
Processed 890 -> 890
Processing net/minecraft/enchantment/EnchantmentHelper.class
Processed 13766 -> 14735
Processing net/minecraft/enchantment/EnumEnchantmentType.class
Processed 2465 -> 2553
Processing net/minecraft/enchantment/EnchantmentFireAspect.class
Processed 1068 -> 1160
Processing net/minecraft/enchantment/EnchantmentData.class
Processed 686 -> 706
Processing net/minecraft/enchantment/EnchantmentKnockback.class
Processed 1070 -> 1162
Processing net/minecraft/enchantment/EnchantmentFishingSpeed.class
Processed 974 -> 1080
Processing net/minecraft/enchantment/EnchantmentOxygen.class
Processed 1061 -> 1153
Processing net/minecraft/enchantment/EnchantmentLootBonus.class
Processed 1472 -> 1602
Processing net/minecraft/world/gen/structure/StructureMineshaftPieces$1.class
Processed 833 -> 833
Processing net/minecraft/enchantment/EnchantmentThorns.class
Processed 2940 -> 3176
Processing net/minecraft/enchantment/EnchantmentProtection.class
Processed 3565 -> 3851
Processing net/minecraft/enchantment/EnchantmentWaterWalker.class
Processed 1076 -> 1168
Processing net/minecraft/enchantment/EnchantmentUntouching.class
Processed 1704 -> 1836
Processing net/minecraft/enchantment/EnchantmentWaterWorker.class
Processed 1073 -> 1165
Processing net/minecraft/entity/IMerchant.class
Processed 768 -> 768
Processing net/minecraft/village/MerchantRecipe.class
Processed 4004 -> 4253
Processing net/minecraft/block/BlockBed$EnumPartType.class
Processed 1516 -> 1591
Processing net/minecraft/village/MerchantRecipeList.class
Processed 4714 -> 5005
Processing net/minecraft/tileentity/MobSpawnerBaseLogic.class
Processed 10559 -> 10880
Processing net/minecraft/command/server/CommandBlockLogic.class
Processed 7535 -> 7897
Processing net/minecraft/util/EnumWorldBlockLayer.class
Processed 1472 -> 1532
Processing net/minecraft/block/BlockEventData.class
Processed 1663 -> 1738
Processing net/minecraft/world/ChunkCoordIntPair.class
Processed 2041 -> 2205
Processing net/minecraft/world/ColorizerFoliage.class
Processed 912 -> 1016
Processing net/minecraft/world/Explosion.class
Processed 11102 -> 11241
Processing net/minecraft/item/Item$8.class
Processed 991 -> 1022
Processing net/minecraft/world/ColorizerGrass.class
Processed 773 -> 882
Processing net/minecraft/item/Item$7.class
Processed 1144 -> 1175
Processing net/minecraft/world/GameRules.class
Processed 4313 -> 4605
Processing net/minecraft/world/MinecraftException.class
Processed 356 -> 363
Processing net/minecraft/item/Item$9.class
Processed 1151 -> 1182
Processing net/minecraft/world/World.class
Processed 88242 -> 95571
Processing net/minecraft/world/WorldSettings.class
Processed 2686 -> 2811
Processing net/minecraft/world/IWorldAccess.class
Processed 792 -> 792
Processing net/minecraft/world/WorldType.class
Processed 8478 -> 8825
Processing net/minecraft/world/IBlockAccess.class
Processed 1034 -> 1034
Processing net/minecraft/world/SpawnerAnimals.class
Processed 11709 -> 12058
Processing net/minecraft/world/EnumSkyBlock.class
Processed 1092 -> 1160
Processing net/minecraft/item/Item$2.class
Processed 1136 -> 1167
Processing net/minecraft/world/ChunkCache.class
Processed 6210 -> 6468
Processing net/minecraft/item/Item$1.class
Processed 1139 -> 1170
Processing net/minecraft/world/Teleporter.class
Processed 11748 -> 12775
Processing net/minecraft/item/Item$4.class
Processed 1142 -> 1173
Processing net/minecraft/world/biome/BiomeGenBeach.class
Processed 1035 -> 1042
Processing net/minecraft/item/Item$3.class
Processed 1142 -> 1173
Processing net/minecraft/world/NextTickListEntry.class
Processed 2457 -> 2574
Processing net/minecraft/item/Item$6.class
Processed 1142 -> 1173
Processing net/minecraft/world/biome/BiomeCache.class
Processed 3031 -> 3273
Processing net/minecraft/item/Item$5.class
Processed 1136 -> 1167
Processing net/minecraft/world/biome/BiomeGenBase.class
Processed 25807 -> 26595
Processing net/minecraft/block/BlockSilverfish$EnumType.class
Processed 4139 -> 4562
Processing net/minecraft/world/biome/BiomeColorHelper.class
Processed 2868 -> 2965
Processing net/minecraft/world/gen/structure/StructureMineshaftPieces$Stairs.class
Processed 4794 -> 4998
Processing net/minecraft/world/gen/structure/StructureMineshaftPieces$Room.class
Processed 6692 -> 6835
Processing net/minecraft/world/biome/WorldChunkManager.class
Processed 9618 -> 10367
Processing net/minecraft/world/gen/structure/StructureMineshaftPieces$Cross.class
Processed 7397 -> 7601
Processing net/minecraft/world/biome/BiomeDecorator.class
Processed 17269 -> 17402
Processing net/minecraft/world/gen/structure/StructureMineshaftPieces$Corridor.class
Processed 11685 -> 12085
Processing net/minecraft/world/biome/BiomeGenHills.class
Processed 6322 -> 6474
Processing net/minecraft/world/biome/BiomeGenDesert.class
Processed 1948 -> 2036
Processing net/minecraft/world/biome/BiomeGenForest.class
Processed 8136 -> 8271
Processing net/minecraft/world/biome/WorldChunkManagerHell.class
Processed 2933 -> 3718
Processing net/minecraft/world/biome/BiomeGenSnow.class
Processed 3407 -> 3604
Processing net/minecraft/world/biome/BiomeGenHell.class
Processed 1009 -> 1016
Processing net/minecraft/world/biome/BiomeGenMesa.class
Processed 9402 -> 10262
Processing net/minecraft/world/biome/BiomeGenJungle.class
Processed 4984 -> 5066
Processing net/minecraft/world/biome/BiomeGenMutated.class
Processed 3844 -> 4153
Processing net/minecraft/world/biome/BiomeGenMushroomIsland.class
Processed 1435 -> 1442
Processing net/minecraft/world/biome/BiomeGenPlains.class
Processed 5251 -> 5336
Processing net/minecraft/world/biome/BiomeGenOcean.class
Processed 1119 -> 1270
Processing net/minecraft/world/biome/BiomeGenRiver.class
Processed 453 -> 460
Processing net/minecraft/world/biome/BiomeGenStoneBeach.class
Processed 1038 -> 1046
Processing net/minecraft/world/biome/BiomeGenSavanna.class
Processed 3181 -> 3342
Processing net/minecraft/world/biome/BiomeGenTaiga.class
Processed 6348 -> 6746
Processing net/minecraft/world/biome/BiomeGenSwamp.class
Processed 4693 -> 4882
Processing net/minecraft/world/biome/BiomeEndDecorator.class
Processed 1950 -> 1999
Processing net/minecraft/world/biome/BiomeGenEnd.class
Processed 1555 -> 1587
Processing net/minecraft/block/BlockAir.class
Processed 1500 -> 1840
Processing net/minecraft/block/BlockAnvil.class
Processed 7020 -> 7782
Processing net/minecraft/block/BlockFlower$1.class
Processed 1302 -> 1364
Processing net/minecraft/block/BlockBarrier.class
Processed 1431 -> 1590
Processing net/minecraft/block/BlockBanner.class
Processed 6677 -> 7317
Processing net/minecraft/block/BlockBasePressurePlate.class
Processed 7466 -> 8666
Processing net/minecraft/block/BlockContainer.class
Processed 2921 -> 3289
Processing net/minecraft/network/PacketThreadUtil$1.class
Processed 965 -> 1013
Processing net/minecraft/block/BlockBeacon.class
Processed 4524 -> 5076
Processing net/minecraft/block/BlockRailBase.class
Processed 8620 -> 9662
Processing net/minecraft/block/Block.class
Processed 79867 -> 88122
Processing net/minecraft/block/BlockBed.class
Processed 11039 -> 12224
Processing net/minecraft/block/IGrowable.class
Processed 500 -> 500
Processing net/minecraft/init/Blocks.class
Processed 13034 -> 13054
Processing net/minecraft/block/BlockBrewingStand.class
Processed 8143 -> 9130
Processing net/minecraft/block/BlockBookshelf.class
Processed 1120 -> 1203
Processing net/minecraft/block/BlockButton.class
Processed 11969 -> 13407
Processing net/minecraft/block/BlockBush.class
Processed 6323 -> 6825
Processing net/minecraft/block/BlockCake.class
Processed 7428 -> 8465
Processing net/minecraft/block/BlockCactus.class
Processed 7468 -> 8074
Processing net/minecraft/block/BlockCauldron.class
Processed 9897 -> 10852
Processing net/minecraft/block/BlockCarrot.class
Processed 540 -> 540
Processing net/minecraft/block/BlockClay.class
Processed 1115 -> 1198
Processing net/minecraft/block/BlockChest.class
Processed 14865 -> 16330
Processing net/minecraft/entity/EntityTracker$1.class
Processed 1393 -> 1429
Processing net/minecraft/block/BlockColored.class
Processed 3740 -> 3940
Processing net/minecraft/block/BlockCocoa.class
Processed 10395 -> 11613
Processing net/minecraft/block/BlockRedstoneComparator.class
Processed 13453 -> 14849
Processing net/minecraft/block/BlockCommandBlock.class
Processed 6714 -> 7646
Processing net/minecraft/block/BlockCrops.class
Processed 8984 -> 9689
Processing net/minecraft/block/BlockWorkbench.class
Processed 1845 -> 2031
Processing net/minecraft/realms/RealmsBridge.class
Processed 2524 -> 2613
Processing net/minecraft/block/BlockDaylightDetector.class
Processed 7296 -> 7985
Processing net/minecraft/command/server/CommandAchievement$1.class
Processed 1579 -> 1689
Processing net/minecraft/block/BlockRailDetector.class
Processed 8805 -> 9677
Processing net/minecraft/block/BlockDeadBush.class
Processed 3163 -> 3459
Processing net/minecraft/block/BlockDirectional.class
Processed 1140 -> 1176
Processing net/minecraft/block/BlockRedstoneDiode.class
Processed 11641 -> 13312
Processing net/minecraft/entity/monster/EntityEnderman$AIFindPlayer.class
Processed 4300 -> 4300
Processing net/minecraft/block/BlockDispenser.class
Processed 11666 -> 12929
Processing net/minecraft/entity/monster/EntityEnderman$AIPlaceBlock.class
Processed 3186 -> 3190
Processing net/minecraft/block/BlockDirt.class
Processed 5231 -> 5516
Processing net/minecraft/block/BlockDoublePlant.class
Processed 14737 -> 16125
Processing net/minecraft/block/BlockDoor.class
Processed 14362 -> 15481
Processing net/minecraft/block/BlockDropper.class
Processed 3821 -> 3895
Processing net/minecraft/client/renderer/block/model/BlockPart$1.class
Processed 1004 -> 1004
Processing net/minecraft/block/BlockDragonEgg.class
Processed 5865 -> 6687
Processing net/minecraft/block/BlockEnchantmentTable.class
Processed 4590 -> 5100
Processing net/minecraft/block/BlockDynamicLiquid.class
Processed 8283 -> 9061
Processing net/minecraft/block/BlockEndPortalFrame.class
Processed 5301 -> 5842
Processing net/minecraft/block/BlockEndPortal.class
Processed 4361 -> 5145
Processing net/minecraft/block/ITileEntityProvider.class
Processed 212 -> 212
Processing net/minecraft/block/BlockEnderChest.class
Processed 7680 -> 8566
Processing net/minecraft/client/resources/model/ModelBakery$2.class
Processed 1726 -> 1772
Processing net/minecraft/block/BlockFarmland.class
Processed 7872 -> 8435
Processing net/minecraft/client/resources/model/ModelBakery$1.class
Processed 1422 -> 1477
Processing net/minecraft/block/BlockFalling.class
Processed 4216 -> 4560
Processing net/minecraft/block/state/BlockWorldState$1.class
Processed 1184 -> 1246
Processing net/minecraft/block/BlockFenceGate.class
Processed 8564 -> 9544
Processing net/minecraft/entity/monster/EntityEnderman$AITakeBlock.class
Processed 2759 -> 2759
Processing net/minecraft/block/BlockFence.class
Processed 7027 -> 7896
Processing net/minecraft/block/BlockFlower.class
Processed 4443 -> 4610
Processing net/minecraft/block/BlockFire.class
Processed 16109 -> 17174
Processing net/minecraft/block/BlockDoubleStoneSlabNew.class
Processed 399 -> 399
Processing net/minecraft/block/BlockFlowerPot.class
Processed 14480 -> 15520
Processing net/minecraft/client/particle/EntityPortalFX$Factory.class
Processed 979 -> 1207
Processing net/minecraft/client/renderer/ThreadDownloadImageData$1.class
Processed 3238 -> 3314
Processing net/minecraft/realms/RealmsScreen.class
Processed 9110 -> 10504
Processing net/minecraft/block/BlockDoubleStoneSlab.class
Processed 390 -> 390
Processing net/minecraft/block/BlockFurnace.class
Processed 10037 -> 11275
Processing net/minecraft/block/BlockDoubleWoodSlab.class
Processed 387 -> 387
Processing net/minecraft/block/BlockGlowstone.class
Processed 1624 -> 1804
Processing net/minecraft/block/BlockGlass.class
Processed 1296 -> 1341
Processing net/minecraft/block/BlockGravel.class
Processed 1161 -> 1240
Processing net/minecraft/block/BlockGrass.class
Processed 8166 -> 8616
Processing net/minecraft/block/BlockSlab.class
Processed 5678 -> 6220
Processing net/minecraft/block/BlockHalfStoneSlabNew.class
Processed 395 -> 395
Processing net/minecraft/block/BlockBreakable.class
Processed 2288 -> 2458
Processing net/minecraft/block/BlockHalfStoneSlab.class
Processed 386 -> 386
Processing net/minecraft/client/particle/EntityHeartFX$Factory.class
Processed 976 -> 1204
Processing net/minecraft/block/BlockHardenedClay.class
Processed 996 -> 1009
Processing net/minecraft/block/BlockHalfWoodSlab.class
Processed 383 -> 383
Processing net/minecraft/block/BlockHopper.class
Processed 9458 -> 10811
Processing net/minecraft/block/BlockHay.class
Processed 3406 -> 3664
Processing net/minecraft/block/BlockIce.class
Processed 5805 -> 5946
Processing net/minecraft/block/BlockHugeMushroom.class
Processed 5784 -> 6092
Processing net/minecraft/block/BlockLadder.class
Processed 7157 -> 7771
Processing net/minecraft/block/BlockJukebox.class
Processed 6676 -> 7500
Processing net/minecraft/block/BlockLeaves.class
Processed 11142 -> 11993
Processing net/minecraft/block/BlockLiquid.class
Processed 13569 -> 15228
Processing net/minecraft/block/BlockLever.class
Processed 10202 -> 11212
Processing net/minecraft/profiler/Profiler$Result.class
Processed 1357 -> 1448
Processing net/minecraft/block/BlockMelon.class
Processed 1519 -> 1666
Processing net/minecraft/entity/monster/EntityEnderman$1.class
Processed 1157 -> 1202
Processing net/minecraft/block/BlockLog.class
Processed 4125 -> 4345
Processing net/minecraft/block/BlockSilverfish.class
Processed 6383 -> 6838
Processing net/minecraft/block/BlockMobSpawner.class
Processed 2520 -> 2838
Processing net/minecraft/block/BlockMushroom.class
Processed 5506 -> 5960
Processing net/minecraft/block/BlockNetherBrick.class
Processed 999 -> 1012
Processing net/minecraft/client/particle/EntityHeartFX$AngryVillagerFactory.class
Processed 1233 -> 1473
Processing net/minecraft/block/BlockMycelium.class
Processed 5389 -> 5676
Processing net/minecraft/client/network/NetworkPlayerInfo$2.class
Processed 970 -> 970
Processing net/minecraft/block/BlockNetherrack.class
Processed 997 -> 1010
Processing net/minecraft/client/network/NetworkPlayerInfo$1.class
Processed 2252 -> 2333
Processing net/minecraft/block/BlockNetherWart.class
Processed 5757 -> 6232
Processing net/minecraft/block/BlockNewLog.class
Processed 4712 -> 4891
Processing net/minecraft/block/BlockNewLeaf.class
Processed 6447 -> 6808
Processing net/minecraft/block/BlockNote.class
Processed 5748 -> 6223
Processing net/minecraft/block/BlockStoneSlabNew.class
Processed 6559 -> 6907
Processing net/minecraft/client/main/GameConfiguration$ServerInformation.class
Processed 753 -> 775
Processing net/minecraft/block/BlockOldLeaf.class
Processed 7693 -> 8116
Processing net/minecraft/client/main/GameConfiguration$UserInformation.class
Processed 1033 -> 1083
Processing net/minecraft/block/BlockObsidian.class
Processed 1408 -> 1487
Processing net/minecraft/client/gui/GuiScreenCustomizePresets$ListPreset.class
Processed 4611 -> 4939
Processing net/minecraft/block/BlockOre.class
Processed 4247 -> 4632
Processing net/minecraft/block/BlockOldLog.class
Processed 4834 -> 5013
Processing net/minecraft/block/BlockPlanks.class
Processed 3888 -> 4074
Processing net/minecraft/client/gui/GuiScreenCustomizePresets$Info.class
Processed 1110 -> 1146
Processing net/minecraft/block/BlockRedstoneComparator$1.class
Processed 1392 -> 1461
Processing net/minecraft/block/BlockPackedIce.class
Processed 853 -> 870
Processing net/minecraft/block/BlockPotato.class
Processed 2259 -> 2437
Processing net/minecraft/block/BlockPortal.class
Processed 12997 -> 14078
Processing net/minecraft/block/BlockRailPowered.class
Processed 5888 -> 6280
Processing net/minecraft/block/BlockCompressedPowered.class
Processed 984 -> 1086
Processing net/minecraft/block/BlockPrismarine.class
Processed 4396 -> 4538
Processing net/minecraft/block/BlockPressurePlate.class
Processed 4298 -> 4577
Processing net/minecraft/block/BlockQuartz.class
Processed 6546 -> 6846
Processing net/minecraft/block/BlockPumpkin.class
Processed 8973 -> 9317
Processing net/minecraft/block/BlockRedFlower.class
Processed 599 -> 599
Processing net/minecraft/block/BlockRail.class
Processed 3333 -> 3507
Processing net/minecraft/block/BlockRedSandstone.class
Processed 3965 -> 4132
Processing net/minecraft/client/renderer/block/model/BlockPart$Deserializer.class
Processed 8255 -> 8683
Processing net/minecraft/block/BlockRedstoneWire.class
Processed 15207 -> 16583
Processing net/minecraft/block/BlockOldLog$1.class
Processed 985 -> 1023
Processing net/minecraft/block/BlockRedstoneOre.class
Processed 5956 -> 6888
Processing net/minecraft/block/BlockOldLog$2.class
Processed 1229 -> 1229
Processing net/minecraft/block/BlockRedstoneTorch.class
Processed 8579 -> 9594
Processing net/minecraft/block/BlockRedstoneLight.class
Processed 3095 -> 3473
Processing net/minecraft/client/main/GameConfiguration$FolderInformation.class
Processed 912 -> 962
Processing net/minecraft/block/BlockRedstoneRepeater.class
Processed 7325 -> 8137
Processing net/minecraft/client/main/GameConfiguration$GameInformation.class
Processed 740 -> 762
Processing net/minecraft/block/BlockReed.class
Processed 7784 -> 8411
Processing net/minecraft/block/BlockSand.class
Processed 3554 -> 3740
Processing net/minecraft/client/main/GameConfiguration$DisplayInformation.class
Processed 819 -> 869
Processing net/minecraft/block/BlockRotatedPillar.class
Processed 2906 -> 2950
Processing net/minecraft/block/BlockSapling.class
Processed 10202 -> 10663
Processing net/minecraft/block/BlockSandStone.class
Processed 3951 -> 4137
Processing net/minecraft/block/BlockSign.class
Processed 3654 -> 4258
Processing net/minecraft/block/BlockSeaLantern.class
Processed 1714 -> 1894
Processing net/minecraft/block/BlockSlime.class
Processed 2429 -> 2645
Processing net/minecraft/block/BlockSkull.class
Processed 14355 -> 15195
Processing net/minecraft/block/BlockSnow.class
Processed 7485 -> 8318
Processing net/minecraft/block/BlockSnowBlock.class
Processed 2074 -> 2229
Processing net/minecraft/block/BlockSponge.class
Processed 8661 -> 9286
Processing net/minecraft/block/BlockSoulSand.class
Processed 1803 -> 2033
Processing net/minecraft/block/BlockStainedGlassPane.class
Processed 4859 -> 5126
Processing net/minecraft/block/BlockStainedGlass.class
Processed 4959 -> 5296
Processing net/minecraft/block/BlockStandingSign.class
Processed 2948 -> 3106
Processing net/minecraft/block/BlockStairs.class
Processed 19604 -> 21604
Processing net/minecraft/block/BlockStem.class
Processed 9906 -> 10766
Processing net/minecraft/block/BlockStaticLiquid.class
Processed 4668 -> 5128
Processing net/minecraft/block/BlockStoneBrick.class
Processed 3933 -> 4100
Processing net/minecraft/block/BlockStone.class
Processed 4778 -> 5030
Processing net/minecraft/block/BlockButtonStone.class
Processed 316 -> 316
Processing net/minecraft/block/BlockRedstoneComparator$Mode.class
Processed 1604 -> 1685
Processing net/minecraft/block/BlockTallGrass.class
Processed 9170 -> 9998
Processing net/minecraft/block/BlockStoneSlab.class
Processed 6331 -> 6679
Processing net/minecraft/client/renderer/WorldVertexBufferUploader$1.class
Processed 1119 -> 1119
Processing net/minecraft/block/BlockTNT.class
Processed 6935 -> 7800
Processing net/minecraft/block/BlockPane.class
Processed 7324 -> 7830
Processing net/minecraft/block/BlockLeavesBase.class
Processed 1355 -> 1461
Processing net/minecraft/block/BlockTorch.class
Processed 9507 -> 10386
Processing net/minecraft/block/BlockTripWire.class
Processed 11248 -> 12502
Processing net/minecraft/block/BlockTrapDoor.class
Processed 10696 -> 11625
Processing net/minecraft/block/BlockVine.class
Processed 15029 -> 16211
Processing net/minecraft/block/BlockTripWireHook.class
Processed 13343 -> 14541
Processing net/minecraft/block/BlockWallSign.class
Processed 4275 -> 4578
Processing net/minecraft/block/BlockWall.class
Processed 8077 -> 8702
Processing net/minecraft/block/BlockWeb.class
Processed 2271 -> 2556
Processing net/minecraft/block/BlockLilyPad.class
Processed 4191 -> 4695
Processing net/minecraft/block/BlockButtonWood.class
Processed 314 -> 314
Processing net/minecraft/block/BlockPressurePlateWeighted.class
Processed 3692 -> 3985
Processing net/minecraft/block/BlockCarpet.class
Processed 6066 -> 6685
Processing net/minecraft/block/BlockWoodSlab.class
Processed 5819 -> 6167
Processing net/minecraft/tileentity/TileEntityBanner.class
Processed 5866 -> 6118
Processing net/minecraft/block/BlockYellowFlower.class
Processed 608 -> 608
Processing net/minecraft/tileentity/TileEntity.class
Processed 14804 -> 15269
Processing net/minecraft/block/BlockPortal$Size.class
Processed 4880 -> 5125
Processing net/minecraft/tileentity/TileEntityBeacon.class
Processed 12112 -> 12493
Processing net/minecraft/tileentity/TileEntityChest.class
Processed 12570 -> 13034
Processing net/minecraft/tileentity/TileEntityBrewingStand.class
Processed 10612 -> 11118
Processing net/minecraft/tileentity/TileEntityCommandBlock.class
Processed 1765 -> 1807
Processing net/minecraft/entity/player/EntityPlayer$1.class
Processed 785 -> 785
Processing net/minecraft/tileentity/TileEntityDaylightDetector.class
Processed 998 -> 998
Processing net/minecraft/tileentity/TileEntityComparator.class
Processed 1010 -> 1064
Processing net/minecraft/tileentity/TileEntityDropper.class
Processed 680 -> 680
Processing net/minecraft/tileentity/TileEntityDispenser.class
Processed 6142 -> 6649
Processing net/minecraft/tileentity/TileEntityEnderChest.class
Processed 2739 -> 2912
Processing net/minecraft/tileentity/TileEntityEnchantmentTable.class
Processed 4265 -> 4440
Processing net/minecraft/tileentity/TileEntityFurnace.class
Processed 12648 -> 13166
Processing net/minecraft/tileentity/TileEntityFlowerPot.class
Processed 2671 -> 2800
Processing net/minecraft/tileentity/TileEntityHopper.class
Processed 16572 -> 17714
Processing net/minecraft/tileentity/IHopper.class
Processed 258 -> 258
Processing net/minecraft/tileentity/TileEntityMobSpawner.class
Processed 1976 -> 2070
Processing net/minecraft/tileentity/TileEntityLockable.class
Processed 3320 -> 3427
Processing net/minecraft/tileentity/TileEntitySign.class
Processed 5863 -> 5934
Processing net/minecraft/tileentity/TileEntityNote.class
Processed 2441 -> 2481
Processing net/minecraft/tileentity/TileEntityEndPortal.class
Processed 324 -> 324
Processing net/minecraft/client/gui/GuiListExtended$IGuiListEntry.class
Processed 510 -> 510
Processing net/minecraft/tileentity/TileEntitySkull.class
Processed 4685 -> 4826
Processing net/minecraft/client/renderer/tileentity/TileEntitySkullRenderer$1.class
Processed 941 -> 941
Processing net/minecraft/block/BlockPistonExtension.class
Processed 9356 -> 10322
Processing net/minecraft/block/BlockPistonBase.class
Processed 15800 -> 16992
Processing net/minecraft/block/BlockPistonMoving.class
Processed 10791 -> 12092
Processing net/minecraft/tileentity/TileEntityPiston.class
Processed 7401 -> 7506
Processing net/minecraft/block/state/BlockPistonStructureHelper.class
Processed 4927 -> 4943
Processing net/minecraft/block/state/IBlockState.class
Processed 1188 -> 1188
Processing net/minecraft/block/state/BlockStateBase.class
Processed 4011 -> 4049
Processing net/minecraft/world/gen/structure/StructureOceanMonument$StartMonument.class
Processed 4470 -> 4830
Processing net/minecraft/block/state/BlockState.class
Processed 7218 -> 7305
Processing net/minecraft/block/state/BlockWorldState.class
Processed 2109 -> 2161
Processing net/minecraft/block/state/pattern/FactoryBlockPattern.class
Processed 5703 -> 5835
Processing net/minecraft/block/state/pattern/BlockPattern.class
Processed 5619 -> 6056
Processing net/minecraft/block/state/pattern/BlockHelper.class
Processed 1159 -> 1227
Processing net/minecraft/server/network/NetHandlerHandshakeTCP$1.class
Processed 776 -> 776
Processing net/minecraft/block/state/pattern/BlockStateHelper.class
Processed 3651 -> 3757
Processing net/minecraft/block/properties/PropertyBool.class
Processed 1526 -> 1598
Processing net/minecraft/block/properties/PropertyHelper.class
Processed 2124 -> 2171
Processing net/minecraft/block/properties/PropertyEnum.class
Processed 5017 -> 5178
Processing net/minecraft/block/properties/PropertyDirection.class
Processed 2219 -> 2269
Processing net/minecraft/block/properties/IProperty.class
Processed 489 -> 489
Processing net/minecraft/block/properties/PropertyInteger.class
Processed 2858 -> 3044
Processing net/minecraft/world/border/IBorderListener.class
Processed 516 -> 516
Processing net/minecraft/item/crafting/CraftingManager$1.class
Processed 1329 -> 1417
Processing net/minecraft/world/border/WorldBorder.class
Processed 7484 -> 7731
Processing net/minecraft/world/border/EnumBorderStatus.class
Processed 1455 -> 1526
Processing net/minecraft/world/chunk/NibbleArray.class
Processed 1889 -> 2169
Processing net/minecraft/world/chunk/IChunkProvider.class
Processed 1326 -> 1326
Processing net/minecraft/world/chunk/Chunk.class
Processed 37442 -> 39103
Processing net/minecraft/world/chunk/EmptyChunk.class
Processed 5468 -> 6402
Processing net/minecraft/world/chunk/storage/ExtendedBlockStorage.class
Processed 4285 -> 4899
Processing net/minecraft/world/chunk/storage/NibbleArrayReader.class
Processed 737 -> 823
Processing net/minecraft/world/chunk/storage/IChunkLoader.class
Processed 485 -> 485
Processing net/minecraft/world/chunk/storage/RegionFile.class
Processed 6457 -> 6884
Processing net/minecraft/world/chunk/storage/ChunkLoader.class
Processed 4801 -> 5186
Processing net/minecraft/world/chunk/storage/AnvilChunkLoader.class
Processed 18820 -> 19491
Processing net/minecraft/world/chunk/storage/RegionFileCache.class
Processed 2672 -> 2998
Processing net/minecraft/client/gui/achievement/GuiStats$Stats.class
Processed 7386 -> 7491
Processing net/minecraft/world/WorldProviderHell.class
Processed 2910 -> 3145
Processing net/minecraft/client/gui/achievement/GuiStats$StatsMobsList.class
Processed 4946 -> 5049
Processing net/minecraft/world/WorldProvider.class
Processed 13374 -> 14127
Processing net/minecraft/client/gui/achievement/GuiStats$StatsItem.class
Processed 4098 -> 4165
Processing net/minecraft/entity/player/EntityPlayer$EnumChatVisibility.class
Processed 2320 -> 2428
Processing net/minecraft/world/WorldProviderEnd.class
Processed 3350 -> 3669
Processing net/minecraft/client/gui/achievement/GuiStats$StatsGeneral.class
Processed 3134 -> 3237
Processing net/minecraft/entity/player/EntityPlayer$EnumStatus.class
Processed 1460 -> 1518
Processing net/minecraft/world/WorldProviderSurface.class
Processed 519 -> 519
Processing net/minecraft/client/gui/achievement/GuiStats$StatsBlock.class
Processed 4349 -> 4416
Processing net/minecraft/world/gen/MapGenRavine.class
Processed 7112 -> 7564
Processing net/minecraft/world/gen/ChunkProviderSettings.class
Processed 4938 -> 4974
Processing net/minecraft/world/chunk/ChunkPrimer.class
Processed 1799 -> 1973
Processing net/minecraft/world/gen/ChunkProviderFlat.class
Processed 10476 -> 11235
Processing net/minecraft/world/gen/ChunkProviderDebug.class
Processed 6121 -> 6752
Processing net/minecraft/world/gen/MapGenCaves.class
Processed 9062 -> 9561
Processing net/minecraft/world/gen/ChunkProviderHell.class
Processed 19966 -> 20289
Processing net/minecraft/world/gen/MapGenCavesHell.class
Processed 5018 -> 6035
Processing net/minecraft/world/gen/MapGenBase.class
Processed 1488 -> 1793
Processing net/minecraft/server/MinecraftServer$4.class
Processed 832 -> 859
Processing net/minecraft/world/gen/ChunkProviderGenerate.class
Processed 21202 -> 21520
Processing net/minecraft/world/gen/ChunkProviderEnd.class
Processed 12333 -> 12655
Processing net/minecraft/world/gen/feature/WorldGenBigTree.class
Processed 9642 -> 9751
Processing net/minecraft/world/gen/feature/WorldGenAbstractTree.class
Processed 2497 -> 2543
Processing net/minecraft/world/gen/feature/WorldGenBlockBlob.class
Processed 2523 -> 2694
Processing net/minecraft/server/MinecraftServer$1.class
Processed 1827 -> 1931
Processing net/minecraft/world/gen/feature/WorldGenForest.class
Processed 4682 -> 4702
Processing net/minecraft/world/gen/GeneratorBushFeature.class
Processed 1657 -> 1735
Processing net/minecraft/server/MinecraftServer$3.class
Processed 1607 -> 1631
Processing net/minecraft/world/gen/feature/WorldGeneratorBonusChest.class
Processed 3323 -> 3343
Processing net/minecraft/world/gen/feature/WorldGenCactus.class
Processed 1535 -> 1621
Processing net/minecraft/world/gen/feature/WorldGenDeadBush.class
Processed 2010 -> 2030
Processing net/minecraft/world/gen/feature/WorldGenClay.class
Processed 2030 -> 2187
Processing net/minecraft/world/gen/feature/WorldGenDoublePlant.class
Processed 1944 -> 2039
Processing net/minecraft/world/gen/feature/WorldGenDesertWells.class
Processed 4534 -> 4708
Processing net/minecraft/world/gen/feature/WorldGenFlowers.class
Processed 2331 -> 2473
Processing net/minecraft/world/gen/feature/WorldGenerator.class
Processed 1247 -> 1359
Processing net/minecraft/world/gen/feature/WorldGenFire.class
Processed 1639 -> 1703
Processing net/minecraft/world/gen/feature/WorldGenShrub.class
Processed 2676 -> 2696
Processing net/minecraft/world/gen/feature/WorldGenHellLava.class
Processed 2271 -> 2363
Processing net/minecraft/world/gen/feature/WorldGenGlowStone2.class
Processed 2266 -> 2386
Processing net/minecraft/world/gen/feature/WorldGenBigMushroom.class
Processed 4799 -> 4819
Processing net/minecraft/client/renderer/block/model/ModelBlockDefinition$Deserializer.class
Processed 4653 -> 4719
Processing net/minecraft/client/renderer/block/model/ModelBlockDefinition$Variant.class
Processed 2419 -> 2417
Processing net/minecraft/world/gen/feature/WorldGenIceSpike.class
Processed 3067 -> 3291
Processing net/minecraft/client/renderer/block/model/ModelBlockDefinition$MissingVariantException.class
Processed 885 -> 899
Processing net/minecraft/world/gen/feature/WorldGenIcePath.class
Processed 2042 -> 2200
Processing net/minecraft/world/gen/feature/WorldGenGlowStone1.class
Processed 2266 -> 2386
Processing net/minecraft/world/gen/feature/WorldGenLakes.class
Processed 4964 -> 5429
Processing net/minecraft/item/ItemMultiTexture$1.class
Processed 1156 -> 1229
Processing net/minecraft/world/gen/feature/WorldGenMegaPineTree.class
Processed 6046 -> 6146
Processing net/minecraft/world/gen/feature/WorldGenMegaJungle.class
Processed 4670 -> 4728
Processing net/minecraft/client/audio/SoundList$SoundEntry$Type.class
Processed 1859 -> 1989
Processing net/minecraft/world/gen/feature/WorldGenMelon.class
Processed 1650 -> 1714
Processing net/minecraft/world/gen/feature/WorldGenHugeTrees.class
Processed 4689 -> 4783
Processing net/minecraft/world/gen/feature/WorldGenMinable.class
Processed 3780 -> 3835
Processing net/minecraft/world/gen/feature/WorldGenDungeons.class
Processed 7312 -> 7341
Processing net/minecraft/world/gen/feature/WorldGenPumpkin.class
Processed 2230 -> 2294
Processing net/minecraft/client/renderer/block/model/ModelBlockDefinition$Variants.class
Processed 2082 -> 2097
Processing net/minecraft/world/gen/feature/WorldGenTaiga1.class
Processed 4649 -> 4669
Processing net/minecraft/world/gen/feature/WorldGenCanopyTree.class
Processed 6938 -> 7006
Processing net/minecraft/world/gen/feature/WorldGenReed.class
Processed 2166 -> 2263
Processing net/minecraft/world/gen/feature/WorldGenSavannaTree.class
Processed 6301 -> 6335
Processing net/minecraft/world/gen/feature/WorldGenSand.class
Processed 2084 -> 2256
Processing net/minecraft/world/gen/feature/WorldGenLiquids.class
Processed 2154 -> 2232
Processing net/minecraft/world/gen/feature/WorldGenSpikes.class
Processed 2864 -> 3066
Processing net/minecraft/world/gen/feature/WorldGenSwamp.class
Processed 6296 -> 6316
Processing net/minecraft/world/gen/feature/WorldGenTaiga2.class
Processed 4772 -> 4792
Processing net/minecraft/world/gen/feature/WorldGenTrees.class
Processed 8278 -> 8298
Processing net/minecraft/client/renderer/EnumFaceDirection$1.class
Processed 388 -> 388
Processing net/minecraft/world/gen/feature/WorldGenTallGrass.class
Processed 2548 -> 2568
Processing net/minecraft/world/gen/feature/WorldGenWaterlily.class
Processed 1507 -> 1593
Processing net/minecraft/world/gen/feature/WorldGenVines.class
Processed 2752 -> 2849
Processing net/minecraft/world/gen/FlatGeneratorInfo.class
Processed 7533 -> 7890
Processing net/minecraft/client/shader/ShaderLoader$ShaderType.class
Processed 2482 -> 2581
Processing net/minecraft/world/gen/FlatLayerInfo.class
Processed 2822 -> 3001
Processing net/minecraft/world/gen/structure/StructureBoundingBox.class
Processed 5111 -> 5899
Processing net/minecraft/world/gen/structure/StructureMineshaftPieces.class
Processed 5827 -> 6083
Processing net/minecraft/world/gen/structure/MapGenMineshaft.class
Processed 2291 -> 2436
Processing net/minecraft/world/gen/structure/MapGenNetherBridge.class
Processed 2329 -> 2461
Processing net/minecraft/world/gen/structure/StructureMineshaftStart.class
Processed 1318 -> 1375
Processing net/minecraft/world/gen/structure/StructureOceanMonument.class
Processed 4323 -> 4524
Processing net/minecraft/entity/EntityLivingBase$1.class
Processed 1050 -> 1095
Processing net/minecraft/world/gen/structure/StructureNetherBridgePieces.class
Processed 7610 -> 7714
Processing net/minecraft/world/gen/structure/MapGenScatteredFeature.class
Processed 5084 -> 5321
Processing net/minecraft/world/gen/structure/StructureOceanMonumentPieces.class
Processed 3131 -> 3131
Processing net/minecraft/world/gen/structure/MapGenStronghold.class
Processed 5918 -> 6016
Processing net/minecraft/world/gen/structure/ComponentScatteredFeaturePieces.class
Processed 1176 -> 1176
Processing net/minecraft/world/gen/structure/MapGenStructure.class
Processed 9792 -> 10133
Processing net/minecraft/world/gen/structure/StructureStrongholdPieces.class
Processed 11282 -> 11404
Processing net/minecraft/world/gen/structure/StructureOceanMonumentPieces$1.class
Processed 738 -> 738
Processing net/minecraft/world/gen/structure/MapGenStructureData.class
Processed 1581 -> 1739
Processing net/minecraft/world/gen/structure/MapGenStructureIO.class
Processed 6100 -> 6415
Processing net/minecraft/world/gen/structure/StructureStart.class
Processed 6873 -> 7255
Processing net/minecraft/world/gen/structure/StructureComponent.class
Processed 18978 -> 21974
Processing net/minecraft/world/gen/structure/StructureVillagePieces.class
Processed 13552 -> 14015
Processing net/minecraft/world/gen/structure/MapGenVillage.class
Processed 3330 -> 3530
Processing net/minecraft/inventory/ContainerBrewingStand$Ingredient.class
Processed 1169 -> 1199
Processing net/minecraft/inventory/ContainerBrewingStand$Potion.class
Processed 1845 -> 1933
Processing net/minecraft/client/stream/BroadcastController$2.class
Processed 942 -> 1000
Processing net/minecraft/world/gen/NoiseGeneratorImproved.class
Processed 4754 -> 5942
Processing net/minecraft/client/stream/BroadcastController$1.class
Processed 7921 -> 8641
Processing net/minecraft/world/gen/NoiseGeneratorPerlin.class
Processed 1764 -> 2229
Processing net/minecraft/client/stream/BroadcastController$3.class
Processed 1494 -> 1494
Processing net/minecraft/world/gen/NoiseGeneratorOctaves.class
Processed 1686 -> 2135
Processing net/minecraft/world/gen/NoiseGenerator.class
Processed 293 -> 293
Processing net/minecraft/world/gen/NoiseGeneratorSimplex.class
Processed 4630 -> 5524
Processing net/minecraft/block/material/MaterialLogic.class
Processed 733 -> 740
Processing net/minecraft/block/material/MaterialLiquid.class
Processed 763 -> 770
Processing net/minecraft/block/material/MaterialTransparent.class
Processed 737 -> 744
Processing net/minecraft/block/material/MapColor.class
Processed 3163 -> 3246
Processing net/minecraft/block/material/Material.class
Processed 4665 -> 4672
Processing net/minecraft/block/material/MaterialPortal.class
Processed 647 -> 654
Processing net/minecraft/client/stream/BroadcastController$BroadcastListener.class
Processed 1038 -> 1038
Processing net/minecraft/world/gen/layer/GenLayerEdge.class
Processed 3196 -> 3745
Processing net/minecraft/client/audio/SoundManager$2.class
Processed 947 -> 971
Processing net/minecraft/client/stream/BroadcastController$BroadcastState.class
Processed 2165 -> 2224
Processing net/minecraft/world/gen/layer/GenLayerDeepOcean.class
Processed 1555 -> 1810
Processing net/minecraft/world/gen/layer/GenLayerAddMushroomIsland.class
Processed 1497 -> 1738
Processing net/minecraft/world/gen/layer/GenLayerAddIsland.class
Processed 1927 -> 2192
Processing net/minecraft/world/gen/layer/GenLayerBiomeEdge.class
Processed 3887 -> 4680
Processing net/minecraft/world/gen/layer/GenLayerAddSnow.class
Processed 1213 -> 1418
Processing net/minecraft/world/gen/layer/GenLayerBiome.class
Processed 5270 -> 5328
Processing net/minecraft/client/audio/SoundManager$1.class
Processed 2281 -> 2294
Processing net/minecraft/world/gen/layer/GenLayerFuzzyZoom.class
Processed 646 -> 780
Processing net/minecraft/client/renderer/EnumFaceDirection$VertexInformation.class
Processed 1057 -> 1149
Processing net/minecraft/world/gen/structure/StructureOceanMonumentPieces$YDoubleRoomFitHelper.class
Processed 2362 -> 2437
Processing net/minecraft/world/gen/layer/IntCache.class
Processed 1866 -> 1934
Processing net/minecraft/world/gen/structure/StructureOceanMonumentPieces$XYDoubleRoomFitHelper.class
Processed 2511 -> 2586
Processing net/minecraft/world/gen/structure/StructureOceanMonumentPieces$XDoubleRoomFitHelper.class
Processed 2364 -> 2439
Processing net/minecraft/world/gen/layer/GenLayer.class
Processed 9826 -> 10103
Processing net/minecraft/block/BlockHopper$1.class
Processed 869 -> 907
Processing net/minecraft/world/gen/layer/GenLayerIsland.class
Processed 913 -> 1013
Processing net/minecraft/world/gen/structure/StructureOceanMonumentPieces$FitSimpleRoomTopHelper.class
Processed 2328 -> 2392
Processing net/minecraft/world/gen/layer/GenLayerHills.class
Processed 3853 -> 4134
Processing net/minecraft/world/gen/structure/StructureOceanMonumentPieces$FitSimpleRoomHelper.class
Processed 2031 -> 2095
Processing net/minecraft/world/gen/layer/GenLayerRareBiome.class
Processed 1223 -> 1370
Processing net/minecraft/world/gen/structure/StructureOceanMonumentPieces$ZDoubleRoomFitHelper.class
Processed 2500 -> 2575
Processing net/minecraft/world/gen/layer/GenLayerRiverInit.class
Processed 1056 -> 1190
Processing net/minecraft/client/renderer/EnumFaceDirection$Constants.class
Processed 923 -> 923
Processing net/minecraft/world/gen/structure/StructureOceanMonumentPieces$YZDoubleRoomFitHelper.class
Processed 2512 -> 2587
Processing net/minecraft/world/gen/layer/GenLayerRemoveTooMuchOcean.class
Processed 1314 -> 1557
Processing net/minecraft/world/gen/layer/GenLayerRiverMix.class
Processed 1610 -> 1781
Processing net/minecraft/world/gen/layer/GenLayerRiver.class
Processed 1488 -> 1743
Processing net/minecraft/world/gen/layer/GenLayerSmooth.class
Processed 1439 -> 1680
Processing net/minecraft/world/gen/layer/GenLayerShore.class
Processed 3993 -> 4468
Processing net/minecraft/world/gen/layer/GenLayerVoronoiZoom.class
Processed 2586 -> 3055
Processing net/minecraft/init/Bootstrap$14.class
Processed 1941 -> 1966
Processing net/minecraft/block/BlockTorch$1.class
Processed 891 -> 922
Processing net/minecraft/world/gen/structure/StructureStrongholdPieces$StairsStraight.class
Processed 5571 -> 5636
Processing net/minecraft/init/Bootstrap$15.class
Processed 4427 -> 4477
Processing net/minecraft/world/gen/structure/StructureStrongholdPieces$Straight.class
Processed 6452 -> 6558
Processing net/minecraft/world/gen/layer/GenLayerZoom.class
Processed 1975 -> 2330
Processing net/minecraft/init/Bootstrap$16.class
Processed 2339 -> 2389
Processing net/minecraft/enchantment/EnchantmentHelper$HurtIterator.class
Processed 1287 -> 1311
Processing net/minecraft/world/gen/structure/StructureStrongholdPieces$Stairs2.class
Processed 1675 -> 1675
Processing net/minecraft/pathfinding/Path.class
Processed 2451 -> 2661
Processing net/minecraft/enchantment/EnchantmentHelper$DamageIterator.class
Processed 1296 -> 1320
Processing net/minecraft/block/BlockTorch$2.class
Processed 852 -> 852
Processing net/minecraft/world/gen/structure/StructureStrongholdPieces$Stairs.class
Processed 7343 -> 7449
Processing net/minecraft/world/pathfinder/NodeProcessor.class
Processed 2059 -> 2168
Processing net/minecraft/pathfinding/PathPoint.class
Processed 2020 -> 2191
Processing net/minecraft/pathfinding/PathFinder.class
Processed 4528 -> 4977
Processing net/minecraft/world/gen/structure/StructureStrongholdPieces$Stronghold.class
Processed 7306 -> 7607
Processing net/minecraft/pathfinding/PathEntity.class
Processed 2683 -> 2932
Processing net/minecraft/world/gen/structure/StructureStrongholdPieces$PortalRoom.class
Processed 9862 -> 9968
Processing net/minecraft/world/gen/structure/StructureStrongholdPieces$PieceWeight.class
Processed 1441 -> 1464
Processing net/minecraft/world/pathfinder/SwimNodeProcessor.class
Processed 4030 -> 4550
Processing net/minecraft/world/gen/structure/StructureStrongholdPieces$Library.class
Processed 9057 -> 9127
Processing net/minecraft/world/gen/structure/StructureStrongholdPieces$LeftTurn.class
Processed 5359 -> 5424
Processing net/minecraft/enchantment/EnchantmentHelper$ModifierLiving.class
Processed 1275 -> 1298
Processing net/minecraft/world/gen/structure/StructureStrongholdPieces$Stones.class
Processed 2063 -> 2139
Processing net/minecraft/enchantment/EnchantmentHelper$IModifier.class
Processed 317 -> 317
Processing net/minecraft/world/gen/structure/StructureStrongholdPieces$RoomCrossing.class
Processed 9461 -> 9567
Processing net/minecraft/world/gen/structure/StructureStrongholdPieces$RightTurn.class
Processed 3798 -> 3863
Processing net/minecraft/enchantment/EnchantmentHelper$ModifierDamage.class
Processed 1241 -> 1264
Processing net/minecraft/world/gen/structure/StructureStrongholdPieces$Prison.class
Processed 5792 -> 5857
Processing net/minecraft/world/pathfinder/WalkNodeProcessor.class
Processed 7409 -> 8347
Processing net/minecraft/world/chunk/Chunk$1.class
Processed 1296 -> 1382
Processing net/minecraft/world/chunk/Chunk$2.class
Processed 1182 -> 1220
Processing net/minecraft/util/Vec4b.class
Processed 1417 -> 1517
Processing net/minecraft/world/WorldSavedData.class
Processed 759 -> 782
Processing net/minecraft/world/storage/MapData.class
Processed 8984 -> 9369
Processing net/minecraft/world/chunk/Chunk$3.class
Processed 1199 -> 1237
Processing net/minecraft/world/chunk/storage/AnvilSaveHandler.class
Processed 2113 -> 2144
Processing net/minecraft/world/storage/DerivedWorldInfo.class
Processed 5275 -> 5662
Processing net/minecraft/world/chunk/storage/AnvilSaveConverter.class
Processed 10797 -> 11505
Processing net/minecraft/world/storage/SaveFormatOld.class
Processed 6811 -> 7216
Processing net/minecraft/world/storage/SaveHandler.class
Processed 9265 -> 9383
Processing net/minecraft/init/Bootstrap$10.class
Processed 1880 -> 1905
Processing net/minecraft/world/storage/ISaveHandler.class
Processed 840 -> 840
Processing net/minecraft/init/Bootstrap$11.class
Processed 3155 -> 3180
Processing net/minecraft/world/storage/WorldInfo.class
Processed 18195 -> 19112
Processing net/minecraft/init/Bootstrap$12.class
Processed 3038 -> 3135
Processing net/minecraft/world/storage/ISaveFormat.class
Processed 1143 -> 1143
Processing net/minecraft/init/Bootstrap$13.class
Processed 2135 -> 2185
Processing net/minecraft/client/AnvilConverterException.class
Processed 522 -> 529
Processing net/minecraft/world/storage/SaveFormatComparator.class
Processed 2409 -> 2576
Processing net/minecraft/world/storage/SaveHandlerMP.class
Processed 1923 -> 2048
Processing net/minecraft/world/storage/SaveDataMemoryStorage.class
Processed 1623 -> 1702
Processing net/minecraft/world/storage/IPlayerFileData.class
Processed 352 -> 352
Processing net/minecraft/world/storage/MapStorage.class
Processed 6564 -> 6826
Processing net/minecraft/world/storage/ThreadedFileIOBase.class
Processed 2491 -> 2555
Processing net/minecraft/world/storage/IThreadedFileIO.class
Processed 144 -> 144
Processing net/minecraft/util/AxisAlignedBB.class
Processed 7622 -> 8735
Processing net/minecraft/util/Vec3.class
Processed 4313 -> 4827
Processing net/minecraft/util/MovingObjectPosition.class
Processed 2743 -> 2810
Processing net/minecraft/scoreboard/ScoreObjective.class
Processed 2175 -> 2251
Processing net/minecraft/scoreboard/Score.class
Processed 3048 -> 3185
Processing net/minecraft/entity/passive/EntitySheep$1.class
Processed 767 -> 792
Processing net/minecraft/scoreboard/ScorePlayerTeam.class
Processed 4760 -> 5082
Processing net/minecraft/scoreboard/Scoreboard.class
Processed 12737 -> 13774
Processing net/minecraft/scoreboard/Team.class
Processed 1162 -> 1174
Processing net/minecraft/scoreboard/ScoreboardSaveData.class
Processed 10342 -> 10631
Processing net/minecraft/scoreboard/ScoreDummyCriteria.class
Processed 1446 -> 1469
Processing net/minecraft/scoreboard/GoalColor.class
Processed 1734 -> 1772
Processing net/minecraft/world/chunk/Chunk$EnumCreateEntityType.class
Processed 1270 -> 1330
Processing net/minecraft/scoreboard/IScoreObjectiveCriteria.class
Processed 2552 -> 2552
Processing net/minecraft/scoreboard/ScoreHealthCriteria.class
Processed 1782 -> 1838
Processing net/minecraft/stats/ObjectiveStat.class
Processed 529 -> 537
Processing net/minecraft/client/renderer/ActiveRenderInfo.class
Processed 4621 -> 4932
Processing net/minecraft/client/settings/KeyBinding.class
Processed 3950 -> 4145
Processing net/minecraft/client/gui/ChatLine.class
Processed 976 -> 1012
Processing net/minecraft/client/renderer/GLAllocation.class
Processed 2027 -> 2224
Processing net/minecraft/client/renderer/RenderHelper.class
Processed 2483 -> 2672
Processing net/minecraft/util/MouseHelper.class
Processed 1263 -> 1263
Processing net/minecraft/client/gui/GuiSnooper$List.class
Processed 1915 -> 2134
Processing net/minecraft/client/Minecraft.class
Processed 91670 -> 92003
Processing net/minecraft/client/particle/EntitySplashFX$Factory.class
Processed 979 -> 1207
Processing net/minecraft/client/settings/GameSettings.class
Processed 33915 -> 34135
Processing net/minecraft/util/ScreenShotHelper.class
Processed 5266 -> 5556
Processing net/minecraft/client/LoadingScreenRenderer.class
Processed 6338 -> 6466
Processing net/minecraft/util/Timer.class
Processed 1660 -> 1745
Processing net/minecraft/util/MinecraftError.class
Processed 436 -> 436
Processing net/minecraft/client/gui/FontRenderer.class
Processed 18217 -> 19609
Processing net/minecraft/util/Session.class
Processed 3807 -> 3828
Processing net/minecraft/client/gui/Gui.class
Processed 6512 -> 8199
Processing net/minecraft/client/gui/GuiIngame.class
Processed 29774 -> 31267
Processing net/minecraft/client/gui/ScaledResolution.class
Processed 1772 -> 1802
Processing net/minecraft/client/gui/MapItemRenderer.class
Processed 3447 -> 3583
Processing net/minecraft/client/gui/GuiNewChat.class
Processed 9308 -> 9964
Processing net/minecraft/client/gui/GuiButton.class
Processed 4275 -> 4647
Processing net/minecraft/client/gui/GuiOverlayDebug.class
Processed 15878 -> 15960
Processing net/minecraft/client/particle/EntityLavaFX$Factory.class
Processed 964 -> 1192
Processing net/minecraft/client/renderer/texture/Stitcher$Holder.class
Processed 3094 -> 3135
Processing net/minecraft/client/gui/GuiUtilRenderComponents.class
Processed 4528 -> 4543
Processing net/minecraft/client/renderer/texture/Stitcher$Slot.class
Processed 3593 -> 3614
Processing net/minecraft/client/gui/GuiSlider.class
Processed 3692 -> 4037
Processing net/minecraft/client/gui/GuiTextField.class
Processed 12347 -> 13287
Processing net/minecraft/client/gui/GuiButtonLanguage.class
Processed 1501 -> 1610
Processing net/minecraft/client/gui/GuiLabel.class
Processed 3207 -> 3489
Processing net/minecraft/client/gui/GuiLockIconButton.class
Processed 2296 -> 2477
Processing net/minecraft/client/gui/GuiListButton.class
Processed 2100 -> 2252
Processing net/minecraft/client/gui/GuiOptionButton.class
Processed 1337 -> 1541
Processing net/minecraft/client/gui/GuiListExtended.class
Processed 2535 -> 3035
Processing net/minecraft/client/gui/GuiPageButtonList.class
Processed 11845 -> 12558
Processing net/minecraft/client/gui/GuiOptionsRowList.class
Processed 3384 -> 3631
Processing net/minecraft/client/gui/GuiSlot.class
Processed 11674 -> 12117
Processing net/minecraft/client/gui/GuiPlayerTabOverlay.class
Processed 13482 -> 14431
Processing net/minecraft/client/gui/GuiStreamIndicator.class
Processed 4325 -> 4502
Processing net/minecraft/client/gui/GuiOptionSlider.class
Processed 3357 -> 3696
Processing net/minecraft/client/gui/GuiSpectator.class
Processed 6761 -> 7107
Processing net/minecraft/client/gui/GuiClickableScrolledSelectionListProxy.class
Processed 3354 -> 3830
Processing net/minecraft/client/gui/GuiButtonRealmsProxy.class
Processed 2647 -> 3032
Processing net/minecraft/client/gui/GuiSlotRealmsProxy.class
Processed 2192 -> 2466
Processing net/minecraft/client/gui/GuiScreenRealmsProxy.class
Processed 6786 -> 8115
Processing net/minecraft/client/gui/ScreenChatOptions.class
Processed 3964 -> 4164
Processing net/minecraft/client/gui/GuiSimpleScrolledSelectionListProxy.class
Processed 5229 -> 5677
Processing net/minecraft/client/gui/GuiConfirmOpenLink.class
Processed 3040 -> 3211
Processing net/minecraft/client/gui/GuiChat.class
Processed 9255 -> 9392
Processing net/minecraft/client/gui/GuiYesNo.class
Processed 3795 -> 4132
Processing net/minecraft/client/gui/GuiYesNoCallback.class
Processed 301 -> 301
Processing net/minecraft/client/multiplayer/GuiConnecting.class
Processed 5773 -> 5950
Processing net/minecraft/client/gui/GuiCreateWorld.class
Processed 13328 -> 13490
Processing net/minecraft/client/gui/GuiCreateFlatWorld.class
Processed 5640 -> 5932
Processing net/minecraft/client/gui/GuiCustomizeWorldScreen.class
Processed 27171 -> 27862
Processing net/minecraft/client/gui/GuiScreenCustomizePresets.class
Processed 12256 -> 12930
Processing net/minecraft/client/gui/GuiScreenDemo.class
Processed 4801 -> 4997
Processing net/minecraft/client/gui/GuiGameOver.class
Processed 5135 -> 5384
Processing net/minecraft/client/gui/GuiDisconnected.class
Processed 3042 -> 3278
Processing net/minecraft/client/gui/GuiScreenServerList.class
Processed 4001 -> 4258
Processing net/minecraft/client/gui/GuiErrorScreen.class
Processed 2020 -> 2209
Processing net/minecraft/client/gui/GuiScreenAddServer.class
Processed 5421 -> 5678
Processing net/minecraft/client/gui/GuiLanguage.class
Processed 4797 -> 5070
Processing net/minecraft/client/gui/GuiSleepMP.class
Processed 3065 -> 3089
Processing net/minecraft/client/gui/GuiOptions.class
Processed 9375 -> 9666
Processing net/minecraft/client/gui/GuiIngameMenu.class
Processed 4979 -> 5014
Processing net/minecraft/client/gui/GuiMemoryErrorScreen.class
Processed 2895 -> 3056
Processing net/minecraft/client/gui/GuiScreenWorking.class
Processed 2209 -> 2369
Processing net/minecraft/client/gui/GuiFlatPresets.class
Processed 10073 -> 10701
Processing net/minecraft/client/gui/GuiRenameWorld.class
Processed 3997 -> 4289
Processing net/minecraft/client/renderer/block/model/ItemTransformVec3f$Deserializer.class
Processed 3860 -> 3919
Processing net/minecraft/client/gui/GuiLanguage$List.class
Processed 4849 -> 5116
Processing net/minecraft/client/gui/GuiDownloadTerrain.class
Processed 1960 -> 2102
Processing net/minecraft/client/gui/GuiSelectWorld.class
Processed 10297 -> 10611
Processing net/minecraft/client/multiplayer/GuiConnecting$1.class
Processed 4333 -> 4404
Processing net/minecraft/client/gui/GuiScreen.class
Processed 23404 -> 24154
Processing net/minecraft/client/gui/GuiCustomizeSkin.class
Processed 4175 -> 4424
Processing net/minecraft/client/gui/GuiShareToLan.class
Processed 4427 -> 4592
Processing net/minecraft/client/gui/GuiScreenOptionsSounds.class
Processed 3813 -> 4055
Processing net/minecraft/client/gui/GuiSnooper.class
Processed 5921 -> 6245
Processing net/minecraft/client/renderer/ItemRenderer$1.class
Processed 832 -> 832
Processing net/minecraft/client/gui/GuiMainMenu.class
Processed 20200 -> 20456
Processing net/minecraft/client/gui/GuiWinGame.class
Processed 9873 -> 10270
Processing net/minecraft/client/gui/GuiVideoSettings.class
Processed 4808 -> 5173
Processing net/minecraft/client/gui/achievement/GuiAchievements.class
Processed 16700 -> 16791
Processing net/minecraft/client/gui/achievement/GuiAchievement.class
Processed 4918 -> 5032
Processing net/minecraft/client/gui/IProgressMeter.class
Processed 577 -> 577
Processing net/minecraft/client/gui/achievement/GuiStats.class
Processed 10625 -> 11474
Processing net/minecraft/client/gui/GuiKeyBindingList.class
Processed 3837 -> 4034
Processing net/minecraft/client/gui/GuiControls.class
Processed 5649 -> 6067
Processing net/minecraft/client/particle/EntityBubbleFX$Factory.class
Processed 979 -> 1207
Processing net/minecraft/client/gui/GuiRepair.class
Processed 8112 -> 8907
Processing net/minecraft/client/gui/inventory/GuiContainer.class
Processed 16525 -> 17131
Processing net/minecraft/client/gui/GuiScreenBook.class
Processed 14714 -> 15506
Processing net/minecraft/client/gui/inventory/GuiBeacon.class
Processed 8011 -> 8713
Processing net/minecraft/client/gui/GuiCommandBlock.class
Processed 6290 -> 6569
Processing net/minecraft/network/play/server/S3CPacketUpdateScore$Action.class
Processed 1264 -> 1325
Processing net/minecraft/client/gui/inventory/GuiBrewingStand.class
Processed 3039 -> 3322
Processing net/minecraft/client/gui/inventory/GuiCrafting.class
Processed 2632 -> 2913
Processing net/minecraft/client/gui/inventory/GuiChest.class
Processed 2869 -> 3119
Processing net/minecraft/client/gui/inventory/GuiContainerCreative.class
Processed 23163 -> 23730
Processing net/minecraft/client/gui/inventory/CreativeCrafting.class
Processed 1905 -> 2196
Processing net/minecraft/client/renderer/InventoryEffectRenderer.class
Processed 4620 -> 4635
Processing net/minecraft/client/gui/inventory/GuiDispenser.class
Processed 2691 -> 2941
Processing net/minecraft/client/gui/GuiEnchantment.class
Processed 10891 -> 11579
Processing net/minecraft/util/EnchantmentNameParts.class
Processed 1876 -> 1932
Processing net/minecraft/block/BlockPrismarine$EnumType.class
Processed 2343 -> 2504
Processing net/minecraft/client/gui/inventory/GuiFurnace.class
Processed 3260 -> 3597
Processing net/minecraft/world/gen/structure/StructureStrongholdPieces$3.class
Processed 1522 -> 1522
Processing net/minecraft/world/gen/structure/StructureStrongholdPieces$2.class
Processed 1096 -> 1119
Processing net/minecraft/world/gen/structure/StructureStrongholdPieces$1.class
Processed 1096 -> 1119
Processing net/minecraft/client/gui/inventory/GuiScreenHorseInventory.class
Processed 3510 -> 3814
Processing net/minecraft/client/gui/GuiHopper.class
Processed 2738 -> 2975
Processing net/minecraft/client/gui/GuiMerchant.class
Processed 7947 -> 8437
Processing net/minecraft/client/gui/inventory/GuiInventory.class
Processed 5648 -> 6221
Processing net/minecraft/client/gui/inventory/GuiEditSign.class
Processed 5150 -> 5401
Processing net/minecraft/client/gui/GuiMultiplayer.class
Processed 13120 -> 13349
Processing net/minecraft/client/gui/ServerListEntryLanDetected.class
Processed 3021 -> 3482
Processing net/minecraft/client/gui/ServerListEntryLanScan.class
Processed 2329 -> 2809
Processing net/minecraft/client/gui/ServerSelectionList.class
Processed 4020 -> 4228
Processing net/minecraft/tileentity/TileEntity$2.class
Processed 2168 -> 2182
Processing net/minecraft/client/gui/ServerListEntryNormal.class
Processed 11858 -> 12124
Processing net/minecraft/enchantment/EnchantmentHelper$1.class
Processed 251 -> 251
Processing net/minecraft/tileentity/TileEntity$1.class
Processed 1392 -> 1406
Processing net/minecraft/client/stream/TwitchStream$1.class
Processed 4527 -> 4660
Processing net/minecraft/tileentity/TileEntity$3.class
Processed 2231 -> 2245
Processing net/minecraft/client/resources/ResourcePackListEntry.class
Processed 7308 -> 7939
Processing net/minecraft/client/gui/GuiScreenResourcePacks.class
Processed 9384 -> 9854
Processing net/minecraft/client/resources/ResourcePackListEntryFound.class
Processed 1912 -> 1934
Processing net/minecraft/client/resources/ResourcePackListEntryDefault.class
Processed 4260 -> 4334
Processing net/minecraft/client/gui/GuiResourcePackAvailable.class
Processed 1191 -> 1241
Processing net/minecraft/client/gui/GuiResourcePackSelected.class
Processed 1188 -> 1238
Processing net/minecraft/client/gui/GuiResourcePackList.class
Processed 3168 -> 3325
Processing net/minecraft/client/gui/stream/GuiStreamOptions.class
Processed 5839 -> 6094
Processing net/minecraft/client/gui/stream/GuiIngestServers.class
Processed 3940 -> 4227
Processing net/minecraft/client/renderer/chunk/ChunkRenderWorker$1.class
Processed 1179 -> 1227
Processing net/minecraft/server/management/PreYggdrasilConverter$1.class
Processed 1057 -> 1095
Processing net/minecraft/client/renderer/chunk/ChunkRenderWorker$2.class
Processed 4021 -> 4152
Processing net/minecraft/server/management/PreYggdrasilConverter$5.class
Processed 1864 -> 1996
Processing net/minecraft/client/renderer/block/model/ModelBlockDefinition$Variant$Deserializer.class
Processed 4144 -> 4206
Processing net/minecraft/world/gen/structure/StructureStrongholdPieces$Crossing.class
Processed 7312 -> 7418
Processing net/minecraft/world/gen/structure/StructureStrongholdPieces$Corridor.class
Processed 4638 -> 4708
Processing net/minecraft/world/gen/structure/StructureStrongholdPieces$ChestCorridor.class
Processed 8721 -> 8827
Processing net/minecraft/block/BlockLadder$1.class
Processed 766 -> 766
Processing net/minecraft/block/BlockTripWireHook$1.class
Processed 784 -> 784
Processing net/minecraft/client/resources/ResourcePackRepository$Entry.class
Processed 5201 -> 5311
Processing net/minecraft/world/gen/structure/StructureComponent$BlockSelector.class
Processed 875 -> 875
Processing net/minecraft/network/play/client/C07PacketPlayerDigging$Action.class
Processed 1550 -> 1611
Processing net/minecraft/server/integrated/IntegratedServer$3.class
Processed 1494 -> 1508
Processing net/minecraft/block/BlockStem$1.class
Processed 887 -> 918
Processing net/minecraft/server/integrated/IntegratedServer$2.class
Processed 1896 -> 1909
Processing net/minecraft/server/integrated/IntegratedServer$1.class
Processed 1120 -> 1133
Processing net/minecraft/client/gui/GuiScreenBook$NextPageButton.class
Processed 1698 -> 1835
Processing net/minecraft/entity/monster/EntityGuardian$GuardianMoveHelper.class
Processed 3224 -> 3419
Processing net/minecraft/entity/monster/EntityGuardian$GuardianTargetSelector.class
Processed 1309 -> 1361
Processing net/minecraft/entity/monster/EntityGuardian$AIGuardianAttack.class
Processed 3781 -> 3811
Processing net/minecraft/world/gen/layer/GenLayer$1.class
Processed 1045 -> 1069
Processing net/minecraft/entity/EntityMinecartCommandBlock$1.class
Processed 2454 -> 2468
Processing net/minecraft/world/gen/layer/GenLayer$2.class
Processed 1046 -> 1070
Processing net/minecraft/client/renderer/texture/TextureManager$1.class
Processed 1354 -> 1390
Processing net/minecraft/client/util/JsonException$1.class
Processed 372 -> 372
Processing net/minecraft/entity/ai/EntityAIFindEntityNearestPlayer$1.class
Processed 2058 -> 2142
Processing net/minecraft/client/particle/EntityDiggingFX$Factory.class
Processed 1210 -> 1438
Processing net/minecraft/block/BlockFarmland$1.class
Processed 815 -> 815
Processing net/minecraft/network/play/server/S20PacketEntityProperties$Snapshot.class
Processed 1528 -> 1598
Processing net/minecraft/command/CommandClone$StaticCloneData.class
Processed 776 -> 812
Processing net/minecraft/entity/monster/EntityGuardian$1.class
Processed 1381 -> 1443
Processing net/minecraft/client/gui/stream/GuiTwitchUserMode.class
Processed 8467 -> 8885
Processing net/minecraft/realms/RealmsSharedConstants.class
Processed 821 -> 821
Processing net/minecraft/client/gui/stream/GuiStreamUnavailable.class
Processed 9636 -> 9940
Processing net/minecraft/client/gui/spectator/PlayerMenuObject.class
Processed 2670 -> 2720
Processing net/minecraft/client/gui/spectator/SpectatorMenu.class
Processed 4604 -> 4712
Processing net/minecraft/client/gui/spectator/BaseSpectatorGroup.class
Processed 1482 -> 1482
Processing net/minecraft/client/gui/spectator/ISpectatorMenuObject.class
Processed 492 -> 492
Processing net/minecraft/client/gui/spectator/ISpectatorMenuView.class
Processed 489 -> 489
Processing net/minecraft/client/gui/spectator/categories/SpectatorDetails.class
Processed 1822 -> 1872
Processing net/minecraft/client/gui/spectator/ISpectatorMenuRecipient.class
Processed 365 -> 365
Processing net/minecraft/client/gui/spectator/categories/TeleportToTeam.class
Processed 3730 -> 3799
Processing net/minecraft/client/gui/spectator/categories/TeleportToPlayer.class
Processed 4499 -> 4571
Processing net/minecraft/client/main/GameConfiguration.class
Processed 1853 -> 1917
Processing net/minecraft/client/model/ModelArmorStand.class
Processed 3944 -> 4303
Processing net/minecraft/client/model/ModelArmorStandArmor.class
Processed 2438 -> 2674
Processing net/minecraft/client/model/ModelBat.class
Processed 2994 -> 3305
Processing net/minecraft/client/model/ModelBanner.class
Processed 1152 -> 1152
Processing net/minecraft/client/model/ModelBoat.class
Processed 1646 -> 1793
Processing net/minecraft/client/particle/EntityRainFX$Factory.class
Processed 964 -> 1192
Processing net/minecraft/client/model/ModelBlaze.class
Processed 2366 -> 2688
Processing net/minecraft/block/BlockSlab$EnumBlockHalf.class
Processed 1543 -> 1624
Processing net/minecraft/client/model/ModelChest.class
Processed 1380 -> 1380
Processing net/minecraft/util/Session$Type.class
Processed 2060 -> 2137
Processing net/minecraft/client/model/ModelBook.class
Processed 2210 -> 2488
Processing net/minecraft/client/model/ModelChicken.class
Processed 2824 -> 3113
Processing net/minecraft/command/server/CommandEmote.class
Processed 2587 -> 2752
Processing net/minecraft/command/CommandEnchant.class
Processed 5282 -> 5458
Processing net/minecraft/client/model/ModelCreeper.class
Processed 2207 -> 2499
Processing net/minecraft/client/renderer/entity/RenderItem$8.class
Processed 1055 -> 1085
Processing net/minecraft/command/CommandEntityData.class
Processed 3080 -> 3253
Processing net/minecraft/client/model/ModelCow.class
Processed 1416 -> 1416
Processing net/minecraft/client/renderer/entity/RenderItem$9.class
Processed 1051 -> 1081
Processing net/minecraft/command/CommandExecuteAt.class
Processed 5063 -> 5499
Processing net/minecraft/client/model/ModelEnderMite.class
Processed 2282 -> 2582
Processing net/minecraft/client/renderer/entity/RenderItem$6.class
Processed 1050 -> 1080
Processing net/minecraft/command/CommandXP.class
Processed 4018 -> 4273
Processing net/minecraft/client/model/ModelEnderman.class
Processed 2732 -> 2960
Processing net/minecraft/client/renderer/entity/RenderItem$7.class
Processed 1047 -> 1077
Processing net/minecraft/command/CommandFill.class
Processed 8244 -> 8382
Processing net/minecraft/client/model/ModelGuardian.class
Processed 5187 -> 5679
Processing net/minecraft/client/renderer/entity/RenderItem$4.class
Processed 1270 -> 1308
Processing net/minecraft/command/CommandDifficulty.class
Processed 3088 -> 3287
Processing net/minecraft/block/BlockSapling$1.class
Processed 968 -> 968
Processing net/minecraft/client/model/ModelGhast.class
Processed 2333 -> 2712
Processing net/minecraft/client/renderer/entity/RenderItem$5.class
Processed 1256 -> 1286
Processing net/minecraft/command/CommandGameMode.class
Processed 4896 -> 5191
Processing net/minecraft/client/util/JsonException$Entry.class
Processed 2221 -> 2315
Processing net/minecraft/client/model/ModelHumanoidHead.class
Processed 1428 -> 1695
Processing net/minecraft/command/CommandGameRule.class
Processed 5323 -> 5560
Processing net/minecraft/client/model/ModelHorse.class
Processed 12200 -> 12863
Processing net/minecraft/command/CommandGive.class
Processed 5698 -> 6008
Processing net/minecraft/client/model/ModelLargeChest.class
Processed 1188 -> 1188
Processing net/minecraft/command/CommandHelp.class
Processed 5710 -> 6053
Processing net/minecraft/client/model/ModelBiped.class
Processed 5672 -> 6138
Processing net/minecraft/command/CommandServerKick.class
Processed 3282 -> 3469
Processing net/minecraft/client/model/ModelLeashKnot.class
Processed 1577 -> 1900
Processing net/minecraft/command/CommandKill.class
Processed 2646 -> 2868
Processing net/minecraft/client/model/ModelMagmaCube.class
Processed 2067 -> 2344
Processing net/minecraft/command/server/CommandListBans.class
Processed 3167 -> 3355
Processing net/minecraft/client/model/ModelBase.class
Processed 3395 -> 3692
Processing net/minecraft/command/server/CommandListPlayers.class
Processed 2366 -> 2438
Processing net/minecraft/client/model/ModelMinecart.class
Processed 1795 -> 1942
Processing net/minecraft/client/particle/EntityNoteFX$Factory.class
Processed 973 -> 1201
Processing net/minecraft/command/server/CommandMessage.class
Processed 3975 -> 4219
Processing net/minecraft/client/model/ModelPig.class
Processed 879 -> 886
Processing net/minecraft/command/server/CommandMessageRaw.class
Processed 3588 -> 3843
Processing net/minecraft/client/model/ModelOcelot.class
Processed 4947 -> 5344
Processing net/minecraft/command/server/CommandOp.class
Processed 3460 -> 3691
Processing net/minecraft/client/model/TexturedQuad.class
Processed 3104 -> 3120
Processing net/minecraft/command/server/CommandPardonIp.class
Processed 3170 -> 3369
Processing net/minecraft/client/model/ModelPlayer.class
Processed 4253 -> 4644
Processing net/minecraft/command/server/CommandPardonPlayer.class
Processed 3073 -> 3283
Processing net/minecraft/client/model/ModelRabbit.class
Processed 4682 -> 5179
Processing net/minecraft/command/CommandParticle.class
Processed 4598 -> 5018
Processing net/minecraft/client/model/ModelQuadruped.class
Processed 2614 -> 2918
Processing net/minecraft/command/CommandPlaySound.class
Processed 4374 -> 4760
Processing net/minecraft/client/model/ModelSheep2.class
Processed 1661 -> 1938
Processing net/minecraft/command/server/CommandPublishLocalServer.class
Processed 1661 -> 1733
Processing net/minecraft/client/model/ModelSheep1.class
Processed 2011 -> 2299
Processing net/minecraft/command/CommandReplaceItem.class
Processed 9162 -> 9682
Processing net/minecraft/client/model/ModelSilverfish.class
Processed 2916 -> 3227
Processing net/minecraft/client/renderer/entity/RenderItem$2.class
Processed 1272 -> 1310
Processing net/minecraft/command/server/CommandSaveAll.class
Processed 2729 -> 2878
Processing net/minecraft/client/model/ModelSign.class
Processed 935 -> 935
Processing net/minecraft/client/renderer/entity/RenderItem$3.class
Processed 1325 -> 1363
Processing net/minecraft/command/server/CommandSaveOff.class
Processed 1796 -> 1901
Processing net/minecraft/client/model/ModelSkeletonHead.class
Processed 1582 -> 1901
Processing net/minecraft/client/renderer/entity/RenderItem$1.class
Processed 1309 -> 1347
Processing net/minecraft/command/server/CommandSaveOn.class
Processed 1789 -> 1894
Processing net/minecraft/client/Minecraft$10.class
Processed 1628 -> 1639
Processing net/minecraft/command/server/CommandBroadcast.class
Processed 2590 -> 2755
Processing net/minecraft/client/model/ModelSkeleton.class
Processed 1943 -> 2248
Processing net/minecraft/command/server/CommandScoreboard.class
Processed 29918 -> 31317
Processing net/minecraft/client/model/ModelSnowMan.class
Processed 2355 -> 2666
Processing net/minecraft/command/ServerCommandManager.class
Processed 7925 -> 8125
Processing net/minecraft/client/model/ModelSlime.class
Processed 1527 -> 1632
Processing net/minecraft/command/server/CommandSetBlock.class
Processed 6107 -> 6245
Processing net/minecraft/client/Minecraft$14.class
Processed 1250 -> 1264
Processing net/minecraft/client/model/ModelSquid.class
Processed 2115 -> 2483
Processing net/minecraft/client/renderer/BlockModelShapes$7.class
Processed 2443 -> 2481
Processing net/minecraft/command/server/CommandSetDefaultSpawnpoint.class
Processed 3208 -> 3395
Processing net/minecraft/client/Minecraft$13.class
Processed 1305 -> 1318
Processing net/minecraft/client/model/ModelSpider.class
Processed 3495 -> 3914
Processing net/minecraft/client/renderer/BlockModelShapes$6.class
Processed 2392 -> 2430
Processing net/minecraft/command/CommandSetPlayerTimeout.class
Processed 1685 -> 1757
Processing net/minecraft/client/Minecraft$12.class
Processed 1830 -> 1843
Processing net/minecraft/client/model/ModelIronGolem.class
Processed 3468 -> 3965
Processing net/minecraft/command/CommandSetSpawnpoint.class
Processed 3374 -> 3596
Processing net/minecraft/client/Minecraft$11.class
Processed 1020 -> 1031
Processing net/minecraft/client/model/PositionTextureVertex.class
Processed 1292 -> 1328
Processing net/minecraft/client/renderer/BlockModelShapes$8.class
Processed 960 -> 960
Processing net/minecraft/command/CommandShowSeed.class
Processed 1965 -> 2071
Processing net/minecraft/client/Minecraft$18.class
Processed 899 -> 899
Processing net/minecraft/client/model/ModelZombieVillager.class
Processed 2105 -> 2335
Processing net/minecraft/command/CommandSpreadPlayers.class
Processed 11415 -> 12432
Processing net/minecraft/client/Minecraft$17.class
Processed 1021 -> 1065
Processing net/minecraft/client/model/ModelVillager.class
Processed 2715 -> 3047
Processing net/minecraft/command/CommandStats.class
Processed 7505 -> 7939
Processing net/minecraft/client/Minecraft$16.class
Processed 728 -> 741
Processing net/minecraft/client/model/ModelWither.class
Processed 3239 -> 3742
Processing net/minecraft/command/server/CommandStop.class
Processed 1340 -> 1401
Processing net/minecraft/client/Minecraft$15.class
Processed 1049 -> 1062
Processing net/minecraft/client/model/ModelWitch.class
Processed 2448 -> 2675
Processing net/minecraft/command/server/CommandSummon.class
Processed 5579 -> 5932
Processing net/minecraft/client/model/ModelZombie.class
Processed 1706 -> 1975
Processing net/minecraft/command/server/CommandTeleport.class
Processed 5932 -> 6303
Processing net/minecraft/client/model/ModelWolf.class
Processed 4073 -> 4492
Processing net/minecraft/client/model/ModelEnderCrystal.class
Processed 1789 -> 1918
Processing net/minecraft/command/server/CommandTestForBlock.class
Processed 5999 -> 6137
Processing net/minecraft/client/model/ModelDragon.class
Processed 6737 -> 7211
Processing net/minecraft/command/server/CommandTestFor.class
Processed 3291 -> 3535
Processing net/minecraft/client/model/ModelBox.class
Processed 3848 -> 3902
Processing net/minecraft/command/CommandTime.class
Processed 3907 -> 4198
Processing net/minecraft/command/CommandTitle.class
Processed 5373 -> 5716
Processing net/minecraft/client/model/ModelRenderer.class
Processed 7141 -> 7191
Processing net/minecraft/command/CommandToggleDownfall.class
Processed 1812 -> 1884
Processing net/minecraft/command/CommandTrigger.class
Processed 5130 -> 5372
Processing net/minecraft/command/CommandWeather.class
Processed 3146 -> 3333
Processing net/minecraft/client/model/TextureOffset.class
Processed 581 -> 601
Processing net/minecraft/command/server/CommandWhitelist.class
Processed 4506 -> 4704
Processing net/minecraft/client/network/NetHandlerLoginClient.class
Processed 7491 -> 7623
Processing net/minecraft/command/CommandWorldBorder.class
Processed 7171 -> 7523
Processing net/minecraft/client/multiplayer/ChunkProviderClient.class
Processed 6355 -> 6592
Processing net/minecraft/client/renderer/BlockModelShapes$3.class
Processed 2324 -> 2362
Processing net/minecraft/command/CommandException.class
Processed 576 -> 596
Processing net/minecraft/client/network/NetHandlerPlayClient.class
Processed 77279 -> 79194
Processing net/minecraft/client/renderer/BlockModelShapes$2.class
Processed 1066 -> 1104
Processing net/minecraft/client/renderer/BlockModelShapes$5.class
Processed 2225 -> 2263
Processing net/minecraft/client/renderer/BlockModelShapes$4.class
Processed 2324 -> 2362
Processing net/minecraft/client/multiplayer/PlayerControllerMP.class
Processed 18395 -> 19115
Processing net/minecraft/client/renderer/BlockModelShapes$1.class
Processed 1851 -> 1889
Processing net/minecraft/command/EntityNotFoundException.class
Processed 583 -> 605
Processing net/minecraft/command/NumberInvalidException.class
Processed 577 -> 597
Processing net/minecraft/client/network/NetworkPlayerInfo.class
Processed 6523 -> 6805
Processing net/minecraft/command/SyntaxErrorException.class
Processed 568 -> 588
Processing net/minecraft/client/multiplayer/WorldClient.class
Processed 16562 -> 17330
Processing net/minecraft/command/PlayerNotFoundException.class
Processed 583 -> 603
Processing net/minecraft/client/multiplayer/ServerData.class
Processed 3081 -> 3235
Processing net/minecraft/command/CommandNotFoundException.class
Processed 578 -> 598
Processing net/minecraft/client/multiplayer/ServerAddress.class
Processed 3524 -> 3739
Processing net/minecraft/command/WrongUsageException.class
Processed 437 -> 457
Processing net/minecraft/client/network/OldServerPinger.class
Processed 5823 -> 5880
Processing net/minecraft/client/multiplayer/ServerList.class
Processed 4623 -> 4831
Processing net/minecraft/util/BlockPos.class
Processed 5921 -> 6318
Processing net/minecraft/tileentity/TileEntityMobSpawner$1.class
Processed 1744 -> 1797
Processing net/minecraft/client/particle/EntityBreakingFX.class
Processed 4669 -> 5354
Processing net/minecraft/dispenser/IBlockSource.class
Processed 437 -> 437
Processing net/minecraft/client/particle/Barrier.class
Processed 3477 -> 3878
Processing net/minecraft/block/BlockSourceImpl.class
Processed 1863 -> 1896
Processing net/minecraft/client/particle/EntityCrit2FX.class
Processed 2753 -> 3259
Processing net/minecraft/util/Cartesian.class
Processed 3120 -> 3320
Processing net/minecraft/client/particle/EntityBubbleFX.class
Processed 2393 -> 2530
Processing net/minecraft/dispenser/BehaviorDefaultDispenseItem.class
Processed 3529 -> 3864
Processing net/minecraft/client/particle/EntityEnchantmentTableParticleFX.class
Processed 2568 -> 2823
Processing net/minecraft/util/RegistryNamespacedDefaultedByKey.class
Processed 1729 -> 1834
Processing net/minecraft/client/particle/EntityDropParticleFX.class
Processed 4025 -> 4220
Processing net/minecraft/util/RegistryDefaulted.class
Processed 948 -> 983
Processing net/minecraft/client/particle/EntityFirework.class
Processed 606 -> 606
Processing net/minecraft/util/EnumFacing.class
Processed 8042 -> 8241
Processing net/minecraft/client/particle/EntityExplodeFX.class
Processed 1896 -> 2033
Processing net/minecraft/dispenser/IBehaviorDispenseItem.class
Processed 533 -> 533
Processing net/minecraft/entity/item/EntityPainting$EnumArt.class
Processed 3508 -> 3628
Processing net/minecraft/client/particle/EntityFootStepFX.class
Processed 3653 -> 3991
Processing net/minecraft/util/IObjectIntIterable.class
Processed 203 -> 203
Processing net/minecraft/client/particle/EntityFlameFX.class
Processed 2872 -> 3291
Processing net/minecraft/util/ObjectIntIdentityMap.class
Processed 2411 -> 2467
Processing net/minecraft/client/particle/EntityLargeExplodeFX.class
Processed 4782 -> 5245
Processing net/minecraft/dispenser/ILocatableSource.class
Processed 133 -> 133
Processing net/minecraft/client/particle/EntityHeartFX.class
Processed 2479 -> 2978
Processing net/minecraft/dispenser/ILocation.class
Processed 198 -> 198
Processing net/minecraft/client/particle/EntityPickupFX.class
Processed 2943 -> 3320
Processing net/minecraft/util/MapPopulator.class
Processed 1666 -> 1784
Processing net/minecraft/client/particle/EntityHugeExplodeFX.class
Processed 1975 -> 2332
Processing net/minecraft/util/RegistryNamespaced.class
Processed 2710 -> 2855
Processing net/minecraft/client/particle/EntityLavaFX.class
Processed 3022 -> 3381
Processing net/minecraft/util/EnumParticleTypes.class
Processed 6581 -> 6869
Processing net/minecraft/client/particle/EntityCritFX.class
Processed 785 -> 922
Processing net/minecraft/dispenser/IPosition.class
Processed 157 -> 157
Processing net/minecraft/client/particle/MobAppearance.class
Processed 3460 -> 3776
Processing net/minecraft/dispenser/PositionImpl.class
Processed 687 -> 740
Processing net/minecraft/client/particle/EntityEnchantmentTableParticleFX$EnchantmentTable.class
Processed 1060 -> 1288
Processing net/minecraft/client/particle/EntityFX.class
Processed 7486 -> 8252
Processing net/minecraft/util/IRegistry.class
Processed 570 -> 570
Processing net/minecraft/client/particle/EntityNoteFX.class
Processed 2577 -> 3075
Processing net/minecraft/util/Rotations.class
Processed 1401 -> 1487
Processing net/minecraft/client/particle/IParticleFactory.class
Processed 376 -> 376
Processing net/minecraft/util/RegistrySimple.class
Processed 2787 -> 2851
Processing net/minecraft/client/particle/EffectRenderer.class
Processed 21509 -> 22039
Processing net/minecraft/client/particle/EntityPortalFX.class
Processed 2877 -> 3326
Processing net/minecraft/util/Vec3i.class
Processed 3014 -> 3390
Processing net/minecraft/client/particle/EntityCloudFX.class
Processed 2937 -> 3284
Processing net/minecraft/client/particle/EntitySmokeFX.class
Processed 3001 -> 3682
Processing net/minecraft/client/particle/EntityReddustFX.class
Processed 2762 -> 3228
Processing net/minecraft/util/StatCollector.class
Processed 1212 -> 1343
Processing net/minecraft/client/particle/EntitySpellParticleFX.class
Processed 2990 -> 3346
Processing net/minecraft/util/StringTranslate.class
Processed 5212 -> 5371
Processing net/minecraft/block/BlockDoublePlant$EnumPlantType.class
Processed 2785 -> 2984
Processing net/minecraft/client/particle/EntitySnowShovelFX.class
Processed 2610 -> 3101
Processing net/minecraft/block/BlockDoublePlant$EnumBlockHalf.class
Processed 1555 -> 1615
Processing net/minecraft/client/particle/EntitySuspendFX.class
Processed 2264 -> 2401
Processing net/minecraft/nbt/NBTTagByteArray.class
Processed 2153 -> 2246
Processing net/minecraft/client/particle/EntitySplashFX.class
Processed 1043 -> 1180
Processing net/minecraft/nbt/NBTTagByte.class
Processed 2337 -> 2419
Processing net/minecraft/client/particle/EntityBlockDustFX.class
Processed 938 -> 1107
Processing net/minecraft/nbt/NBTTagCompound.class
Processed 12585 -> 13493
Processing net/minecraft/client/particle/EntityAuraFX.class
Processed 1910 -> 2059
Processing net/minecraft/client/particle/EntityParticleEmitter.class
Processed 2363 -> 2654
Processing net/minecraft/nbt/NBTTagDouble.class
Processed 2563 -> 2656
Processing net/minecraft/client/particle/EntityDiggingFX.class
Processed 5429 -> 5987
Processing net/minecraft/nbt/NBTTagEnd.class
Processed 1046 -> 1089
Processing net/minecraft/client/particle/EntityRainFX.class
Processed 3326 -> 3458
Processing net/minecraft/nbt/NBTTagFloat.class
Processed 2473 -> 2555
Processing net/minecraft/client/particle/EntityFishWakeFX.class
Processed 1773 -> 1939
Processing net/minecraft/nbt/NBTTagIntArray.class
Processed 2431 -> 2557
Processing net/minecraft/client/entity/AbstractClientPlayer.class
Processed 6328 -> 6377
Processing net/minecraft/nbt/NBTTagInt.class
Processed 2323 -> 2405
Processing net/minecraft/nbt/NBTTagList.class
Processed 6130 -> 6424
Processing net/minecraft/util/MovementInputFromOptions.class
Processed 1384 -> 1391
Processing net/minecraft/nbt/NBTTagLong.class
Processed 2375 -> 2457
Processing net/minecraft/util/MovementInput.class
Processed 598 -> 598
Processing net/minecraft/nbt/NBTSizeTracker.class
Processed 1588 -> 1620
Processing net/minecraft/network/play/client/C02PacketUseEntity$Action.class
Processed 1310 -> 1371
Processing net/minecraft/client/entity/EntityOtherPlayerMP.class
Processed 4869 -> 5412
Processing net/minecraft/nbt/CompressedStreamTools.class
Processed 5757 -> 5747
Processing net/minecraft/client/entity/EntityPlayerSP.class
Processed 23180 -> 23745
Processing net/minecraft/nbt/NBTUtil.class
Processed 4618 -> 4910
Processing net/minecraft/client/player/inventory/ContainerLocalMenu.class
Processed 2549 -> 2698
Processing net/minecraft/nbt/NBTTagShort.class
Processed 2345 -> 2427
Processing net/minecraft/client/player/inventory/LocalBlockIntercommunication.class
Processed 1584 -> 1652
Processing net/minecraft/block/BlockOldLeaf$1.class
Processed 1013 -> 1044
Processing net/minecraft/world/gen/structure/StructureVillagePieces$1.class
Processed 827 -> 827
Processing net/minecraft/tileentity/MobSpawnerBaseLogic$WeightedRandomMinecart.class
Processed 2764 -> 2956
Processing net/minecraft/nbt/NBTTagString.class
Processed 2414 -> 2437
Processing net/minecraft/nbt/NBTBase.class
Processed 2269 -> 2311
Processing net/minecraft/entity/boss/BossStatus.class
Processed 975 -> 1011
Processing net/minecraft/nbt/NBTException.class
Processed 340 -> 348
Processing net/minecraft/nbt/JsonToNBT.class
Processed 7172 -> 7584
Processing net/minecraft/client/renderer/WorldVertexBufferUploader.class
Processed 2394 -> 2467
Processing net/minecraft/client/renderer/WorldRenderer.class
Processed 15303 -> 16052
Processing net/minecraft/network/NettyEncryptionTranslator.class
Processed 1967 -> 2093
Processing net/minecraft/network/play/server/S22PacketMultiBlockChange$BlockUpdateData.class
Processed 1888 -> 1986
Processing net/minecraft/client/renderer/RegionRenderCacheBuilder.class
Processed 1378 -> 1436
Processing net/minecraft/network/NettyEncryptingDecoder.class
Processed 1581 -> 1725
Processing net/minecraft/client/renderer/RegionRenderCache.class
Processed 3165 -> 3397
Processing net/minecraft/network/NettyEncryptingEncoder.class
Processed 1269 -> 1413
Processing net/minecraft/client/renderer/tileentity/TileEntityItemStackRenderer.class
Processed 4426 -> 4432
Processing net/minecraft/network/NettyCompressionDecoder.class
Processed 2418 -> 2583
Processing net/minecraft/client/renderer/ChunkRenderContainer.class
Processed 1991 -> 2136
Processing net/minecraft/network/NettyCompressionEncoder.class
Processed 2047 -> 2222
Processing net/minecraft/client/renderer/EntityRenderer.class
Processed 52345 -> 53076
Processing net/minecraft/network/NetworkManager.class
Processed 16618 -> 16874
Processing net/minecraft/client/renderer/EnumFaceDirection.class
Processed 3272 -> 3388
Processing net/minecraft/network/EnumConnectionState.class
Processed 6665 -> 7059
Processing net/minecraft/client/renderer/IImageBuffer.class
Processed 388 -> 388
Processing net/minecraft/client/renderer/chunk/VisGraph$1.class
Processed 990 -> 990
Processing net/minecraft/network/PacketBuffer.class
Processed 23589 -> 25654
Processing net/minecraft/block/BlockBeacon$1.class
Processed 1889 -> 1975
Processing net/minecraft/world/chunk/storage/AnvilSaveConverter$1.class
Processed 955 -> 1000
Processing net/minecraft/client/renderer/GlStateManager.class
Processed 14017 -> 15435
Processing net/minecraft/client/resources/SkinManager$1.class
Processed 2102 -> 2162
Processing net/minecraft/util/MessageDeserializer.class
Processed 3687 -> 3852
Processing net/minecraft/client/renderer/ItemModelMesher.class
Processed 5214 -> 5374
Processing net/minecraft/client/resources/SkinManager$2.class
Processed 2580 -> 2739
Processing net/minecraft/util/MessageSerializer.class
Processed 3408 -> 3546
Processing net/minecraft/client/renderer/ItemRenderer.class
Processed 19607 -> 20109
Processing net/minecraft/client/resources/SkinManager$3.class
Processed 3284 -> 3381
Processing net/minecraft/network/INetHandler.class
Processed 170 -> 170
Processing net/minecraft/util/MessageDeserializer2.class
Processed 1966 -> 2046
Processing net/minecraft/client/renderer/ItemMeshDefinition.class
Processed 397 -> 397
Processing net/minecraft/util/MessageSerializer2.class
Processed 1942 -> 2062
Processing net/minecraft/client/renderer/ImageBufferDownload.class
Processed 2919 -> 3269
Processing net/minecraft/util/ChatComponentStyle.class
Processed 4747 -> 4804
Processing net/minecraft/client/renderer/RenderGlobal.class
Processed 72839 -> 75238
Processing net/minecraft/event/ClickEvent.class
Processed 1714 -> 1772
Processing net/minecraft/util/IChatComponent.class
Processed 960 -> 960
Processing net/minecraft/client/renderer/RenderList.class
Processed 1814 -> 1865
Processing net/minecraft/util/ChatComponentProcessor.class
Processed 3439 -> 3626
Processing net/minecraft/client/shader/Framebuffer.class
Processed 7486 -> 7716
Processing net/minecraft/event/HoverEvent.class
Processed 1766 -> 1824
Processing net/minecraft/util/ChatComponentScore.class
Processed 4006 -> 4102
Processing net/minecraft/client/renderer/VboRenderList.class
Processed 2348 -> 2399
Processing net/minecraft/util/ChatComponentSelector.class
Processed 2325 -> 2380
Processing net/minecraft/client/renderer/Tessellator.class
Processed 1326 -> 1333
Processing net/minecraft/util/ChatStyle.class
Processed 8713 -> 9369
Processing net/minecraft/client/renderer/VertexBufferUploader.class
Processed 1187 -> 1216
Processing net/minecraft/client/renderer/WorldRenderer$1.class
Processed 1197 -> 1276
Processing net/minecraft/client/renderer/WorldRenderer$2.class
Processed 1156 -> 1156
Processing net/minecraft/util/ChatComponentText.class
Processed 2331 -> 2386
Processing net/minecraft/client/renderer/ChestRenderer.class
Processed 1081 -> 1133
Processing net/minecraft/util/ChatComponentTranslation.class
Processed 7685 -> 7995
Processing net/minecraft/client/renderer/ViewFrustum.class
Processed 4451 -> 5075
Processing net/minecraft/util/ChatComponentTranslationFormatException.class
Processed 1251 -> 1329
Processing net/minecraft/client/renderer/BlockRendererDispatcher.class
Processed 8864 -> 9176
Processing net/minecraft/client/renderer/BlockModelShapes.class
Processed 13080 -> 13186
Processing net/minecraft/realms/RealmsConnect.class
Processed 2457 -> 2537
Processing net/minecraft/client/renderer/BlockModelRenderer.class
Processed 16807 -> 18172
Processing net/minecraft/event/HoverEvent$Action.class
Processed 2318 -> 2478
Processing net/minecraft/network/Packet.class
Processed 415 -> 415
Processing net/minecraft/world/gen/structure/StructureVillagePieces$Church.class
Processed 7161 -> 7250
Processing net/minecraft/client/renderer/BlockFluidRenderer.class
Processed 9283 -> 10612
Processing net/minecraft/network/EnumPacketDirection.class
Processed 1054 -> 1115
Processing net/minecraft/world/gen/structure/StructureVillagePieces$House2.class
Processed 9060 -> 9190
Processing net/minecraft/client/renderer/block/model/BlockPart.class
Processed 3237 -> 3385
Processing net/minecraft/network/PacketThreadUtil.class
Processed 1293 -> 1374
Processing net/minecraft/world/gen/structure/StructureVillagePieces$Start.class
Processed 2879 -> 2881
Processing net/minecraft/client/renderer/block/model/BakedQuad.class
Processed 1626 -> 1631
Processing net/minecraft/realms/RealmsButton.class
Processed 2907 -> 3267
Processing net/minecraft/network/play/server/S08PacketPlayerPosLook.class
Processed 3353 -> 3575
Processing net/minecraft/world/gen/structure/StructureVillagePieces$Path.class
Processed 7012 -> 7185
Processing net/minecraft/client/renderer/block/model/BlockPartRotation.class
Processed 953 -> 1003
Processing net/minecraft/network/play/INetHandlerPlayClient.class
Processed 6694 -> 6694
Processing net/minecraft/world/gen/structure/StructureVillagePieces$PieceWeight.class
Processed 1436 -> 1462
Processing net/minecraft/client/renderer/block/model/BlockPartFace.class
Processed 1124 -> 1174
Processing net/minecraft/network/play/server/S0EPacketSpawnObject.class
Processed 5022 -> 5346
Processing net/minecraft/world/gen/structure/StructureVillagePieces$Hall.class
Processed 7460 -> 7549
Processing net/minecraft/client/renderer/block/model/ModelBlock.class
Processed 9848 -> 10320
Processing net/minecraft/network/play/server/S11PacketSpawnExperienceOrb.class
Processed 2822 -> 2944
Processing net/minecraft/world/gen/structure/StructureVillagePieces$House4Garden.class
Processed 6998 -> 7128
Processing net/minecraft/client/gui/GuiMerchant$MerchantButton.class
Processed 1773 -> 1906
Processing net/minecraft/client/renderer/block/model/BlockFaceUV.class
Processed 1478 -> 1581
Processing net/minecraft/network/play/server/S2CPacketSpawnGlobalEntity.class
Processed 2892 -> 3014
Processing net/minecraft/world/gen/structure/StructureVillagePieces$WoodHut.class
Processed 6985 -> 7115
Processing net/minecraft/client/renderer/block/model/BreakingFour.class
Processed 2347 -> 2463
Processing net/minecraft/network/play/server/S0FPacketSpawnMob.class
Processed 5146 -> 5312
Processing net/minecraft/world/gen/structure/StructureVillagePieces$House1.class
Processed 7111 -> 7200
Processing net/minecraft/client/renderer/WorldRenderer$State.class
Processed 1357 -> 1381
Processing net/minecraft/client/renderer/block/model/ModelBlockDefinition.class
Processed 4226 -> 4240
Processing net/minecraft/network/play/server/S10PacketSpawnPainting.class
Processed 3288 -> 3410
Processing net/minecraft/world/gen/structure/StructureVillagePieces$Field1.class
Processed 6539 -> 6683
Processing net/minecraft/client/renderer/block/model/ItemModelGenerator.class
Processed 10279 -> 10953
Processing net/minecraft/network/play/server/S0CPacketSpawnPlayer.class
Processed 4920 -> 5053
Processing net/minecraft/world/gen/structure/StructureVillagePieces$Field2.class
Processed 6117 -> 6261
Processing net/minecraft/client/renderer/block/model/FaceBakery.class
Processed 15065 -> 15988
Processing net/minecraft/network/play/server/S0BPacketAnimation.class
Processed 2131 -> 2267
Processing net/minecraft/world/gen/structure/StructureVillagePieces$Torch.class
Processed 4925 -> 5014
Processing net/minecraft/client/renderer/block/model/ItemCameraTransforms.class
Processed 4124 -> 4138
Processing net/minecraft/network/play/server/S37PacketStatistics.class
Processed 3479 -> 3645
Processing net/minecraft/client/renderer/block/model/ItemTransformVec3f.class
Processed 2500 -> 2548
Processing net/minecraft/network/play/server/S25PacketBlockBreakAnim.class
Processed 2379 -> 2529
Processing net/minecraft/network/play/server/S35PacketUpdateTileEntity.class
Processed 2543 -> 2693
Processing net/minecraft/network/play/server/S24PacketBlockAction.class
Processed 2786 -> 2950
Processing net/minecraft/network/play/server/S42PacketCombatEvent$1.class
Processed 797 -> 797
Processing net/minecraft/client/renderer/block/statemap/BlockStateMapper.class
Processed 3041 -> 3161
Processing net/minecraft/network/play/server/S23PacketBlockChange.class
Processed 2672 -> 2808
Processing net/minecraft/client/renderer/block/statemap/StateMapperBase.class
Processed 3427 -> 3531
Processing net/minecraft/network/play/server/S41PacketServerDifficulty.class
Processed 2228 -> 2364
Processing net/minecraft/client/renderer/block/statemap/StateMap.class
Processed 3781 -> 3883
Processing net/minecraft/network/play/server/S3APacketTabComplete.class
Processed 2219 -> 2385
Processing net/minecraft/client/renderer/block/statemap/DefaultStateMapper.class
Processed 1470 -> 1496
Processing net/minecraft/network/play/server/S02PacketChat.class
Processed 2330 -> 2480
Processing net/minecraft/network/play/server/S22PacketMultiBlockChange.class
Processed 3855 -> 4067
Processing net/minecraft/client/renderer/block/statemap/IStateMapper.class
Processed 532 -> 532
Processing net/minecraft/block/BlockWallSign$1.class
Processed 725 -> 725
Processing net/minecraft/client/renderer/tileentity/TileEntityBannerRenderer.class
Processed 6956 -> 7504
Processing net/minecraft/network/play/server/S32PacketConfirmTransaction.class
Processed 2298 -> 2448
Processing net/minecraft/network/play/server/S2EPacketCloseWindow.class
Processed 1544 -> 1666
Processing net/minecraft/client/renderer/tileentity/TileEntityRendererDispatcher.class
Processed 10177 -> 10556
Processing net/minecraft/network/play/server/S2DPacketOpenWindow.class
Processed 3526 -> 3802
Processing net/minecraft/world/gen/structure/StructureVillagePieces$House3.class
Processed 7752 -> 7841
Processing net/minecraft/client/renderer/tileentity/TileEntityBeaconRenderer.class
Processed 6335 -> 7084
Processing net/minecraft/network/play/server/S30PacketWindowItems.class
Processed 2951 -> 3131
Processing net/minecraft/world/gen/structure/StructureVillagePieces$Village.class
Processed 10718 -> 11506
Processing net/minecraft/client/renderer/tileentity/TileEntityChestRenderer.class
Processed 5120 -> 5519
Processing net/minecraft/network/play/server/S31PacketWindowProperty.class
Processed 2172 -> 2322
Processing net/minecraft/world/gen/structure/StructureVillagePieces$Road.class
Processed 877 -> 888
Processing net/minecraft/client/renderer/tileentity/TileEntitySpecialRenderer.class
Processed 3357 -> 3535
Processing net/minecraft/network/play/server/S2FPacketSetSlot.class
Processed 2458 -> 2608
Processing net/minecraft/world/gen/structure/StructureVillagePieces$Well.class
Processed 4911 -> 4994
Processing net/minecraft/client/renderer/tileentity/TileEntityEnderChestRenderer.class
Processed 2810 -> 3126
Processing net/minecraft/network/play/server/S3FPacketCustomPayload.class
Processed 2936 -> 3039
Processing net/minecraft/client/renderer/tileentity/TileEntityEnchantmentTableRenderer.class
Processed 2775 -> 3127
Processing net/minecraft/network/play/server/S40PacketDisconnect.class
Processed 1845 -> 1967
Processing net/minecraft/client/renderer/tileentity/TileEntityPistonRenderer.class
Processed 6238 -> 6477
Processing net/minecraft/network/play/server/S19PacketEntityStatus.class
Processed 2304 -> 2457
Processing net/minecraft/client/renderer/tileentity/TileEntityMobSpawnerRenderer.class
Processed 2592 -> 3009
Processing net/minecraft/network/play/server/S49PacketUpdateEntityNBT.class
Processed 2370 -> 2523
Processing net/minecraft/client/renderer/tileentity/TileEntitySkullRenderer.class
Processed 5991 -> 6523
Processing net/minecraft/network/play/server/S27PacketExplosion.class
Processed 4627 -> 4937
Processing net/minecraft/client/renderer/tileentity/TileEntitySignRenderer.class
Processed 4457 -> 4881
Processing net/minecraft/network/play/server/S46PacketSetCompressionLevel.class
Processed 1705 -> 1813
Processing net/minecraft/network/play/server/S2BPacketChangeGameState.class
Processed 2218 -> 2354
Processing net/minecraft/client/ClientBrandRetriever.class
Processed 717 -> 717
Processing net/minecraft/client/renderer/tileentity/TileEntityEndPortalRenderer.class
Processed 5716 -> 6270
Processing net/minecraft/network/play/server/S00PacketKeepAlive.class
Processed 1743 -> 1865
Processing net/minecraft/client/renderer/chunk/ChunkRenderDispatcher.class
Processed 10869 -> 11275
Processing net/minecraft/network/play/server/S21PacketChunkData.class
Processed 5875 -> 6408
Processing net/minecraft/client/renderer/chunk/ChunkCompileTaskGenerator.class
Processed 4211 -> 4356
Processing net/minecraft/network/play/server/S26PacketMapChunkBulk.class
Processed 4484 -> 4747
Processing net/minecraft/client/renderer/chunk/CompiledChunk.class
Processed 3179 -> 3350
Processing net/minecraft/network/play/server/S28PacketEffect.class
Processed 2529 -> 2693
Processing net/minecraft/client/renderer/chunk/ChunkRenderWorker.class
Processed 8491 -> 8764
Processing net/minecraft/network/play/server/S2APacketParticles.class
Processed 4275 -> 4561
Processing net/minecraft/client/renderer/chunk/ListedRenderChunk.class
Processed 1674 -> 1768
Processing net/minecraft/network/play/server/S29PacketSoundEffect.class
Processed 3264 -> 3486
Processing net/minecraft/client/renderer/chunk/ListChunkFactory.class
Processed 1115 -> 1201
Processing net/minecraft/network/play/server/S01PacketJoinGame.class
Processed 4353 -> 4584
Processing net/minecraft/client/renderer/chunk/IRenderChunkFactory.class
Processed 463 -> 463
Processing net/minecraft/network/play/server/S34PacketMaps.class
Processed 4341 -> 4670
Processing net/minecraft/client/renderer/chunk/RenderChunk.class
Processed 15626 -> 16131
Processing net/minecraft/network/play/server/S08PacketPlayerPosLook$EnumFlags.class
Processed 2896 -> 3064
Processing net/minecraft/network/play/server/S14PacketEntity.class
Processed 3411 -> 3550
Processing net/minecraft/client/renderer/chunk/VisGraph.class
Processed 5046 -> 5296
Processing net/minecraft/network/play/server/S36PacketSignEditorOpen.class
Processed 1845 -> 1967
Processing net/minecraft/client/renderer/chunk/VboChunkFactory.class
Processed 1107 -> 1193
Processing net/minecraft/network/play/server/S39PacketPlayerAbilities.class
Processed 3759 -> 4016
Processing net/minecraft/network/play/server/S42PacketCombatEvent.class
Processed 3399 -> 3546
Processing net/minecraft/client/renderer/chunk/SetVisibility.class
Processed 3051 -> 3331
Processing net/minecraft/network/play/server/S38PacketPlayerListItem.class
Processed 8144 -> 8420
Processing net/minecraft/client/resources/SkinManager$SkinAvailableCallback.class
Processed 710 -> 710
Processing net/minecraft/network/play/server/S0APacketUseBed.class
Processed 2460 -> 2613
Processing net/minecraft/client/renderer/culling/ClippingHelperImpl.class
Processed 3399 -> 3498
Processing net/minecraft/network/play/server/S13PacketDestroyEntities.class
Processed 1940 -> 2073
Processing net/minecraft/client/renderer/culling/ICamera.class
Processed 376 -> 376
Processing net/minecraft/network/play/server/S1EPacketRemoveEntityEffect.class
Processed 2184 -> 2320
Processing net/minecraft/entity/monster/EntitySlime$AISlimeFaceRandom.class
Processed 1486 -> 1486
Processing net/minecraft/client/renderer/culling/ClippingHelper.class
Processed 1341 -> 1606
Processing net/minecraft/network/play/server/S48PacketResourcePackSend.class
Processed 2476 -> 2612
Processing net/minecraft/entity/monster/EntitySlime$SlimeMoveHelper.class
Processed 2687 -> 2693
Processing net/minecraft/client/renderer/culling/Frustum.class
Processed 1753 -> 2051
Processing net/minecraft/network/play/server/S07PacketRespawn.class
Processed 3429 -> 3593
Processing net/minecraft/entity/monster/EntitySlime$AISlimeHop.class
Processed 1002 -> 1002
Processing net/minecraft/network/play/server/S19PacketEntityHeadLook.class
Processed 2331 -> 2484
Processing net/minecraft/entity/monster/EntitySlime$AISlimeFloat.class
Processed 1561 -> 1561
Processing net/minecraft/network/play/server/S44PacketWorldBorder.class
Processed 4186 -> 4336
Processing net/minecraft/entity/monster/EntitySlime$AISlimeAttack.class
Processed 2001 -> 2001
Processing net/minecraft/client/renderer/entity/RenderArrow.class
Processed 4230 -> 4670
Processing net/minecraft/network/play/server/S43PacketCamera.class
Processed 2057 -> 2196
Processing net/minecraft/client/renderer/entity/ArmorStandRenderer.class
Processed 3443 -> 3731
Processing net/minecraft/network/play/server/S09PacketHeldItemChange.class
Processed 1805 -> 1927
Processing net/minecraft/client/renderer/entity/RenderBlaze.class
Processed 1568 -> 1642
Processing net/minecraft/network/play/server/S3DPacketDisplayScoreboard.class
Processed 2374 -> 2510
Processing net/minecraft/client/renderer/entity/RenderBat.class
Processed 2425 -> 2731
Processing net/minecraft/network/play/server/S1CPacketEntityMetadata.class
Processed 2693 -> 2843
Processing net/minecraft/client/renderer/entity/RenderCaveSpider.class
Processed 2012 -> 2254
Processing net/minecraft/network/play/server/S1BPacketEntityAttach.class
Processed 2358 -> 2508
Processing net/minecraft/client/renderer/entity/RenderBoat.class
Processed 2694 -> 2990
Processing net/minecraft/network/play/server/S12PacketEntityVelocity.class
Processed 2835 -> 3044
Processing net/minecraft/client/renderer/entity/RenderCow.class
Processed 1498 -> 1600
Processing net/minecraft/network/play/server/S04PacketEntityEquipment.class
Processed 2526 -> 2676
Processing net/minecraft/client/renderer/entity/RenderChicken.class
Processed 2025 -> 2265
Processing net/minecraft/network/play/server/S1FPacketSetExperience.class
Processed 2207 -> 2357
Processing net/minecraft/client/renderer/entity/RenderEntity.class
Processed 1515 -> 1673
Processing net/minecraft/network/play/server/S06PacketUpdateHealth.class
Processed 2200 -> 2350
Processing net/minecraft/world/gen/structure/StructureNetherBridgePieces$Piece.class
Processed 9579 -> 9883
Processing net/minecraft/client/renderer/entity/RenderCreeper.class
Processed 2937 -> 3275
Processing net/minecraft/network/play/server/S3BPacketScoreboardObjective.class
Processed 3324 -> 3460
Processing net/minecraft/world/gen/structure/StructureNetherBridgePieces$Throne.class
Processed 5439 -> 5509
Processing net/minecraft/client/renderer/entity/RenderDragon.class
Processed 7609 -> 8777
Processing net/minecraft/network/play/server/S3EPacketTeams.class
Processed 5799 -> 5999
Processing net/minecraft/world/gen/structure/StructureNetherBridgePieces$NetherStalkRoom.class
Processed 6830 -> 6895
Processing net/minecraft/client/renderer/tileentity/RenderEnderCrystal.class
Processed 2536 -> 2820
Processing net/minecraft/network/play/server/S3CPacketUpdateScore.class
Processed 3627 -> 3791
Processing net/minecraft/world/gen/structure/StructureNetherBridgePieces$Corridor2.class
Processed 5829 -> 5935
Processing net/minecraft/client/renderer/entity/RenderEndermite.class
Processed 1873 -> 2026
Processing net/minecraft/network/play/server/S05PacketSpawnPosition.class
Processed 1838 -> 1960
Processing net/minecraft/world/gen/structure/StructureNetherBridgePieces$Start.class
Processed 2371 -> 2412
Processing net/minecraft/client/renderer/entity/RenderEnderman.class
Processed 3431 -> 3903
Processing net/minecraft/network/play/server/S03PacketTimeUpdate.class
Processed 2044 -> 2214
Processing net/minecraft/world/gen/structure/StructureNetherBridgePieces$Stairs.class
Processed 4801 -> 4866
Processing net/minecraft/client/renderer/entity/Render.class
Processed 14643 -> 16766
Processing net/minecraft/network/play/server/S45PacketTitle.class
Processed 3500 -> 3748
Processing net/minecraft/world/gen/structure/StructureNetherBridgePieces$Crossing.class
Processed 4877 -> 4942
Processing net/minecraft/client/renderer/entity/RenderManager.class
Processed 23324 -> 24337
Processing net/minecraft/network/play/server/S33PacketUpdateSign.class
Processed 2565 -> 2726
Processing net/minecraft/world/gen/structure/StructureNetherBridgePieces$PieceWeight.class
Processed 1777 -> 1777
Processing net/minecraft/client/renderer/entity/RenderFallingBlock.class
Processed 4674 -> 5066
Processing net/minecraft/network/play/server/S47PacketPlayerListHeaderFooter.class
Processed 2036 -> 2158
Processing net/minecraft/client/renderer/entity/RenderXPOrb.class
Processed 4270 -> 4758
Processing net/minecraft/network/play/server/S0DPacketCollectItem.class
Processed 1955 -> 2091
Processing net/minecraft/client/renderer/entity/RenderFish.class
Processed 6282 -> 6926
Processing net/minecraft/network/play/server/S18PacketEntityTeleport.class
Processed 3437 -> 3657
Processing net/minecraft/client/renderer/entity/RenderFireball.class
Processed 4298 -> 4692
Processing net/minecraft/world/biome/BiomeGenForest$2.class
Processed 1271 -> 1314
Processing net/minecraft/client/gui/MapItemRenderer$Instance.class
Processed 5837 -> 6168
Processing net/minecraft/world/biome/BiomeGenForest$1.class
Processed 1198 -> 1252
Processing net/minecraft/client/renderer/entity/RenderGhast.class
Processed 2222 -> 2441
Processing net/minecraft/network/play/server/S20PacketEntityProperties.class
Processed 5172 -> 5397
Processing net/minecraft/network/play/server/S1DPacketEntityEffect.class
Processed 2949 -> 3085
Processing net/minecraft/client/renderer/entity/RenderGuardian.class
Processed 8672 -> 9995
Processing net/minecraft/network/play/INetHandlerPlayServer.class
Processed 2315 -> 2315
Processing net/minecraft/client/renderer/entity/RenderGiantZombie.class
Processed 2673 -> 2901
Processing net/minecraft/network/play/client/C14PacketTabComplete.class
Processed 2492 -> 2653
Processing net/minecraft/client/renderer/entity/RenderBiped.class
Processed 2817 -> 2975
Processing net/minecraft/network/play/client/C01PacketChatMessage.class
Processed 1885 -> 2007
Processing net/minecraft/client/renderer/entity/RenderHorse.class
Processed 3957 -> 4218
Processing net/minecraft/client/renderer/tileentity/RenderItemFrame.class
Processed 12338 -> 12641
Processing net/minecraft/network/play/client/C16PacketClientStatus.class
Processed 1967 -> 2089
Processing net/minecraft/client/renderer/entity/RenderEntityItem.class
Processed 6945 -> 7190
Processing net/minecraft/network/play/server/S42PacketCombatEvent$Event.class
Processed 1325 -> 1386
Processing net/minecraft/network/play/client/C15PacketClientSettings.class
Processed 3125 -> 3303
Processing net/minecraft/client/renderer/entity/RenderMagmaCube.class
Processed 2180 -> 2410
Processing net/minecraft/network/play/client/C0FPacketConfirmTransaction.class
Processed 2162 -> 2312
Processing net/minecraft/client/renderer/entity/RenderItem.class
Processed 46136 -> 47162
Processing net/minecraft/network/play/client/C11PacketEnchantItem.class
Processed 1917 -> 2053
Processing net/minecraft/client/renderer/entity/RenderLightningBolt.class
Processed 4159 -> 4767
Processing net/minecraft/network/play/client/C0EPacketClickWindow.class
Processed 2912 -> 3104
Processing net/minecraft/client/renderer/entity/RenderLeashKnot.class
Processed 2350 -> 2622
Processing net/minecraft/network/play/client/C0DPacketCloseWindow.class
Processed 1691 -> 1813
Processing net/minecraft/client/renderer/entity/RenderMinecart.class
Processed 5771 -> 6289
Processing net/minecraft/network/play/client/C17PacketCustomPayload.class
Processed 2914 -> 3019
Processing net/minecraft/client/renderer/entity/RendererLivingEntity.class
Processed 19920 -> 20890
Processing net/minecraft/network/play/client/C02PacketUseEntity.class
Processed 3343 -> 3533
Processing net/minecraft/client/renderer/entity/RenderLiving.class
Processed 7331 -> 8556
Processing net/minecraft/network/play/client/C00PacketKeepAlive.class
Processed 1738 -> 1860
Processing net/minecraft/client/renderer/entity/RendererLivingEntity$1.class
Processed 962 -> 962
Processing net/minecraft/client/renderer/entity/RenderMinecartMobSpawner.class
Processed 1858 -> 1983
Processing net/minecraft/network/play/client/C03PacketPlayer.class
Processed 2998 -> 3137
Processing net/minecraft/client/renderer/entity/RenderOcelot.class
Processed 2351 -> 2565
Processing net/minecraft/network/play/client/C13PacketPlayerAbilities.class
Processed 3465 -> 3722
Processing net/minecraft/client/renderer/entity/RenderMooshroom.class
Processed 1791 -> 1893
Processing net/minecraft/network/play/client/C07PacketPlayerDigging.class
Processed 2901 -> 3051
Processing net/minecraft/client/renderer/entity/RenderPig.class
Processed 1726 -> 1828
Processing net/minecraft/network/play/client/C0BPacketEntityAction.class
Processed 2743 -> 2921
Processing net/minecraft/client/particle/EntityCloudFX$Factory.class
Processed 976 -> 1204
Processing net/minecraft/client/renderer/entity/RenderPainting.class
Processed 6399 -> 7169
Processing net/minecraft/network/play/client/C0CPacketInput.class
Processed 2469 -> 2644
Processing net/minecraft/client/renderer/entity/RenderRabbit.class
Processed 2613 -> 2726
Processing net/minecraft/realms/RealmsLevelSummary.class
Processed 2427 -> 2482
Processing net/minecraft/network/play/client/C19PacketResourcePackStatus.class
Processed 2414 -> 2550
Processing net/minecraft/client/renderer/entity/RenderPigZombie.class
Processed 2231 -> 2353
Processing net/minecraft/network/play/client/C09PacketHeldItemChange.class
Processed 1782 -> 1904
Processing net/minecraft/client/renderer/entity/RenderSilverfish.class
Processed 1882 -> 2035
Processing net/minecraft/network/play/client/C10PacketCreativeInventoryAction.class
Processed 2273 -> 2409
Processing net/minecraft/client/renderer/entity/RenderSheep.class
Processed 1756 -> 1858
Processing net/minecraft/network/play/client/C12PacketUpdateSign.class
Processed 2846 -> 3015
Processing net/minecraft/client/renderer/entity/RenderSlime.class
Processed 2910 -> 3501
Processing net/minecraft/network/play/client/C0APacketAnimation.class
Processed 1259 -> 1367
Processing net/minecraft/client/renderer/entity/RenderSkeleton.class
Processed 2937 -> 3171
Processing net/minecraft/network/play/client/C18PacketSpectate.class
Processed 1838 -> 1977
Processing net/minecraft/client/renderer/entity/RenderSnowMan.class
Processed 2072 -> 2146
Processing net/minecraft/client/renderer/block/statemap/StateMap$1.class
Processed 262 -> 262
Processing net/minecraft/network/play/client/C08PacketPlayerBlockPlacement.class
Processed 3248 -> 3454
Processing net/minecraft/client/renderer/entity/RenderSquid.class
Processed 2489 -> 2849
Processing net/minecraft/client/renderer/entity/RenderSpider.class
Processed 2355 -> 2508
Processing net/minecraft/network/handshake/client/C00Handshake.class
Processed 3415 -> 3570
Processing net/minecraft/client/renderer/entity/RenderPotion.class
Processed 1674 -> 1752
Processing net/minecraft/network/handshake/INetHandlerHandshakeServer.class
Processed 258 -> 258
Processing net/minecraft/client/renderer/entity/RenderSnowball.class
Processed 3131 -> 3331
Processing net/minecraft/client/renderer/entity/RenderTNTPrimed.class
Processed 3365 -> 3673
Processing net/minecraft/client/audio/MusicTicker$MusicType.class
Processed 2587 -> 2686
Processing net/minecraft/network/login/INetHandlerLoginClient.class
Processed 552 -> 552
Processing net/minecraft/client/renderer/entity/RenderTntMinecart.class
Processed 2675 -> 2844
Processing net/minecraft/network/login/server/S02PacketLoginSuccess.class
Processed 2453 -> 2608
Processing net/minecraft/client/renderer/entity/RenderVillager.class
Processed 3584 -> 3710
Processing net/minecraft/network/login/server/S01PacketEncryptionRequest.class
Processed 2580 -> 2730
Processing net/minecraft/client/renderer/entity/RenderIronGolem.class
Processed 2537 -> 2806
Processing net/minecraft/network/login/server/S03PacketEnableCompression.class
Processed 1812 -> 1934
Processing net/minecraft/client/renderer/entity/RenderWither.class
Processed 3193 -> 3756
Processing net/minecraft/network/login/server/S00PacketDisconnect.class
Processed 1860 -> 1982
Processing net/minecraft/client/renderer/entity/RenderWitch.class
Processed 3129 -> 3670
Processing net/minecraft/network/login/INetHandlerLoginServer.class
Processed 360 -> 360
Processing net/minecraft/client/renderer/entity/RenderWolf.class
Processed 3163 -> 3737
Processing net/minecraft/network/login/client/C00PacketLoginStart.class
Processed 1918 -> 2040
Processing net/minecraft/client/renderer/tileentity/RenderWitherSkull.class
Processed 3037 -> 3383
Processing net/minecraft/network/login/client/C01PacketEncryptionResponse.class
Processed 2575 -> 2767
Processing net/minecraft/client/renderer/entity/layers/LayerArmorBase.class
Processed 9742 -> 10157
Processing net/minecraft/client/renderer/block/statemap/StateMap$Builder.class
Processed 2497 -> 2493
Processing net/minecraft/client/renderer/entity/RenderZombie.class
Processed 5146 -> 5771
Processing net/minecraft/client/renderer/entity/layers/LayerCape.class
Processed 3560 -> 3977
Processing net/minecraft/network/status/INetHandlerStatusClient.class
Processed 334 -> 334
Processing net/minecraft/client/renderer/entity/layers/LayerArrow.class
Processed 3883 -> 4250
Processing net/minecraft/network/status/server/S01PacketPong.class
Processed 1532 -> 1654
Processing net/minecraft/client/renderer/entity/layers/LayerCreeperCharge.class
Processed 2892 -> 3225
Processing net/minecraft/network/status/server/S00PacketServerInfo.class
Processed 3602 -> 3701
Processing net/minecraft/client/renderer/entity/layers/LayerHeldBlock.class
Processed 3286 -> 3655
Processing net/minecraft/network/ServerStatusResponse.class
Processed 2923 -> 2970
Processing net/minecraft/client/renderer/entity/layers/LayerDeadmau5Head.class
Processed 2697 -> 3042
Processing net/minecraft/network/status/INetHandlerStatusServer.class
Processed 338 -> 338
Processing net/minecraft/client/renderer/entity/layers/LayerCustomHead.class
Processed 5097 -> 5404
Processing net/minecraft/network/status/client/C01PacketPing.class
Processed 1764 -> 1886
Processing net/minecraft/client/renderer/entity/layers/LayerEnderDragonEyes.class
Processed 2658 -> 2991
Processing net/minecraft/network/status/client/C00PacketServerQuery.class
Processed 1290 -> 1398
Processing net/minecraft/client/renderer/entity/layers/LayerEnderDragonDeath.class
Processed 3582 -> 3961
Processing net/minecraft/client/renderer/entity/layers/LayerBipedArmor.class
Processed 3005 -> 3165
Processing net/minecraft/client/renderer/entity/layers/LayerEndermanEyes.class
Processed 2747 -> 3080
Processing net/minecraft/util/ResourceLocation.class
Processed 2319 -> 2334
Processing net/minecraft/client/renderer/entity/layers/LayerMooshroomMushroom.class
Processed 3281 -> 3590
Processing net/minecraft/client/renderer/entity/layers/LayerHeldItem.class
Processed 3814 -> 4049
Processing net/minecraft/util/EnumFacing$1.class
Processed 1506 -> 1506
Processing net/minecraft/client/renderer/entity/layers/LayerSaddle.class
Processed 2231 -> 2529
Processing net/minecraft/dispenser/BehaviorProjectileDispense.class
Processed 2286 -> 2391
Processing net/minecraft/init/Bootstrap.class
Processed 3948 -> 3955
Processing net/minecraft/client/renderer/entity/layers/LayerSheepWool.class
Processed 3282 -> 3686
Processing net/minecraft/client/util/JsonException.class
Processed 2539 -> 2628
Processing net/minecraft/client/renderer/entity/layers/LayerRenderer.class
Processed 506 -> 506
Processing net/minecraft/client/renderer/entity/layers/LayerSnowmanHead.class
Processed 2966 -> 3275
Processing net/minecraft/client/renderer/entity/layers/LayerSlimeGel.class
Processed 2233 -> 2531
Processing net/minecraft/client/renderer/entity/layers/LayerVillagerArmor.class
Processed 1154 -> 1162
Processing net/minecraft/util/LoggingPrintStream.class
Processed 1750 -> 1826
Processing net/minecraft/client/renderer/entity/layers/LayerSpiderEyes.class
Processed 2739 -> 3072
Processing net/minecraft/client/gui/achievement/GuiStats$StatsBlock$1.class
Processed 2763 -> 2840
Processing net/minecraft/client/main/Main.class
Processed 8520 -> 9078
Processing net/minecraft/client/renderer/entity/layers/LayerHeldItemWitch.class
Processed 4412 -> 4805
Processing net/minecraft/network/ThreadQuickExitException.class
Processed 639 -> 639
Processing net/minecraft/client/renderer/entity/layers/LayerIronGolemFlower.class
Processed 3366 -> 3723
Processing net/minecraft/client/renderer/entity/layers/LayerWolfCollar.class
Processed 2577 -> 2898
Processing net/minecraft/scoreboard/ServerScoreboard.class
Processed 7426 -> 7983
Processing net/minecraft/client/renderer/entity/layers/LayerWitherAura.class
Processed 3028 -> 3373
Processing net/minecraft/util/ITickable.class
Processed 124 -> 124
Processing net/minecraft/server/network/NetHandlerLoginServer$1.class
Processed 1466 -> 1526
Processing net/minecraft/client/multiplayer/WorldClient$4.class
Processed 1435 -> 1448
Processing net/minecraft/server/network/NetHandlerLoginServer$2.class
Processed 4289 -> 4312
Processing net/minecraft/client/util/JsonBlendingMode.class
Processed 4640 -> 4977
Processing net/minecraft/client/renderer/entity/RenderPlayer.class
Processed 10038 -> 10913
Processing net/minecraft/client/shader/ShaderManager.class
Processed 13420 -> 14018
Processing net/minecraft/client/shader/ShaderDefault.class
Processed 1628 -> 1861
Processing net/minecraft/client/shader/Shader.class
Processed 5892 -> 6222
Processing net/minecraft/client/shader/ShaderGroup.class
Processed 13633 -> 14525
Processing net/minecraft/world/Teleporter$PortalPosition.class
Processed 730 -> 776
Processing net/minecraft/client/shader/ShaderLinkHelper.class
Processed 2664 -> 2719
Processing net/minecraft/client/shader/ShaderLoader.class
Processed 4359 -> 4597
Processing net/minecraft/client/renderer/DestroyBlockProgress.class
Processed 1280 -> 1357
Processing net/minecraft/client/shader/ShaderUniform.class
Processed 6893 -> 7242
Processing net/minecraft/world/demo/DemoWorldServer.class
Processed 1583 -> 1647
Processing net/minecraft/client/renderer/texture/AbstractTexture.class
Processed 1654 -> 1766
Processing net/minecraft/world/demo/DemoWorldManager.class
Processed 3621 -> 4032
Processing net/minecraft/world/WorldServerMulti.class
Processed 3078 -> 3096
Processing net/minecraft/client/renderer/texture/DynamicTexture.class
Processed 1600 -> 1652
Processing net/minecraft/entity/EntityTracker.class
Processed 10298 -> 10498
Processing net/minecraft/client/renderer/texture/IIconCreator.class
Processed 359 -> 359
Processing net/minecraft/world/WorldManager.class
Processed 5225 -> 6497
Processing net/minecraft/client/renderer/ThreadDownloadImageData.class
Processed 4480 -> 4634
Processing net/minecraft/server/management/PlayerManager.class
Processed 9887 -> 10338
Processing net/minecraft/client/renderer/texture/LayeredTexture.class
Processed 2922 -> 3014
Processing net/minecraft/world/gen/ChunkProviderServer.class
Processed 13721 -> 14080
Processing net/minecraft/client/renderer/texture/LayeredColorMaskTexture.class
Processed 4065 -> 4325
Processing net/minecraft/world/WorldServer.class
Processed 42212 -> 43653
Processing net/minecraft/client/particle/EntityFootStepFX$Factory.class
Processed 1223 -> 1451
Processing net/minecraft/client/renderer/texture/Stitcher.class
Processed 7446 -> 7513
Processing net/minecraft/entity/player/EntityPlayerMP.class
Processed 41420 -> 42486
Processing net/minecraft/client/renderer/texture/SimpleTexture.class
Processed 3002 -> 3105
Processing net/minecraft/server/management/ItemInWorldManager.class
Processed 14796 -> 15212
Processing net/minecraft/client/multiplayer/WorldClient$3.class
Processed 1359 -> 1372
Processing net/minecraft/client/renderer/texture/TextureMap.class
Processed 15558 -> 15800
Processing net/minecraft/entity/EntityTrackerEntry.class
Processed 19603 -> 19756
Processing net/minecraft/client/multiplayer/WorldClient$2.class
Processed 1406 -> 1419
Processing net/minecraft/client/renderer/StitcherException.class
Processed 869 -> 889
Processing net/minecraft/client/multiplayer/WorldClient$1.class
Processed 1406 -> 1419
Processing net/minecraft/client/renderer/texture/TextureManager.class
Processed 7365 -> 7548
Processing net/minecraft/network/PingResponseHandler.class
Processed 5750 -> 5995
Processing net/minecraft/client/renderer/texture/TextureAtlasSprite.class
Processed 11620 -> 11935
Processing net/minecraft/client/network/NetHandlerHandshakeMemory.class
Processed 1990 -> 2014
Processing net/minecraft/client/renderer/texture/TextureUtil.class
Processed 10947 -> 11852
Processing net/minecraft/network/NetworkSystem.class
Processed 8350 -> 8413
Processing net/minecraft/client/renderer/texture/ITextureObject.class
Processed 505 -> 505
Processing net/minecraft/network/NetHandlerPlayServer.class
Processed 47283 -> 48155
Processing net/minecraft/client/renderer/texture/ITickableTextureObject.class
Processed 402 -> 402
Processing net/minecraft/util/EnumFacing$AxisDirection.class
Processed 1565 -> 1649
Processing net/minecraft/server/network/NetHandlerHandshakeTCP.class
Processed 3183 -> 3211
Processing net/minecraft/client/renderer/texture/ITickable.class
Processed 295 -> 295
Processing net/minecraft/util/EnumFacing$Plane.class
Processed 2929 -> 3027
Processing net/minecraft/server/network/NetHandlerLoginServer.class
Processed 9679 -> 9908
Processing net/minecraft/client/renderer/texture/TextureCompass.class
Processed 3035 -> 3281
Processing net/minecraft/server/network/NetHandlerStatusServer.class
Processed 2120 -> 2207
Processing net/minecraft/client/renderer/texture/TextureClock.class
Processed 2209 -> 2260
Processing net/minecraft/util/EnumFacing$Axis.class
Processed 3306 -> 3446
Processing net/minecraft/server/management/BanEntry.class
Processed 3303 -> 3482
Processing net/minecraft/client/renderer/vertex/VertexBuffer.class
Processed 1726 -> 1770
Processing net/minecraft/server/management/PlayerProfileCache.class
Processed 9714 -> 9999
Processing net/minecraft/client/renderer/vertex/DefaultVertexFormats.class
Processed 2911 -> 2911
Processing net/minecraft/server/management/BanList.class
Processed 1918 -> 2013
Processing net/minecraft/client/renderer/vertex/VertexFormatElement.class
Processed 3454 -> 3473
Processing net/minecraft/server/management/IPBanEntry.class
Processed 1709 -> 1840
Processing net/minecraft/client/renderer/vertex/VertexFormat.class
Processed 5443 -> 5593
Processing net/minecraft/server/management/PreYggdrasilConverter.class
Processed 15412 -> 16141
Processing net/minecraft/client/resources/AbstractResourcePack.class
Processed 5159 -> 5273
Processing net/minecraft/server/management/ServerConfigurationManager.class
Processed 37077 -> 38767
Processing net/minecraft/client/gui/stream/GuiIngestServers$ServerList.class
Processed 4664 -> 4955
Processing net/minecraft/server/management/UserListOps.class
Processed 2732 -> 2910
Processing net/minecraft/client/resources/DefaultPlayerSkin.class
Processed 1311 -> 1364
Processing net/minecraft/server/management/UserListOpsEntry.class
Processed 2779 -> 2919
Processing net/minecraft/client/resources/ResourceIndex.class
Processed 4246 -> 4437
Processing net/minecraft/util/ChatComponentStyle$2.class
Processed 1377 -> 1408
Processing net/minecraft/client/resources/DefaultResourcePack.class
Processed 4178 -> 4375
Processing net/minecraft/util/ChatComponentStyle$1.class
Processed 1203 -> 1234
Processing net/minecraft/server/management/UserListEntry.class
Processed 1223 -> 1279
Processing net/minecraft/server/management/UserList.class
Processed 7526 -> 7727
Processing net/minecraft/client/renderer/block/model/BlockFaceUV$Deserializer.class
Processed 3091 -> 3263
Processing net/minecraft/client/resources/FileResourcePack.class
Processed 3979 -> 4136
Processing net/minecraft/server/management/UserListBans.class
Processed 2617 -> 2778
Processing net/minecraft/client/resources/FallbackResourceManager.class
Processed 4855 -> 4950
Processing net/minecraft/server/management/UserListBansEntry.class
Processed 2368 -> 2541
Processing net/minecraft/client/resources/FoliageColorReloadListener.class
Processed 1363 -> 1388
Processing net/minecraft/server/management/UserListWhitelist.class
Processed 2801 -> 2967
Processing net/minecraft/client/resources/FolderResourcePack.class
Processed 2386 -> 2521
Processing net/minecraft/server/management/UserListWhitelistEntry.class
Processed 2070 -> 2190
Processing net/minecraft/client/resources/IReloadableResourceManager.class
Processed 579 -> 579
Processing net/minecraft/client/resources/GrassColorReloadListener.class
Processed 1351 -> 1376
Processing net/minecraft/client/resources/IResourceManager.class
Processed 741 -> 741
Processing net/minecraft/client/gui/stream/GuiStreamUnavailable$1.class
Processed 1968 -> 1968
Processing net/minecraft/client/resources/IResource.class
Processed 675 -> 675
Processing net/minecraft/network/rcon/RConConsoleSource.class
Processed 2945 -> 3073
Processing net/minecraft/client/resources/IResourcePack.class
Processed 1017 -> 1017
Processing net/minecraft/client/resources/model/SimpleBakedModel$Builder.class
Processed 5467 -> 5824
Processing net/minecraft/client/resources/IResourceManagerReloadListener.class
Processed 377 -> 377
Processing net/minecraft/client/resources/ResourcePackRepository.class
Processed 11577 -> 11896
Processing net/minecraft/world/storage/WorldInfo$5.class
Processed 1302 -> 1315
Processing net/minecraft/client/resources/ResourcePackFileNotFoundException.class
Processed 807 -> 827
Processing net/minecraft/world/storage/WorldInfo$4.class
Processed 1224 -> 1237
Processing net/minecraft/client/resources/SimpleResource.class
Processed 3895 -> 4025
Processing net/minecraft/world/storage/WorldInfo$7.class
Processed 1483 -> 1496
Processing net/minecraft/client/resources/SimpleReloadableResourceManager.class
Processed 6879 -> 6931
Processing net/minecraft/world/storage/WorldInfo$6.class
Processed 1126 -> 1139
Processing net/minecraft/client/resources/I18n.class
Processed 765 -> 804
Processing net/minecraft/stats/Achievement.class
Processed 4848 -> 5159
Processing net/minecraft/world/storage/WorldInfo$1.class
Processed 1084 -> 1097
Processing net/minecraft/client/resources/SkinManager.class
Processed 6647 -> 6918
Processing net/minecraft/stats/AchievementList.class
Processed 5478 -> 5478
Processing net/minecraft/client/resources/LanguageManager.class
Processed 5716 -> 5750
Processing net/minecraft/stats/IStatStringFormat.class
Processed 328 -> 328
Processing net/minecraft/world/storage/WorldInfo$3.class
Processed 1074 -> 1087
Processing net/minecraft/client/resources/Language.class
Processed 1831 -> 1918
Processing net/minecraft/stats/StatBasic.class
Processed 942 -> 1006
Processing net/minecraft/world/storage/WorldInfo$2.class
Processed 1619 -> 1632
Processing net/minecraft/stats/StatCrafting.class
Processed 1561 -> 1622
Processing net/minecraft/client/resources/Locale.class
Processed 5958 -> 6001
Processing net/minecraft/stats/StatisticsFile.class
Processed 10380 -> 10694
Processing net/minecraft/client/resources/data/IMetadataSection.class
Processed 279 -> 279
Processing net/minecraft/stats/StatBase.class
Processed 6328 -> 6456
Processing net/minecraft/client/resources/data/BaseMetadataSectionSerializer.class
Processed 858 -> 858
Processing net/minecraft/stats/IStatType.class
Processed 297 -> 297
Processing net/minecraft/client/resources/data/IMetadataSerializer.class
Processed 4807 -> 4938
Processing net/minecraft/util/TupleIntJsonSerializable.class
Processed 964 -> 1013
Processing net/minecraft/client/gui/stream/GuiStreamUnavailable$Reason.class
Processed 3894 -> 4038
Processing net/minecraft/client/resources/data/IMetadataSectionSerializer.class
Processed 516 -> 516
Processing net/minecraft/util/IJsonSerializable.class
Processed 230 -> 230
Processing net/minecraft/client/resources/data/AnimationFrame.class
Processed 962 -> 995
Processing net/minecraft/block/BlockPistonExtension$EnumPistonType.class
Processed 1626 -> 1701
Processing net/minecraft/server/network/NetHandlerLoginServer$LoginState.class
Processed 1528 -> 1588
Processing net/minecraft/stats/StatList.class
Processed 13749 -> 13884
Processing net/minecraft/client/resources/data/AnimationMetadataSectionSerializer.class
Processed 6283 -> 6653
Processing net/minecraft/stats/StatFileWriter.class
Processed 3494 -> 3786
Processing net/minecraft/client/resources/data/AnimationMetadataSection.class
Processed 3024 -> 3213
Processing net/minecraft/util/JsonSerializableSet.class
Processed 2037 -> 2080
Processing net/minecraft/client/resources/data/FontMetadataSection.class
Processed 719 -> 752
Processing net/minecraft/util/ClassInheritanceMultiMap.class
Processed 5283 -> 5510
Processing net/minecraft/client/resources/data/FontMetadataSectionSerializer.class
Processed 3754 -> 4009
Processing net/minecraft/util/CryptManager.class
Processed 5589 -> 6201
Processing net/minecraft/client/resources/data/LanguageMetadataSectionSerializer.class
Processed 3750 -> 3933
Processing net/minecraft/util/FrameTimer.class
Processed 1283 -> 1382
Processing net/minecraft/client/resources/data/LanguageMetadataSection.class
Processed 1052 -> 1059
Processing net/minecraft/util/JsonUtils.class
Processed 7286 -> 7818
Processing net/minecraft/client/resources/data/PackMetadataSection.class
Processed 945 -> 965
Processing net/minecraft/util/HttpUtil.class
Processed 7673 -> 8071
Processing net/minecraft/world/storage/WorldInfo$9.class
Processed 1681 -> 1694
Processing net/minecraft/server/management/LowerStringMap.class
Processed 3394 -> 3531
Processing net/minecraft/world/storage/WorldInfo$8.class
Processed 1513 -> 1526
Processing net/minecraft/util/IntegerCache.class
Processed 712 -> 746
Processing net/minecraft/client/resources/data/PackMetadataSectionSerializer.class
Processed 3527 -> 3743
Processing net/minecraft/util/IntHashMap.class
Processed 4244 -> 4594
Processing net/minecraft/client/resources/data/TextureMetadataSection.class
Processed 1322 -> 1358
Processing net/minecraft/util/LazyLoadBase.class
Processed 748 -> 748
Processing net/minecraft/util/ThreadSafeBoundList.class
Processed 2234 -> 2301
Processing net/minecraft/client/resources/data/TextureMetadataSectionSerializer.class
Processed 3748 -> 3930
Processing net/minecraft/util/LongHashMap.class
Processed 4421 -> 4811
Processing net/minecraft/client/resources/model/ModelRotation.class
Processed 6466 -> 6603
Processing net/minecraft/util/EnumTypeAdapterFactory.class
Processed 2360 -> 2498
Processing net/minecraft/entity/monster/EntityBlaze$AIFireballAttack.class
Processed 3617 -> 3716
Processing net/minecraft/client/resources/model/IBakedModel.class
Processed 959 -> 959
Processing net/minecraft/util/MathHelper.class
Processed 10505 -> 12846
Processing net/minecraft/client/resources/model/ModelBakery.class
Processed 39256 -> 39538
Processing net/minecraft/profiler/Profiler.class
Processed 5069 -> 5328
Processing net/minecraft/client/resources/model/BuiltInModel.class
Processed 1734 -> 1762
Processing net/minecraft/util/IProgressUpdate.class
Processed 466 -> 466
Processing net/minecraft/client/resources/model/ModelResourceLocation.class
Processed 2573 -> 2735
Processing net/minecraft/util/MouseFilter.class
Processed 878 -> 900
Processing net/minecraft/client/resources/model/ModelManager.class
Processed 3164 -> 3180
Processing net/minecraft/util/IStringSerializable.class
Processed 152 -> 152
Processing net/minecraft/client/resources/model/WeightedBakedModel.class
Processed 2938 -> 2993
Processing net/minecraft/util/StringUtils.class
Processed 1523 -> 1611
Processing net/minecraft/client/resources/model/SimpleBakedModel.class
Processed 2959 -> 3057
Processing net/minecraft/network/play/server/S44PacketWorldBorder$Action.class
Processed 1512 -> 1573
Processing net/minecraft/util/Tuple.class
Processed 887 -> 907
Processing net/minecraft/block/BlockPlanks$EnumType.class
Processed 3223 -> 3488
Processing net/minecraft/world/gen/structure/StructureNetherBridgePieces$1.class
Processed 842 -> 842
Processing net/minecraft/network/ServerStatusResponse$MinecraftProtocolVersionIdentifier$Serializer.class
Processed 3166 -> 3247
Processing net/minecraft/client/audio/PositionedSound.class
Processed 1904 -> 1912
Processing net/minecraft/util/WeightedRandom.class
Processed 2148 -> 2260
Processing net/minecraft/util/WeightedRandomChestContent.class
Processed 4056 -> 4342
Processing net/minecraft/client/audio/GuardianSound.class
Processed 1666 -> 1685
Processing net/minecraft/client/audio/MovingSound.class
Processed 748 -> 756
Processing net/minecraft/util/IThreadListener.class
Processed 373 -> 373
Processing net/minecraft/client/audio/MovingSoundMinecartRiding.class
Processed 1901 -> 1934
Processing net/minecraft/client/audio/MovingSoundMinecart.class
Processed 1579 -> 1598
Processing net/minecraft/inventory/InventoryLargeChest.class
Processed 4811 -> 5261
Processing net/minecraft/client/audio/SoundCategory.class
Processed 3358 -> 3506
Processing net/minecraft/inventory/IInventory.class
Processed 797 -> 797
Processing net/minecraft/client/audio/PositionedSoundRecord.class
Processed 2020 -> 2280
Processing net/minecraft/inventory/IInvBasic.class
Processed 181 -> 181
Processing net/minecraft/client/audio/SoundListSerializer.class
Processed 4780 -> 4999
Processing net/minecraft/inventory/InventoryHelper.class
Processed 2976 -> 3366
Processing net/minecraft/client/audio/SoundList.class
Processed 1541 -> 1585
Processing net/minecraft/world/EnumDifficulty.class
Processed 1953 -> 2107
Processing net/minecraft/client/audio/ITickableSound.class
Processed 375 -> 375
Processing net/minecraft/world/DifficultyInstance.class
Processed 1673 -> 1956
Processing net/minecraft/client/audio/ISound.class
Processed 677 -> 677
Processing net/minecraft/world/IInteractionObject.class
Processed 348 -> 348
Processing net/minecraft/world/LockCode.class
Processed 1316 -> 1363
Processing net/minecraft/server/integrated/IntegratedServer.class
  Access Change: PUBLIC -> PUBLIC net/minecraft/server/integrated/IntegratedServer.tick()V
Processed 14488 -> 14693
Processing net/minecraft/world/ILockableContainer.class
Processed 339 -> 339
Processing net/minecraft/server/integrated/IntegratedPlayerList.class
Processed 2342 -> 2424
Processing net/minecraft/world/IWorldNameable.class
Processed 243 -> 243
Processing net/minecraft/client/network/LanServerDetector.class
Processed 1148 -> 1148
Processing net/minecraft/inventory/InventoryBasic.class
Processed 5384 -> 5951
Processing net/minecraft/server/integrated/IntegratedServerCommandManager.class
Processed 525 -> 525
Processing net/minecraft/profiler/PlayerUsageSnooper.class
Processed 7180 -> 7524
Processing net/minecraft/client/gui/GuiLockIconButton$Icon.class
Processed 1913 -> 1998
Processing net/minecraft/profiler/IPlayerUsage.class
Processed 257 -> 257
Processing net/minecraft/client/multiplayer/ThreadLanServerPing.class
Processed 3500 -> 3681
Processing net/minecraft/inventory/ISidedInventory.class
Processed 335 -> 335
Processing net/minecraft/util/CombatEntry.class
Processed 1667 -> 1739
Processing net/minecraft/client/gui/MapItemRenderer$1.class
Processed 374 -> 374
Processing net/minecraft/util/CombatTracker.class
Processed 7086 -> 7328
Processing net/minecraft/client/audio/SoundPoolEntry.class
Processed 1474 -> 1591
Processing net/minecraft/util/DamageSource.class
Processed 6870 -> 7263
Processing net/minecraft/client/audio/MusicTicker.class
Processed 2566 -> 2599
Processing net/minecraft/util/EntityDamageSource.class
Processed 2270 -> 2346
Processing net/minecraft/client/audio/SoundEventAccessorComposite.class
Processed 3380 -> 3532
Processing net/minecraft/util/EntityDamageSourceIndirect.class
Processed 2168 -> 2268
Processing net/minecraft/client/audio/SoundManager.class
Processed 17145 -> 17565
Processing net/minecraft/client/audio/SoundHandler.class
Processed 11692 -> 12262
Processing net/minecraft/world/gen/structure/StructureNetherBridgePieces$Corridor4.class
Processed 5212 -> 5277
Processing net/minecraft/potion/PotionAbsorption.class
Processed 1089 -> 1388
Processing net/minecraft/world/gen/structure/StructureNetherBridgePieces$Corridor3.class
Processed 5027 -> 5092
Processing net/minecraft/client/audio/ISoundEventAccessor.class
Processed 422 -> 422
Processing net/minecraft/potion/PotionAttackDamage.class
Processed 831 -> 949
Processing net/minecraft/world/gen/structure/StructureNetherBridgePieces$Straight.class
Processed 4720 -> 4785
Processing net/minecraft/client/audio/SoundRegistry.class
Processed 1655 -> 1670
Processing net/minecraft/util/LongHashMap$Entry.class
Processed 2053 -> 2178
Processing net/minecraft/potion/PotionHealthBoost.class
Processed 974 -> 1153
Processing net/minecraft/world/gen/structure/StructureNetherBridgePieces$End.class
Processed 4203 -> 4273
Processing net/minecraft/potion/PotionHealth.class
Processed 647 -> 727
Processing net/minecraft/world/gen/structure/StructureNetherBridgePieces$Corridor5.class
Processed 4481 -> 4546
Processing net/minecraft/client/audio/SoundEventAccessor.class
Processed 1258 -> 1280
Processing net/minecraft/potion/Potion.class
Processed 13866 -> 14560
Processing net/minecraft/world/gen/structure/StructureNetherBridgePieces$Corridor.class
Processed 5824 -> 5930
Processing net/minecraft/client/stream/MetadataCombat.class
Processed 1236 -> 1258
Processing net/minecraft/potion/PotionEffect.class
Processed 6969 -> 7250
Processing net/minecraft/world/gen/structure/StructureNetherBridgePieces$Crossing2.class
Processed 4488 -> 4553
Processing net/minecraft/client/stream/MetadataAchievement.class
Processed 1299 -> 1306
Processing net/minecraft/world/gen/structure/StructureNetherBridgePieces$Entrance.class
Processed 6223 -> 6288
Processing net/minecraft/client/stream/Metadata.class
Processed 2790 -> 2867
Processing net/minecraft/entity/EntityAgeable.class
Processed 5831 -> 5933
Processing net/minecraft/client/stream/MetadataPlayerDeath.class
Processed 942 -> 964
Processing net/minecraft/entity/passive/IAnimals.class
Processed 110 -> 110
Processing net/minecraft/client/stream/BroadcastController.class
Processed 20492 -> 21221
Processing net/minecraft/entity/Entity.class
Processed 63517 -> 67259
Processing net/minecraft/client/stream/IngestServerTester.class
Processed 9787 -> 9910
Processing net/minecraft/network/play/server/S44PacketWorldBorder$1.class
Processed 1016 -> 1016
Processing net/minecraft/world/gen/structure/StructureNetherBridgePieces$Crossing3.class
Processed 5844 -> 5909
Processing net/minecraft/client/stream/ChatController.class
Processed 9981 -> 10227
Processing net/minecraft/entity/EntityList.class
Processed 14008 -> 14356
Processing net/minecraft/client/stream/TwitchStream.class
Processed 28815 -> 29867
Processing net/minecraft/client/stream/IStream.class
Processed 1487 -> 1487
Processing net/minecraft/util/EntitySelectors.class
Processed 860 -> 860
Processing net/minecraft/client/audio/ISound$AttenuationType.class
Processed 1504 -> 1575
Processing net/minecraft/entity/item/EntityXPOrb.class
Processed 7389 -> 7587
Processing net/minecraft/item/Item$17.class
Processed 1162 -> 1193
Processing net/minecraft/client/renderer/block/model/ModelBlock$1.class
Processed 398 -> 398
Processing net/minecraft/client/stream/NullStream.class
Processed 3682 -> 3819
Processing net/minecraft/entity/EntityFlying.class
Processed 2578 -> 2824
Processing net/minecraft/item/Item$16.class
Processed 1156 -> 1187
Processing net/minecraft/util/Vector3d.class
Processed 518 -> 518
Processing net/minecraft/entity/EntityLivingBase.class
Processed 47977 -> 49159
Processing net/minecraft/util/Matrix4f.class
Processed 1067 -> 1075
Processing net/minecraft/entity/EntityLiving.class
Processed 28333 -> 28987
Processing net/minecraft/entity/EnumCreatureType.class
Processed 2530 -> 2650
Processing net/minecraft/item/Item$13.class
Processed 1156 -> 1187
Processing net/minecraft/client/renderer/OpenGlHelper.class
Processed 17957 -> 19384
Processing net/minecraft/entity/IEntityLivingData.class
Processed 111 -> 111
Processing net/minecraft/item/Item$12.class
Processed 1156 -> 1187
Processing net/minecraft/entity/EntitySpawnPlacementRegistry.class
Processed 3796 -> 3843
Processing net/minecraft/item/Item$15.class
Processed 1174 -> 1205
Processing net/minecraft/entity/EnumCreatureAttribute.class
Processed 1109 -> 1168
Processing net/minecraft/item/Item$14.class
Processed 1138 -> 1169
Processing net/minecraft/entity/IEntityOwnable.class
Processed 205 -> 205
Processing net/minecraft/entity/EntityCreature.class
Processed 4848 -> 5048
Processing net/minecraft/entity/DataWatcher.class
Processed 11131 -> 11922
Processing net/minecraft/item/Item$11.class
Processed 1358 -> 1389
Processing net/minecraft/item/Item$10.class
Processed 1361 -> 1392
Processing net/minecraft/client/particle/EntitySpellParticleFX$AmbientMobFactory.class
Processed 1232 -> 1472
Processing net/minecraft/client/renderer/vertex/VertexFormatElement$EnumType.class
Processed 2398 -> 2456
Processing net/minecraft/entity/passive/EntityTameable.class
Processed 6475 -> 6811
Processing net/minecraft/client/gui/GuiCustomizeSkin$ButtonPart.class
Processed 1727 -> 1959
Processing net/minecraft/client/particle/EntitySpellParticleFX$InstantFactory.class
Processed 1141 -> 1381
Processing net/minecraft/client/renderer/vertex/VertexFormatElement$EnumUsage.class
Processed 2896 -> 3037
Processing net/minecraft/entity/ai/attributes/IAttribute.class
Processed 346 -> 346
Processing net/minecraft/client/particle/EntitySpellParticleFX$MobFactory.class
Processed 1166 -> 1406
Processing net/minecraft/entity/ai/attributes/IAttributeInstance.class
Processed 1073 -> 1073
Processing net/minecraft/client/particle/EntitySpellParticleFX$Factory.class
Processed 1000 -> 1228
Processing net/minecraft/entity/ai/attributes/AttributeModifier.class
Processed 2892 -> 3038
Processing net/minecraft/entity/ai/attributes/BaseAttribute.class
Processed 1733 -> 1805
Processing net/minecraft/entity/ai/attributes/BaseAttributeMap.class
Processed 4526 -> 4717
Processing net/minecraft/entity/ai/attributes/ModifiableAttributeInstance.class
Processed 6670 -> 6946
Processing net/minecraft/entity/ai/attributes/ServersideAttributeMap.class
Processed 4187 -> 4360
Processing net/minecraft/entity/ai/attributes/RangedAttribute.class
Processed 1564 -> 1688
Processing net/minecraft/client/particle/EntitySpellParticleFX$WitchFactory.class
Processed 1396 -> 1648
Processing net/minecraft/entity/EntityBodyHelper.class
Processed 1560 -> 1709
Processing net/minecraft/entity/ai/EntityJumpHelper.class
Processed 691 -> 698
Processing net/minecraft/entity/ai/EntityLookHelper.class
Processed 2898 -> 3304
Processing net/minecraft/client/network/OldServerPinger$2.class
Processed 2109 -> 2171
Processing net/minecraft/entity/ai/EntityMoveHelper.class
Processed 2831 -> 3068
Processing net/minecraft/client/network/OldServerPinger$1.class
Processed 5877 -> 5982
Processing net/minecraft/entity/ai/EntityAIAvoidEntity.class
Processed 4860 -> 5050
Processing net/minecraft/entity/ai/EntityAIBeg.class
Processed 2870 -> 2931
Processing net/minecraft/entity/ai/EntityAIBreakDoor.class
Processed 2569 -> 2587
Processing net/minecraft/entity/ai/EntityAIMate.class
Processed 5272 -> 5416
Processing net/minecraft/realms/DisconnectedRealmsScreen.class
Processed 2754 -> 2922
Processing net/minecraft/entity/ai/EntityAIControlledByPlayer.class
Processed 6095 -> 6427
Processing net/minecraft/client/particle/EntityCritFX$Factory.class
Processed 973 -> 1201
Processing net/minecraft/entity/ai/EntityAIDoorInteract.class
Processed 3660 -> 3731
Processing net/minecraft/entity/ai/EntityAIEatGrass.class
Processed 4245 -> 4275
Processing net/minecraft/entity/ai/EntityAIFleeSun.class
Processed 2574 -> 2638
Processing net/minecraft/entity/ai/EntityAISwimming.class
Processed 1231 -> 1238
Processing net/minecraft/entity/ai/EntityAIFollowOwner.class
Processed 4447 -> 4572
Processing net/minecraft/entity/ai/EntityAIFollowParent.class
Processed 2663 -> 2749
Processing net/minecraft/entity/ai/EntityAIBase.class
Processed 919 -> 933
Processing net/minecraft/world/biome/BiomeCache$Block.class
Processed 1339 -> 1424
Processing net/minecraft/entity/ai/EntityAITasks.class
Processed 3890 -> 4118
Processing net/minecraft/entity/EntityLiving$SpawnPlacementType.class
Processed 1280 -> 1340
Processing net/minecraft/entity/ai/EntityAIHarvestFarmland.class
Processed 4532 -> 4682
Processing net/minecraft/nbt/NBTBase$NBTPrimitive.class
Processed 499 -> 499
Processing net/minecraft/entity/ai/EntityAIWatchClosest2.class
Processed 754 -> 800
Processing net/minecraft/entity/ai/EntityAILeapAtTarget.class
Processed 1797 -> 1850
Processing net/minecraft/entity/ai/EntityAIWatchClosest.class
Processed 3304 -> 3389
Processing net/minecraft/entity/ai/EntityAILookAtTradePlayer.class
Processed 954 -> 961
Processing net/minecraft/entity/ai/EntityAIVillagerMate.class
Processed 4053 -> 4071
Processing net/minecraft/entity/ai/EntityAIAttackOnCollide.class
Processed 5328 -> 5387
Processing net/minecraft/entity/ai/EntityAIMoveIndoors.class
Processed 3420 -> 3482
Processing net/minecraft/entity/ai/EntityAIMoveThroughVillage.class
Processed 5096 -> 5266
Processing net/minecraft/entity/ai/EntityAIMoveToBlock.class
Processed 3076 -> 3210
Processing net/minecraft/entity/ai/EntityAIMoveTowardsRestriction.class
Processed 1900 -> 1942
Processing net/minecraft/tileentity/TileEntityPiston$1.class
Processed 805 -> 805
Processing net/minecraft/entity/ai/EntityAIMoveTowardsTarget.class
Processed 2193 -> 2247
Processing net/minecraft/entity/ai/EntityAIOcelotAttack.class
Processed 2544 -> 2584
Processing net/minecraft/entity/ai/EntityAIOcelotSit.class
Processed 3016 -> 3111
Processing net/minecraft/entity/ai/EntityAILookAtVillager.class
Processed 2124 -> 2131
Processing net/minecraft/entity/ai/EntityAIOpenDoor.class
Processed 1393 -> 1413
Processing net/minecraft/entity/ai/EntityAIPanic.class
Processed 1631 -> 1662
Processing net/minecraft/entity/ai/EntityAIPlay.class
Processed 3214 -> 3300
Processing net/minecraft/entity/ai/EntityAILookIdle.class
Processed 1653 -> 1671
Processing net/minecraft/entity/ai/EntityAIWander.class
Processed 2108 -> 2217
Processing net/minecraft/item/ItemFishFood$FishType.class
Processed 3817 -> 4143
Processing net/minecraft/entity/ai/EntityAIArrowAttack.class
Processed 3511 -> 3697
Processing net/minecraft/entity/ai/EntityAIRestrictOpenDoor.class
Processed 2534 -> 2563
Processing net/minecraft/client/renderer/block/model/ModelBlock$Deserializer.class
Processed 5930 -> 6253
Processing net/minecraft/client/resources/model/WeightedBakedModel$MyWeighedRandomItem.class
Processed 2684 -> 2809
Processing net/minecraft/entity/ai/EntityAIRestrictSun.class
Processed 1029 -> 1036
Processing net/minecraft/client/renderer/block/model/ModelBlock$Bookkeep.class
Processed 1119 -> 1155
Processing net/minecraft/client/resources/model/WeightedBakedModel$Builder.class
Processed 1807 -> 1823
Processing net/minecraft/entity/ai/EntityAIRunAroundLikeCrazy.class
Processed 2537 -> 2579
Processing net/minecraft/entity/ai/EntityAISit.class
Processed 1580 -> 1616
Processing net/minecraft/client/renderer/block/model/ModelBlock$LoopException.class
Processed 618 -> 618
Processing net/minecraft/entity/ai/EntityAICreeperSwell.class
Processed 1732 -> 1750
Processing net/minecraft/entity/ai/EntityAIFollowGolem.class
Processed 3055 -> 3095
Processing net/minecraft/entity/ai/EntityAITempt.class
Processed 3611 -> 3682
Processing net/minecraft/item/ItemMinecart$1.class
Processed 4446 -> 4694
Processing net/minecraft/entity/ai/EntityAITradePlayer.class
Processed 1686 -> 1704
Processing net/minecraft/entity/ai/EntityAIVillagerInteract.class
Processed 3140 -> 3292
Processing net/minecraft/util/Cartesian$1.class
Processed 196 -> 196
Processing net/minecraft/entity/ai/EntityAIDefendVillage.class
Processed 1839 -> 1857
Processing net/minecraft/entity/ai/EntityAIHurtByTarget.class
Processed 2925 -> 3119
Processing net/minecraft/entity/ai/EntityAIFindEntityNearest.class
Processed 4561 -> 4634
Processing net/minecraft/entity/ai/EntityAIFindEntityNearestPlayer.class
Processed 4691 -> 4761
Processing net/minecraft/entity/ai/EntityAINearestAttackableTarget.class
Processed 3964 -> 4162
Processing net/minecraft/entity/ai/EntityAITargetNonTamed.class
Processed 1409 -> 1459
Processing net/minecraft/block/BlockRedstoneWire$EnumAttachPosition.class
Processed 1709 -> 1790
Processing net/minecraft/entity/ai/EntityAIOwnerHurtByTarget.class
Processed 1712 -> 1741
Processing net/minecraft/entity/ai/EntityAIOwnerHurtTarget.class
Processed 1706 -> 1735
Processing net/minecraft/entity/ai/EntityAITarget.class
Processed 5387 -> 5619
Processing net/minecraft/pathfinding/PathNavigateGround.class
Processed 7201 -> 8183
Processing net/minecraft/pathfinding/PathNavigate.class
Processed 8322 -> 8877
Processing net/minecraft/pathfinding/PathNavigateClimber.class
Processed 2214 -> 2365
Processing net/minecraft/pathfinding/PathNavigateSwimmer.class
Processed 3140 -> 3393
Processing net/minecraft/entity/ai/EntitySenses.class
Processed 1559 -> 1591
Processing net/minecraft/entity/ai/RandomPositionGenerator.class
Processed 2859 -> 3531
Processing net/minecraft/village/VillageDoorInfo.class
Processed 3204 -> 3574
Processing net/minecraft/village/Village.class
Processed 15408 -> 16075
Processing net/minecraft/world/gen/feature/WorldGenBigTree$FoliageCoordinates.class
Processed 805 -> 805
Processing net/minecraft/realms/RealmsVertexFormatElement.class
Processed 1587 -> 1609
Processing net/minecraft/village/VillageSiege.class
Processed 5475 -> 5640
Processing net/minecraft/village/VillageCollection.class
Processed 8587 -> 9109
Processing net/minecraft/entity/passive/EntityAmbientCreature.class
Processed 709 -> 732
Processing net/minecraft/entity/passive/EntityBat.class
Processed 7164 -> 7549
Processing net/minecraft/client/network/NetHandlerPlayClient$3$1.class
Processed 3522 -> 3566
Processing net/minecraft/entity/passive/EntityAnimal.class
Processed 6645 -> 7024
Processing net/minecraft/entity/passive/EntityChicken.class
Processed 7011 -> 7322
Processing net/minecraft/entity/passive/EntityCow.class
Processed 5473 -> 5651
Processing net/minecraft/entity/passive/EntityHorse.class
Processed 38943 -> 39614
Processing net/minecraft/entity/monster/EntityGolem.class
Processed 953 -> 984
Processing net/minecraft/entity/passive/EntityMooshroom.class
Processed 4710 -> 4843
Processing net/minecraft/entity/passive/EntityOcelot.class
Processed 12238 -> 12396
Processing net/minecraft/entity/passive/EntityPig.class
Processed 7850 -> 8168
Processing net/minecraft/entity/passive/EntityRabbit.class
Processed 15658 -> 16265
Processing net/minecraft/block/BlockPressurePlate$Sensitivity.class
Processed 1185 -> 1246
Processing net/minecraft/entity/passive/EntitySheep.class
Processed 13145 -> 13501
Processing net/minecraft/entity/monster/EntitySnowman.class
Processed 5927 -> 6147
Processing net/minecraft/entity/passive/EntitySquid.class
Processed 6086 -> 6321
Processing net/minecraft/entity/monster/EntityIronGolem.class
Processed 11150 -> 11538
Processing net/minecraft/util/Cartesian$Product.class
Processed 1723 -> 1787
Processing net/minecraft/entity/passive/EntityWaterMob.class
Processed 1913 -> 1958
Processing net/minecraft/entity/ai/EntityMinecartMobSpawner$1.class
Processed 1185 -> 1215
Processing net/minecraft/util/Cartesian$GetList.class
Processed 1240 -> 1292
Processing net/minecraft/entity/passive/EntityWolf.class
Processed 16341 -> 16931
Processing net/minecraft/entity/boss/IBossDisplayData.class
Processed 253 -> 253
Processing net/minecraft/util/IntHashMap$Entry.class
Processed 2058 -> 2173
Processing net/minecraft/entity/IEntityMultiPart.class
Processed 276 -> 276
Processing net/minecraft/entity/boss/EntityDragonPart.class
Processed 1753 -> 1917
Processing net/minecraft/entity/item/EntityEnderCrystal.class
Processed 3469 -> 3678
Processing net/minecraft/entity/boss/EntityDragon.class
Processed 19039 -> 19271
Processing net/minecraft/client/gui/spectator/SpectatorMenu$EndSpectatorObject.class
Processed 2130 -> 2180
Processing net/minecraft/entity/boss/EntityWither.class
Processed 18187 -> 18584
Processing net/minecraft/client/gui/spectator/SpectatorMenu$MoveMenuObject.class
Processed 2172 -> 2236
Processing net/minecraft/entity/item/EntityArmorStand.class
Processed 19458 -> 20545
Processing net/minecraft/village/Village$VillageAggressor.class
Processed 701 -> 744
Processing net/minecraft/entity/EntityHanging.class
Processed 8022 -> 8324
Processing net/minecraft/entity/item/EntityItemFrame.class
Processed 8097 -> 8284
Processing net/minecraft/entity/EntityLeashKnot.class
Processed 5579 -> 5999
Processing net/minecraft/entity/item/EntityPainting.class
Processed 5109 -> 5797
Processing net/minecraft/entity/projectile/EntityFishHook.class
Processed 18486 -> 18968
Processing net/minecraft/util/WeightedRandomFishable.class
Processed 1628 -> 1730
Processing net/minecraft/client/gui/GuiOverlayDebug$1.class
Processed 788 -> 788
Processing net/minecraft/entity/effect/EntityWeatherEffect.class
Processed 400 -> 407
Processing net/minecraft/client/gui/GuiPlayerTabOverlay$PlayerComparator.class
Processed 2660 -> 2761
Processing net/minecraft/entity/effect/EntityLightningBolt.class
Processed 4624 -> 4708
Processing net/minecraft/client/renderer/chunk/ChunkRenderDispatcher$2.class
Processed 1349 -> 1397
Processing net/minecraft/client/stream/IStream$AuthFailureReason.class
Processed 1364 -> 1423
Processing net/minecraft/entity/monster/EntityIronGolem$AINearestAttackableTargetNonCreeper$1.class
Processed 2585 -> 2717
Processing net/minecraft/client/renderer/chunk/ChunkRenderDispatcher$1.class
Processed 1342 -> 1390
Processing net/minecraft/entity/item/EntityBoat.class
Processed 13064 -> 14321
Processing net/minecraft/entity/item/EntityFallingBlock.class
Processed 10892 -> 11244
Processing net/minecraft/entity/item/EntityItem.class
Processed 13509 -> 13854
Processing net/minecraft/entity/item/EntityMinecart.class
Processed 30429 -> 31409
Processing net/minecraft/entity/item/EntityMinecartChest.class
Processed 3040 -> 3185
Processing net/minecraft/client/renderer/chunk/ChunkRenderDispatcher$3.class
Processed 1705 -> 1825
Processing net/minecraft/entity/EntityMinecartCommandBlock.class
Processed 4303 -> 4512
Processing net/minecraft/entity/item/EntityMinecartContainer.class
Processed 8272 -> 8709
Processing net/minecraft/entity/item/EntityMinecartFurnace.class
Processed 7046 -> 7134
Processing net/minecraft/entity/item/EntityMinecartHopper.class
Processed 6907 -> 7106
Processing net/minecraft/entity/item/EntityMinecartEmpty.class
Processed 2470 -> 2595
Processing net/minecraft/client/resources/data/IMetadataSerializer$Registration.class
Processed 1974 -> 2069
Processing net/minecraft/entity/ai/EntityMinecartMobSpawner.class
Processed 2418 -> 2572
Processing net/minecraft/entity/item/EntityMinecartTNT.class
Processed 6571 -> 7226
Processing net/minecraft/entity/item/EntityTNTPrimed.class
Processed 3180 -> 3353
Processing net/minecraft/entity/monster/EntityBlaze.class
Processed 6214 -> 6397
Processing net/minecraft/entity/monster/EntityCaveSpider.class
Processed 2217 -> 2304
Processing net/minecraft/world/gen/structure/MapGenStronghold$Start.class
Processed 2214 -> 2217
Processing net/minecraft/entity/monster/EntityCreeper.class
Processed 9017 -> 9279
Processing net/minecraft/entity/monster/EntityEnderman.class
Processed 15884 -> 16179
Processing net/minecraft/entity/monster/EntityEndermite.class
Processed 5669 -> 5805
Processing net/minecraft/entity/monster/IMob.class
Processed 607 -> 607
Processing net/minecraft/entity/monster/EntityGhast.class
Processed 6012 -> 6212
Processing net/minecraft/entity/monster/EntityGiantZombie.class
Processed 1435 -> 1468
Processing net/minecraft/entity/monster/EntityGuardian.class
Processed 16957 -> 17622
Processing net/minecraft/entity/monster/EntityMagmaCube.class
Processed 4618 -> 4665
Processing net/minecraft/entity/monster/EntityMob.class
Processed 5653 -> 5840
Processing net/minecraft/tileentity/TileEntityBeacon$BeamSegment.class
Processed 958 -> 958
Processing net/minecraft/entity/monster/EntityPigZombie.class
Processed 8386 -> 8763
Processing net/minecraft/entity/IRangedAttackMob.class
Processed 195 -> 195
Processing net/minecraft/entity/SharedMonsterAttributes.class
Processed 6565 -> 6906
Processing net/minecraft/entity/monster/EntitySilverfish.class
Processed 5105 -> 5239
Processing net/minecraft/util/EntitySelectors$ArmoredMob.class
Processed 1521 -> 1583
Processing net/minecraft/entity/monster/EntitySkeleton.class
Processed 12958 -> 13472
Processing net/minecraft/entity/monster/EntitySlime.class
Processed 11890 -> 12008
Processing net/minecraft/entity/monster/EntitySpider.class
Processed 7431 -> 7677
Processing net/minecraft/entity/monster/EntityWitch.class
Processed 9842 -> 10216
Processing net/minecraft/entity/monster/EntityZombie.class
Processed 24303 -> 24620
Processing net/minecraft/client/Minecraft$2.class
Processed 853 -> 870
Processing net/minecraft/entity/NpcMerchant.class
Processed 2331 -> 2450
Processing net/minecraft/client/Minecraft$3.class
Processed 1062 -> 1075
Processing net/minecraft/entity/INpc.class
Processed 143 -> 143
Processing net/minecraft/entity/passive/EntityVillager.class
Processed 28787 -> 29105
Processing net/minecraft/client/Minecraft$1.class
Processed 1509 -> 1530
Processing net/minecraft/entity/player/PlayerCapabilities.class
Processed 2222 -> 2333
Processing net/minecraft/entity/player/InventoryPlayer.class
Processed 14820 -> 15563
Processing net/minecraft/entity/player/EntityPlayer.class
Processed 61164 -> 62631
Processing net/minecraft/entity/player/EnumPlayerModelParts.class
Processed 2633 -> 2718
Processing net/minecraft/entity/projectile/EntityArrow.class
Processed 16543 -> 17790
Processing net/minecraft/entity/item/EntityEnderEye.class
Processed 5490 -> 5917
Processing net/minecraft/entity/projectile/EntityFireball.class
Processed 9725 -> 10332
Processing net/minecraft/entity/item/EntityFireworkRocket.class
Processed 5624 -> 6039
Processing net/minecraft/entity/projectile/EntityLargeFireball.class
Processed 2895 -> 3206
Processing net/minecraft/entity/IProjectile.class
Processed 146 -> 146
Processing net/minecraft/entity/projectile/EntitySmallFireball.class
Processed 3088 -> 3420
Processing net/minecraft/block/BlockJukebox$TileEntityJukebox.class
Processed 1859 -> 1907
Processing net/minecraft/client/gui/GuiCustomizeSkin$1.class
Processed 376 -> 376
Processing net/minecraft/entity/projectile/EntitySnowball.class
Processed 1973 -> 2116
Processing net/minecraft/entity/projectile/EntityThrowable.class
Processed 10421 -> 11060
Processing net/minecraft/entity/projectile/EntityEgg.class
Processed 2718 -> 2894
Processing net/minecraft/command/CommandBase$CoordinateArg.class
Processed 885 -> 905
Processing net/minecraft/entity/item/EntityEnderPearl.class
Processed 4715 -> 4754
Processing net/minecraft/client/Minecraft$8.class
Processed 1051 -> 1064
Processing net/minecraft/entity/item/EntityExpBottle.class
Processed 1965 -> 2108
Processing net/minecraft/client/Minecraft$9.class
Processed 1208 -> 1221
Processing net/minecraft/entity/projectile/EntityPotion.class
Processed 5961 -> 6449
Processing net/minecraft/client/Minecraft$6.class
Processed 1022 -> 1045
Processing net/minecraft/entity/projectile/EntityWitherSkull.class
Processed 4794 -> 5269
Processing net/minecraft/client/Minecraft$7.class
Processed 1247 -> 1260
Processing net/minecraft/client/Minecraft$4.class
Processed 1062 -> 1075
Processing net/minecraft/client/Minecraft$5.class
Processed 1072 -> 1085
Processing net/minecraft/util/FoodStats.class
Processed 3923 -> 4078
Processing net/minecraft/inventory/Container.class
Processed 15299 -> 16029
Processing net/minecraft/inventory/AnimalChest.class
Processed 743 -> 791
Processing net/minecraft/inventory/ContainerRepair.class
Processed 11639 -> 11860
Processing net/minecraft/inventory/ContainerBeacon.class
Processed 4354 -> 4483
Processing net/minecraft/inventory/ContainerBrewingStand.class
Processed 4426 -> 4524
Processing net/minecraft/inventory/ICrafting.class
Processed 591 -> 591
Processing net/minecraft/inventory/ContainerChest.class
Processed 2787 -> 3002
Processing net/minecraft/util/EntitySelectors$1.class
Processed 850 -> 888
Processing net/minecraft/inventory/InventoryCrafting.class
Processed 3761 -> 4232
Processing net/minecraft/util/EntitySelectors$2.class
Processed 953 -> 991
Processing net/minecraft/inventory/ContainerWorkbench.class
Processed 5142 -> 5425
Processing net/minecraft/util/EntitySelectors$3.class
Processed 934 -> 972
Processing net/minecraft/inventory/ContainerDispenser.class
Processed 2404 -> 2569
Processing net/minecraft/util/EntitySelectors$4.class
Processed 942 -> 980
Processing net/minecraft/inventory/ContainerEnchantment.class
Processed 10649 -> 10883
Processing net/minecraft/inventory/SlotFurnaceFuel.class
Processed 1158 -> 1268
Processing net/minecraft/inventory/ContainerFurnace.class
Processed 4688 -> 4927
Processing net/minecraft/inventory/SlotFurnaceOutput.class
Processed 3467 -> 3574
Processing net/minecraft/inventory/ContainerHopper.class
Processed 2663 -> 2867
Processing net/minecraft/inventory/ContainerHorseInventory.class
Processed 3682 -> 3933
Processing net/minecraft/inventory/ContainerPlayer.class
Processed 5386 -> 5523
Processing net/minecraft/client/network/OldServerPinger$2$1.class
Processed 5008 -> 5063
Processing net/minecraft/inventory/InventoryMerchant.class
Processed 5047 -> 5525
Processing net/minecraft/inventory/ContainerMerchant.class
Processed 4908 -> 5229
Processing net/minecraft/inventory/SlotMerchantResult.class
Processed 3403 -> 3677
Processing net/minecraft/inventory/InventoryEnderChest.class
Processed 2747 -> 2918
Processing net/minecraft/inventory/InventoryCraftResult.class
Processed 2838 -> 3188
Processing net/minecraft/client/renderer/block/model/ItemModelGenerator$1.class
Processed 1077 -> 1077
Processing net/minecraft/inventory/SlotCrafting.class
Processed 5152 -> 5253
Processing net/minecraft/inventory/Slot.class
Processed 5003 -> 5237
Processing net/minecraft/item/ItemAnvilBlock.class
Processed 646 -> 672
Processing net/minecraft/item/ItemArmor.class
Processed 5505 -> 5730
Processing net/minecraft/item/ItemArmorStand.class
Processed 4835 -> 5208
Processing net/minecraft/client/renderer/texture/TextureAtlasSprite$1.class
Processed 1680 -> 1718
Processing net/minecraft/client/resources/SkinManager$3$1.class
Processed 1952 -> 1998
Processing net/minecraft/item/ItemAxe.class
Processed 1784 -> 1834
Processing net/minecraft/item/ItemBanner.class
Processed 8081 -> 8577
Processing net/minecraft/item/ItemBed.class
Processed 3799 -> 4060
Processing net/minecraft/item/ItemBlock.class
Processed 7748 -> 8279
Processing net/minecraft/world/gen/structure/ComponentScatteredFeaturePieces$JunglePyramid$Stones.class
Processed 1713 -> 1790
Processing net/minecraft/item/ItemReed.class
Processed 3669 -> 3848
Processing net/minecraft/item/ItemBoat.class
Processed 5340 -> 5725
Processing net/minecraft/item/ItemBook.class
Processed 623 -> 635
Processing net/minecraft/item/ItemGlassBottle.class
Processed 3386 -> 3474
Processing net/minecraft/item/ItemBow.class
Processed 5368 -> 5620
Processing net/minecraft/client/particle/EntityBlockDustFX$Factory.class
Processed 1505 -> 1745
Processing net/minecraft/item/ItemSoup.class
Processed 915 -> 992
Processing net/minecraft/item/ItemBucket.class
Processed 6799 -> 6906
Processing net/minecraft/item/ItemCarrotOnAStick.class
Processed 2618 -> 2706
Processing net/minecraft/item/ItemCoal.class
Processed 1730 -> 1807
Processing net/minecraft/item/ItemMapBase.class
Processed 718 -> 793
Processing net/minecraft/creativetab/CreativeTabs.class
Processed 8644 -> 8802
Processing net/minecraft/world/gen/layer/GenLayerEdge$1.class
Processed 777 -> 777
Processing net/minecraft/item/ItemTool.class
Processed 6334 -> 6629
Processing net/minecraft/item/ItemDoor.class
Processed 4343 -> 4657
Processing net/minecraft/item/ItemDoublePlant.class
Processed 1689 -> 1794
Processing net/minecraft/item/EnumDyeColor.class
Processed 4651 -> 4875
Processing net/minecraft/command/CommandSpreadPlayers$Position.class
Processed 3131 -> 3458
Processing net/minecraft/server/management/ServerConfigurationManager$1.class
Processed 2464 -> 2883
Processing net/minecraft/item/ItemDye.class
Processed 8644 -> 9017
Processing net/minecraft/item/ItemCloth.class
Processed 1126 -> 1179
Processing net/minecraft/item/ItemEgg.class
Processed 1973 -> 2039
Processing net/minecraft/item/ItemEmptyMap.class
Processed 2895 -> 2932
Processing net/minecraft/item/ItemEnchantedBook.class
Processed 5303 -> 5717
Processing net/minecraft/item/ItemEnderEye.class
Processed 6931 -> 7501
Processing net/minecraft/item/ItemEnderPearl.class
Processed 1989 -> 2055
Processing net/minecraft/item/ItemExpBottle.class
Processed 2215 -> 2298
Processing net/minecraft/world/World$1.class
Processed 1181 -> 1219
Processing net/minecraft/block/state/BlockStateBase$1.class
Processed 1768 -> 1799
Processing net/minecraft/item/ItemFireball.class
Processed 2764 -> 2894
Processing net/minecraft/item/ItemFireworkCharge.class
Processed 5017 -> 5487
Processing net/minecraft/item/ItemFirework.class
Processed 4074 -> 4359
Processing net/minecraft/item/ItemFishFood.class
Processed 3758 -> 4034
Processing net/minecraft/item/ItemFishingRod.class
Processed 2692 -> 2787
Processing net/minecraft/item/ItemFlintAndSteel.class
Processed 2370 -> 2443
Processing net/minecraft/item/ItemFood.class
Processed 3896 -> 4353
Processing net/minecraft/item/ItemAppleGold.class
Processed 2641 -> 2825
Processing net/minecraft/item/ItemHangingEntity.class
Processed 2706 -> 2933
Processing net/minecraft/item/ItemHoe.class
Processed 4918 -> 5035
Processing net/minecraft/world/World$3.class
Processed 1263 -> 1276
Processing net/minecraft/item/Item.class
Processed 51523 -> 54858
Processing net/minecraft/world/World$2.class
Processed 1797 -> 1835
Processing net/minecraft/item/ItemStack.class
Processed 30101 -> 31534
Processing net/minecraft/init/Items.class
Processed 10494 -> 10513
Processing net/minecraft/world/World$4.class
Processed 1101 -> 1115
Processing net/minecraft/item/ItemLead.class
Processed 3144 -> 3439
Processing net/minecraft/client/gui/spectator/SpectatorMenu$1.class
Processed 1242 -> 1278
Processing net/minecraft/creativetab/CreativeTabs$3.class
Processed 820 -> 830
Processing net/minecraft/creativetab/CreativeTabs$4.class
Processed 944 -> 954
Processing net/minecraft/creativetab/CreativeTabs$5.class
Processed 823 -> 833
Processing net/minecraft/creativetab/CreativeTabs$6.class
Processed 819 -> 829
Processing net/minecraft/creativetab/CreativeTabs$7.class
Processed 817 -> 827
Processing net/minecraft/creativetab/CreativeTabs$8.class
Processed 820 -> 830
Processing net/minecraft/creativetab/CreativeTabs$9.class
Processed 824 -> 834
Processing net/minecraft/block/BlockPressurePlate$1.class
Processed 734 -> 734
Processing net/minecraft/world/gen/layer/GenLayerEdge$Mode.class
Processed 1217 -> 1278
Processing net/minecraft/network/play/client/C0BPacketEntityAction$Action.class
Processed 1591 -> 1652
Processing net/minecraft/creativetab/CreativeTabs$1.class
Processed 944 -> 954
Processing net/minecraft/creativetab/CreativeTabs$2.class
Processed 1281 -> 1291
Processing net/minecraft/client/renderer/block/model/ItemModelGenerator$SpanFacing.class
Processed 2554 -> 2671
Processing net/minecraft/client/renderer/block/model/ItemModelGenerator$Span.class
Processed 1631 -> 1681
Processing net/minecraft/client/resources/data/IMetadataSerializer$1.class
Processed 404 -> 404
Processing net/minecraft/client/gui/GuiPlayerTabOverlay$1.class
Processed 382 -> 382
Processing net/minecraft/client/particle/EntityBreakingFX$Factory.class
Processed 1216 -> 1456
Processing net/minecraft/client/particle/EntityBreakingFX$SlimeFactory.class
Processed 1100 -> 1328
Processing net/minecraft/client/network/NetHandlerPlayClient$3.class
Processed 1655 -> 1717
Processing net/minecraft/client/network/NetHandlerPlayClient$2.class
Processed 1902 -> 1940
Processing net/minecraft/client/network/NetHandlerPlayClient$1.class
Processed 1902 -> 1940
Processing net/minecraft/client/network/NetHandlerPlayClient$4.class
Processed 1573 -> 1573
Processing net/minecraft/client/particle/EntityBreakingFX$SnowballFactory.class
Processed 1107 -> 1335
Processing net/minecraft/stats/StatBase$1.class
Processed 793 -> 801
Processing net/minecraft/block/BlockNewLog$1.class
Processed 985 -> 1023
Processing net/minecraft/block/BlockNewLog$2.class
Processed 1141 -> 1141
Processing net/minecraft/stats/StatBase$4.class
Processed 808 -> 816
Processing net/minecraft/realms/RealmsAnvilLevelStorageSource.class
Processed 3008 -> 3241
Processing net/minecraft/stats/StatBase$3.class
Processed 1214 -> 1244
Processing net/minecraft/stats/StatBase$2.class
Processed 1411 -> 1475
Processing net/minecraft/tileentity/TileEntityCommandBlock$1.class
Processed 2222 -> 2272
Processing net/minecraft/network/NetworkManager$6.class
Processed 1234 -> 1258
Processing net/minecraft/network/NetworkManager$5.class
Processed 2291 -> 2315
Processing net/minecraft/network/NetworkManager$4.class
Processed 2144 -> 2254
Processing net/minecraft/network/NetworkManager$3.class
Processed 1212 -> 1212
Processing net/minecraft/network/NetworkManager$2.class
Processed 1212 -> 1212
Processing net/minecraft/network/NetworkManager$1.class
Processed 1194 -> 1194
Processing net/minecraft/entity/ai/EntityAINearestAttackableTarget$1.class
Processed 2070 -> 2178
Processing net/minecraft/world/WorldProviderHell$1.class
Processed 804 -> 828
Processing net/minecraft/block/BlockLever$1.class
Processed 1794 -> 1794
Processing net/minecraft/network/NetworkManager$InboundHandlerTuplePacketListener.class
Processed 1498 -> 1526
Processing net/minecraft/client/main/Main$2.class
Processed 768 -> 776
Processing net/minecraft/world/storage/MapData$MapInfo.class
Processed 1913 -> 1959
Processing net/minecraft/client/main/Main$1.class
Processed 983 -> 1031
Processing net/minecraft/block/BlockLever$EnumOrientation.class
Processed 4006 -> 4136
Processing net/minecraft/entity/ai/EntityAINearestAttackableTarget$Sorter.class
Processed 1193 -> 1293
Processing net/minecraft/client/gui/inventory/GuiBeacon$Button.class
Processed 2371 -> 2533
Processing net/minecraft/client/gui/inventory/GuiBeacon$PowerButton.class
Processed 2047 -> 2206
Processing net/minecraft/client/gui/inventory/GuiBeacon$ConfirmButton.class
Processed 1333 -> 1455
Processing net/minecraft/client/gui/inventory/GuiBeacon$CancelButton.class
Processed 1332 -> 1454
Processing net/minecraft/entity/Entity$1.class
Processed 1321 -> 1334
Processing net/minecraft/entity/Entity$2.class
Processed 958 -> 971
Processing net/minecraft/entity/Entity$3.class
Processed 989 -> 1003
Processing net/minecraft/entity/Entity$4.class
Processed 987 -> 1001
Processing net/minecraft/server/gui/MinecraftServerGui$3.class
Processed 808 -> 822
Processing net/minecraft/server/gui/MinecraftServerGui$4.class
Processed 1257 -> 1319
Processing net/minecraft/server/gui/MinecraftServerGui$1.class
Processed 1245 -> 1268
Processing net/minecraft/server/gui/MinecraftServerGui$2.class
Processed 1614 -> 1650
Processing net/minecraft/server/gui/MinecraftServerGui$5.class
Processed 1057 -> 1143
Processing net/minecraft/server/dedicated/DedicatedServer$2.class
Processed 1781 -> 1804
Processing net/minecraft/server/dedicated/DedicatedServer$3.class
Processed 1491 -> 1504
Processing net/minecraft/server/dedicated/DedicatedServer$1.class
Processed 960 -> 981
Processing net/minecraft/server/dedicated/DedicatedServer$4.class
Processed 1108 -> 1121
Processing net/minecraft/server/MinecraftServer$2.class
Processed 1279 -> 1290
Processing net/minecraft/network/rcon/RConThreadQuery$Auth.class
Processed 1981 -> 2040
Processing net/minecraft/server/management/PreYggdrasilConverter$3.class
Processed 2746 -> 2876
Processing net/minecraft/server/management/PreYggdrasilConverter$4.class
Processed 2694 -> 2826
Processing net/minecraft/server/management/PreYggdrasilConverter$2.class
Processed 3740 -> 3948
Processing net/minecraft/server/management/PreYggdrasilConverter$6.class
Processed 4075 -> 4374
Processing net/minecraft/server/gui/StatsComponent$1.class
Processed 964 -> 1004
Processing net/minecraft/server/management/PreYggdrasilConverter$ConversionError.class
Processed 1350 -> 1451
Processing net/minecraft/server/dedicated/ServerHangWatchdog$1.class
Processed 803 -> 817
Processing net/minecraft/command/ServerCommand.class
Processed 668 -> 688
Processing net/minecraft/server/ServerEula.class
Processed 2880 -> 2974
Processing net/minecraft/network/rcon/IServer.class
Processed 997 -> 997
Processing net/minecraft/server/dedicated/PropertyManager.class
Processed 4475 -> 4757
Processing net/minecraft/server/dedicated/DedicatedPlayerList.class
Processed 5383 -> 5560
Processing net/minecraft/server/dedicated/DedicatedServer.class
  Access Change: PUBLIC -> PUBLIC net/minecraft/server/dedicated/DedicatedServer.updateTimeLightAndEntities()V
Processed 20560 -> 20944
Processing net/minecraft/server/dedicated/ServerHangWatchdog.class
Processed 5215 -> 5229
Processing net/minecraft/server/gui/MinecraftServerGui.class
Processed 6718 -> 6756
Processing net/minecraft/server/gui/PlayerListComponent.class
Processed 1620 -> 1649
Processing net/minecraft/server/gui/StatsComponent.class
Processed 3238 -> 3356
Processing net/minecraft/network/rcon/RConOutputStream.class
Processed 1603 -> 1685
Processing net/minecraft/network/rcon/RConUtils.class
Processed 1751 -> 2067
Processing net/minecraft/network/rcon/RConThreadBase.class
Processed 4677 -> 4987
Processing net/minecraft/network/rcon/RConThreadQuery.class
Processed 10860 -> 11210
Processing net/minecraft/network/rcon/RConThreadClient.class
Processed 5374 -> 5626
Processing net/minecraft/network/rcon/RConThreadMain.class
Processed 4989 -> 5040
Copying net/minecraftforge/fml/relauncher/SideOnly.class
Copying net/minecraftforge/fml/relauncher/Side.class
Copying net/minecraftforge/event/world/ChunkWatchEvent$Watch.class
Copying net/minecraftforge/client/gui/ForgeGuiFactory$ForgeConfigGui$VersionCheckEntry.class
Copying net/minecraftforge/fml/common/network/handshake/FMLHandshakeClientState$7.class
Copying net/minecraftforge/fml/common/network/handshake/HandshakeMessageHandler.class
Copying net/minecraftforge/fml/common/functions/ArtifactVersionNameFunction.class
Copying net/minecraftforge/client/model/ModelLoader$VanillaModelWrapper.class
Copying net/minecraftforge/client/model/ItemLayerModel$BakedModel.class
Copying net/minecraftforge/common/UsernameCache$SaveThread.class
Copying net/minecraftforge/common/capabilities/Capability.class
Copying net/minecraftforge/fml/client/SplashProgress.class
Copying net/minecraftforge/client/model/obj/OBJModel$Material.class
Copying net/minecraftforge/event/entity/minecart/MinecartCollisionEvent.class
Copying net/minecraftforge/client/model/ForgeBlockStateV1$Variant.class
Copying net/minecraftforge/common/config/Configuration$UnicodeInputStreamReader.class
Copying net/minecraftforge/fml/common/discovery/ModDiscoverer.class
Copying net/minecraftforge/event/brewing/PotionBrewEvent.class
Copying net/minecraftforge/client/EnumHelperClient.class
Copying net/minecraftforge/fluids/FluidContainerRegistry$1.class
Copying net/minecraftforge/fml/common/MinecraftDummyContainer.class
Copying net/minecraftforge/common/ForgeVersion$Status.class
Copying net/minecraftforge/client/model/obj/OBJModel$1.class
Copying net/minecraftforge/fml/common/functions/TypeCastFunction.class
Copying net/minecraftforge/common/ForgeChunkManager$PlayerOrderedLoadingCallback.class
Copying net/minecraftforge/event/entity/living/LivingSpawnEvent$SpecialSpawn.class
Copying net/minecraftforge/common/DimensionManager.class
Copying net/minecraftforge/fml/client/config/GuiConfigEntries$NumberSliderEntry.class
Copying net/minecraftforge/fml/common/network/FMLNetworkEvent$CustomPacketEvent.class
Copying net/minecraftforge/fml/common/asm/ASMTransformerWrapper$TransformerWrapper.class
Copying net/minecraftforge/fml/common/launcher/FMLTweaker.class
Copying net/minecraftforge/fml/common/asm/ASMTransformerWrapper$ASMGenHandler$1.class
Copying net/minecraftforge/event/entity/living/LivingSpawnEvent$CheckSpawn.class
Copying net/minecraftforge/fml/client/SplashProgress$4.class
Copying net/minecraftforge/fml/relauncher/FMLSecurityManager$ExitTrappedException.class
Copying net/minecraftforge/client/model/MultiLayerModel$MultiLayerBakedModel$1.class
Copying net/minecraftforge/event/entity/EntityEvent$EntityConstructing.class
Copying net/minecraftforge/fml/common/SaveInspectionHandler.class
Copying net/minecraftforge/client/IRenderContextHandler.class
Copying net/minecraftforge/client/event/sound/PlayBackgroundMusicEvent.class
Copying net/minecraftforge/client/model/b3d/B3DLoader$B3DState$1.class
Copying net/minecraftforge/client/event/TextureStitchEvent$Post.class
Copying net/minecraftforge/fml/common/network/FMLNetworkEvent$CustomNetworkEvent.class
Copying net/minecraftforge/client/model/BlockStateLoader$Marker.class
Copying net/minecraftforge/fml/common/registry/FMLControlledNamespacedRegistry$AddCallback.class
Copying net/minecraftforge/fluids/BlockFluidFinite.class
Copying net/minecraftforge/event/entity/player/SleepingLocationCheckEvent.class
Copying net/minecraftforge/fml/common/Loader$ModIdComparator.class
Copying net/minecraftforge/fml/common/network/FMLOutboundHandler$OutboundTarget$6.class
Copying net/minecraftforge/fml/client/config/GuiUnicodeGlyphButton.class
Copying net/minecraftforge/fml/client/config/GuiMessageDialog.class
Copying net/minecraftforge/client/gui/ForgeGuiFactory$ForgeConfigGui$GeneralEntry.class
Copying net/minecraftforge/event/entity/player/PlayerInteractEvent.class
Copying net/minecraftforge/fml/common/asm/transformers/deobf/FMLRemappingAdapter.class
Copying net/minecraftforge/fml/common/discovery/ModCandidate.class
Copying net/minecraftforge/event/entity/player/EntityItemPickupEvent.class
Copying net/minecraftforge/fml/relauncher/FMLRelaunchLog.class
Copying net/minecraftforge/fml/common/toposort/TopologicalSort$DirectedGraph.class
Copying net/minecraftforge/client/event/GuiScreenEvent$KeyboardInputEvent.class
Copying net/minecraftforge/event/entity/player/AchievementEvent.class
Copying net/minecraftforge/common/config/ConfigCategory.class
Copying net/minecraftforge/fml/client/config/GuiEditArray.class
Copying net/minecraftforge/fml/common/toposort/ModSorter.class
Copying net/minecraftforge/fml/common/network/PacketLoggingHandler$3.class
Copying net/minecraftforge/client/event/RenderPlayerEvent$Specials.class
Copying net/minecraftforge/fluids/Fluid.class
Copying net/minecraftforge/fml/common/toposort/ModSortingException$SortingExceptionData.class
Copying net/minecraftforge/client/model/ModelDynBucket$BakedDynBucket$1.class
Copying net/minecraftforge/fml/common/registry/GameData$BlockStateCapture.class
Copying net/minecraftforge/fluids/FluidRegistry.class
Copying net/minecraftforge/fml/common/eventhandler/ASMEventHandler.class
Copying net/minecraftforge/fml/client/GuiModList$SortType$2.class
Copying net/minecraftforge/fml/common/network/internal/FMLMessage$CompleteHandshake.class
Copying net/minecraftforge/client/model/animation/FastTESR.class
Copying net/minecraftforge/fml/client/config/IConfigElement.class
Copying net/minecraftforge/event/terraingen/SaplingGrowTreeEvent.class
Copying net/minecraftforge/client/model/b3d/B3DModel$Parser.class
Copying net/minecraftforge/fml/common/network/FMLEventChannel$EventFactory$1.class
Copying net/minecraftforge/fml/common/WrongMinecraftVersionException.class
Copying net/minecraftforge/fml/common/network/FMLOutboundHandler$OutboundTarget$5.class
Copying net/minecraftforge/client/model/b3d/B3DModel.class
Copying net/minecraftforge/client/model/ModelDynBucket$LoaderDynBucket.class
Copying net/minecraftforge/fml/common/eventhandler/Cancelable.class
Copying net/minecraftforge/fml/common/network/simpleimpl/IMessage.class
Copying net/minecraftforge/fml/common/asm/transformers/EventSubscriberTransformer$SubscribeEventPredicate.class
Copying net/minecraftforge/client/model/IRetexturableModel.class
Copying net/minecraftforge/event/entity/player/PlayerFlyableFallEvent.class
Copying net/minecraftforge/fluids/FluidEvent.class
Copying net/minecraftforge/fml/common/versioning/ComparableVersion$IntegerItem.class
Copying net/minecraftforge/fml/client/config/GuiButtonExt.class
Copying net/minecraftforge/items/wrapper/EmptyHandler.class
Copying net/minecraftforge/event/terraingen/DecorateBiomeEvent$Pre.class
Copying net/minecraftforge/fml/common/registry/ItemStackHolderRef.class
Copying net/minecraftforge/fml/common/network/internal/FMLRuntimeCodec.class
Copying net/minecraftforge/client/model/animation/TimeValues$CompositionValue.class
Copying net/minecraftforge/fml/repackage/com/nothome/delta/Delta.class
Copying net/minecraftforge/client/model/b3d/B3DModel$Node.class
Copying net/minecraftforge/client/ClientCommandHandler.class
Copying net/minecraftforge/fml/client/SplashProgress$5.class
Copying net/minecraftforge/client/event/GuiScreenEvent$ActionPerformedEvent.class
Copying net/minecraftforge/event/world/WorldEvent.class
Copying net/minecraftforge/client/model/ModelLoader$WeightedRandomModel.class
Copying net/minecraftforge/common/DungeonHooks.class
Copying net/minecraftforge/fml/common/network/FMLNetworkException.class
Copying net/minecraftforge/event/entity/player/PlayerPickupXpEvent.class
Copying net/minecraftforge/fml/common/asm/transformers/BlamingTransformer.class
Copying net/minecraftforge/items/wrapper/PlayerMainInvWrapper.class
Copying net/minecraftforge/common/ForgeChunkManager$OrderedLoadingCallback.class
Copying net/minecraftforge/event/brewing/PotionBrewEvent$Pre.class
Copying net/minecraftforge/client/model/obj/OBJModel$OBJState$Operation.class
Copying net/minecraftforge/client/event/sound/PlaySoundEffectEvent.class
Copying net/minecraftforge/items/wrapper/InvWrapper.class
Copying net/minecraftforge/client/model/IModelSimpleProperties.class
Copying net/minecraftforge/fluids/IFluidTank.class
Copying net/minecraftforge/client/event/sound/PlayStreamingSourceEvent.class
Copying net/minecraftforge/client/model/b3d/B3DLoader$ModelWrapper$1.class
Copying net/minecraftforge/fml/common/event/FMLModIdMappingEvent$1.class
Copying net/minecraftforge/fml/common/versioning/ArtifactVersion.class
Copying net/minecraftforge/common/brewing/BrewingRecipe.class
Copying net/minecraftforge/client/event/RenderGameOverlayEvent$Text.class
Copying net/minecraftforge/fml/common/network/handshake/FMLHandshakeClientState$8.class
Copying net/minecraftforge/event/AttachCapabilitiesEvent.class
Copying net/minecraftforge/fml/relauncher/CoreModManager.class
Copying net/minecraftforge/fml/common/event/FMLInterModComms$1.class
Copying net/minecraftforge/fml/common/network/handshake/FMLHandshakeClientState$6.class
Copying ibxm/FastTracker2.class
Copying net/minecraftforge/fml/client/config/GuiConfigEntries$IConfigEntry.class
Copying net/minecraftforge/fml/common/FMLCommonHandler$1.class
Copying ibxm/ScreamTracker3.class
Copying net/minecraftforge/client/model/pipeline/TransformerConsumer.class
Copying net/minecraftforge/fml/common/toposort/ModSortingException.class
Copying net/minecraftforge/client/model/IColoredBakedQuad.class
Copying net/minecraftforge/client/model/animation/Clips$IdentityClip.class
Copying net/minecraftforge/event/entity/living/LivingSpawnEvent$AllowDespawn.class
Copying net/minecraftforge/client/model/animation/TimeValues$ParameterValue.class
Copying net/minecraftforge/fml/common/gameevent/TickEvent$WorldTickEvent.class
Copying net/minecraftforge/common/capabilities/ICapabilitySerializable.class
Copying net/minecraftforge/event/entity/minecart/MinecartUpdateEvent.class
Copying net/minecraftforge/client/model/b3d/B3DModel$IKind.class
Copying net/minecraftforge/client/event/TextureStitchEvent$Pre.class
Copying net/minecraftforge/fml/common/ModClassLoader.class
Copying net/minecraftforge/fml/common/TracingPrintStream.class
Copying net/minecraftforge/items/ItemHandlerHelper.class
Copying net/minecraftforge/client/model/animation/TimeValues$IdentityValue.class
Copying net/minecraftforge/client/model/animation/TimeValues$CommonTimeValueTypeAdapterFactory$1.class
Copying net/minecraftforge/event/terraingen/BiomeEvent$GetFoliageColor.class
Copying net/minecraftforge/common/config/Property$Type.class
Copying net/minecraftforge/event/entity/player/PlayerEvent$LoadFromFile.class
Copying net/minecraftforge/event/brewing/PotionBrewedEvent.class
Copying net/minecraftforge/event/world/ExplosionEvent.class
Copying net/minecraftforge/common/util/Constants.class
Copying net/minecraftforge/client/model/b3d/B3DModel$Animation.class
Copying net/minecraftforge/fml/common/launcher/FMLServerTweaker.class
Copying net/minecraftforge/client/model/obj/OBJModel.class
Copying net/minecraftforge/client/MinecraftForgeClient$1.class
Copying net/minecraftforge/client/model/pipeline/UnpackedBakedQuad$Builder.class
Copying net/minecraftforge/fml/common/registry/VillagerRegistry$VanillaTrades.class
Copying net/minecraftforge/client/event/RenderGameOverlayEvent.class
Copying net/minecraftforge/fml/common/CertificateHelper.class
Copying net/minecraftforge/fml/common/network/handshake/FMLHandshakeMessage.class
Copying net/minecraftforge/event/entity/player/PlayerEvent$HarvestCheck.class
Copying net/minecraftforge/event/entity/item/ItemEvent.class
Copying net/minecraftforge/event/terraingen/PopulateChunkEvent.class
Copying net/minecraftforge/client/model/ModelLoader$UVLock.class
Copying net/minecraftforge/fml/common/launcher/FMLDeobfTweaker.class
Copying net/minecraftforge/fml/common/event/FMLServerStoppedEvent.class
Copying net/minecraftforge/items/wrapper/CombinedInvWrapper.class
Copying net/minecraftforge/common/WorldSpecificSaveHandler.class
Copying net/minecraftforge/fml/common/toposort/TopologicalSort$DirectedGraph$1.class
Copying net/minecraftforge/fml/common/asm/transformers/EventSubscriberTransformer.class
Copying net/minecraftforge/event/entity/item/ItemExpireEvent.class
Copying net/minecraftforge/event/entity/living/LivingSetAttackTargetEvent.class
Copying net/minecraftforge/fml/common/network/FMLOutboundHandler$OutboundTarget$7.class
Copying net/minecraftforge/fml/common/registry/ItemStackHolderInjector.class
Copying net/minecraftforge/fml/common/registry/ObjectHolderRegistry.class
Copying net/minecraftforge/fml/common/network/FMLNetworkEvent$ServerConnectionFromClientEvent.class
Copying net/minecraftforge/fml/relauncher/ReflectionHelper.class
Copying net/minecraftforge/client/model/b3d/B3DClip.class
Copying net/minecraftforge/fml/common/event/FMLInterModComms.class
Copying net/minecraftforge/fml/client/SplashProgress$3.class
Copying net/minecraftforge/event/entity/player/PlayerUseItemEvent$Stop.class
Copying net/minecraftforge/fluids/FluidEvent$FluidMotionEvent.class
Copying net/minecraftforge/fml/common/network/FMLNetworkEvent.class
Copying net/minecraftforge/fml/client/config/GuiConfigEntries$DoubleEntry.class
Copying net/minecraftforge/client/event/GuiScreenEvent$InitGuiEvent$Pre.class
Copying net/minecraftforge/fml/common/eventhandler/Event$HasResult.class
Copying net/minecraftforge/event/world/WorldEvent$Load.class
Copying net/minecraftforge/event/terraingen/ChunkProviderEvent$InitNoiseField.class
Copying net/minecraftforge/event/world/ChunkEvent$Unload.class
Copying net/minecraftforge/common/util/AsynchronousExecutor$CallBackProvider.class
Copying net/minecraftforge/fml/client/GuiModList$SortType$1.class
Copying net/minecraftforge/common/capabilities/CapabilityManager$3.class
Copying net/minecraftforge/client/event/RenderWorldEvent$Post.class
Copying net/minecraftforge/client/event/sound/SoundEvent.class
Copying net/minecraftforge/client/event/RenderWorldEvent.class
Copying net/minecraftforge/fml/common/network/PacketLoggingHandler$4.class
Copying net/minecraftforge/fml/relauncher/ReflectionHelper$UnableToFindFieldException.class
Copying net/minecraftforge/fml/common/registry/GameRegistry$1.class
Copying net/minecraftforge/fml/common/FMLModContainer.class
Copying net/minecraftforge/common/network/FluidIdRegistryMessageHandler.class
Copying net/minecraftforge/fml/client/GuiModsMissingForServer.class
Copying net/minecraftforge/fml/client/config/GuiEditArrayEntries$IntegerEntry.class
Copying net/minecraftforge/client/model/ISmartBlockModel.class
Copying net/minecraftforge/fml/common/ProxyInjector.class
Copying net/minecraftforge/fml/common/asm/transformers/ModAccessTransformer$JarByteSource.class
Copying net/minecraftforge/fml/common/network/FMLNetworkEvent$ClientConnectedToServerEvent.class
Copying net/minecraftforge/client/model/animation/Clips$TimeClip$1.class
Copying net/minecraftforge/client/model/MultiLayerModel.class
Copying net/minecraftforge/fml/common/discovery/ASMDataTable$ASMData.class
Copying net/minecraftforge/client/model/pipeline/LightUtil$ItemConsumer.class
Copying net/minecraftforge/client/model/obj/OBJLoader.class
Copying net/minecraftforge/items/VanillaInventoryCodeHooks.class
Copying net/minecraftforge/fml/common/registry/RegistryDelegate$Delegate.class
Copying net/minecraftforge/client/model/MultiLayerModel$Loader.class
Copying net/minecraftforge/fml/common/EnhancedRuntimeException$1.class
Copying net/minecraftforge/client/model/animation/Clips.class
Copying net/minecraftforge/fml/client/GuiDupesFound.class
Copying net/minecraftforge/fml/common/network/simpleimpl/SimpleChannelHandlerWrapper.class
Copying net/minecraftforge/fml/common/network/PacketLoggingHandler$2.class
Copying net/minecraftforge/common/ForgeChunkManager$LoadingCallback.class
Copying net/minecraftforge/client/model/IPerspectiveAwareModel.class
Copying net/minecraftforge/client/model/obj/OBJModel$OBJState.class
Copying net/minecraftforge/fml/common/eventhandler/ASMEventHandler$ASMClassLoader.class
Copying net/minecraftforge/fml/common/event/FMLFingerprintViolationEvent.class
Copying net/minecraftforge/fml/common/registry/GameData.class
Copying net/minecraftforge/fml/client/config/GuiSelectStringEntries$ListEntry.class
Copying net/minecraftforge/fml/client/IModGuiFactory.class
Copying net/minecraftforge/fml/repackage/com/nothome/delta/ByteBufferSeekableSource.class
Copying net/minecraftforge/client/event/sound/SoundSetupEvent.class
Copying net/minecraftforge/fml/common/network/handshake/FMLHandshakeServerState$5.class
Copying net/minecraftforge/event/entity/EntityTravelToDimensionEvent.class
Copying net/minecraftforge/fml/common/registry/PersistentRegistryManager$DumpRegistryFunction.class
Copying net/minecraftforge/fml/client/config/GuiConfigEntries$StringEntry.class
Copying net/minecraftforge/fml/common/network/internal/NetworkModHolder$DefaultNetworkChecker.class
Copying net/minecraftforge/event/entity/player/PlayerUseItemEvent$Tick.class
Copying net/minecraftforge/client/event/sound/SoundLoadEvent.class
Copying net/minecraftforge/fml/common/network/FMLNetworkEvent$ClientCustomPacketEvent.class
Copying net/minecraftforge/fml/client/SplashProgress$SplashFontRenderer.class
Copying net/minecraftforge/client/event/sound/PlaySoundEffectSourceEvent.class
Copying net/minecraftforge/client/event/RenderItemInFrameEvent.class
Copying net/minecraftforge/fml/common/Mod$InstanceFactory.class
Copying net/minecraftforge/client/model/pipeline/UnpackedBakedQuad.class
Copying net/minecraftforge/fml/common/ProgressManager$ProgressBar.class
Copying net/minecraftforge/client/model/animation/ModelBlockAnimation.class
Copying net/minecraftforge/common/ForgeChunkManager$ForceChunkEvent.class
Copying net/minecraftforge/client/model/ModelLoader$FlexibleWeightedBakedModel.class
Copying net/minecraftforge/common/ForgeChunkManager$UnforceChunkEvent.class
Copying net/minecraftforge/fml/client/config/GuiConfig.class
Copying net/minecraftforge/event/world/NoteBlockEvent$Play.class
Copying net/minecraftforge/fml/common/event/FMLInterModComms$IMCEvent.class
Copying net/minecraftforge/common/network/ForgeMessage$FluidIdMapMessage.class
Copying net/minecraftforge/client/ItemModelMesherForge$1.class
Copying net/minecraftforge/fml/common/event/FMLModDisabledEvent.class
Copying net/minecraftforge/fml/common/Optional.class
Copying net/minecraftforge/fml/common/asm/transformers/SideTransformer.class
Copying net/minecraftforge/fml/common/registry/GameData$ClearableObjectIntIdentityMap.class
Copying net/minecraftforge/client/event/RenderPlayerEvent$Post.class
Copying net/minecraftforge/fml/common/MetadataCollection$ArtifactVersionAdapter.class
Copying net/minecraftforge/fml/common/ProgressManager.class
Copying net/minecraftforge/fml/common/registry/GameRegistry$ItemStackHolder.class
Copying net/minecraftforge/event/world/ChunkWatchEvent$UnWatch.class
Copying net/minecraftforge/fml/common/asm/transformers/MarkerTransformer.class
Copying net/minecraftforge/client/model/animation/Animation.class
Copying net/minecraftforge/fml/client/config/GuiCheckBox.class
Copying net/minecraftforge/fml/client/config/GuiConfigEntries$BooleanEntry.class
Copying net/minecraftforge/event/entity/player/PlayerEvent$BreakSpeed.class
Copying net/minecraftforge/fml/common/FMLCommonHandler.class
Copying net/minecraftforge/event/terraingen/ChunkProviderEvent$ReplaceBiomeBlocks.class
Copying net/minecraftforge/client/model/b3d/B3DLoader$1.class
Copying ibxm/Player$1.class
Copying net/minecraftforge/fluids/IFluidContainerItem.class
Copying net/minecraftforge/fml/common/network/handshake/NetworkDispatcher$1.class
Copying net/minecraftforge/client/event/TextureStitchEvent.class
Copying net/minecraftforge/fml/common/event/FMLPostInitializationEvent.class
Copying net/minecraftforge/client/model/b3d/B3DLoader$NodeJoint.class
Copying net/minecraftforge/fml/client/registry/RenderingRegistry.class
Copying net/minecraftforge/fml/common/asm/transformers/AccessTransformer$1.class
Processing net/minecraft/world/biome/BiomeGenHills$EmeraldGenerator.class
Processed 2146 -> 2177
Copying ibxm/Channel.class
Processing net/minecraft/block/Block$7.class
Processed 931 -> 931
Copying net/minecraftforge/common/ForgeChunkManager$Ticket.class
Copying net/minecraftforge/event/entity/player/PlayerSetSpawnEvent.class
Copying net/minecraftforge/fml/common/eventhandler/Event.class
Copying net/minecraftforge/fml/common/functions/ModNameFunction.class
Copying net/minecraftforge/fml/common/network/FMLOutboundHandler$1.class
Copying net/minecraftforge/client/model/animation/Clips$1.class
Copying net/minecraftforge/event/world/WorldEvent$PotentialSpawns.class
Copying net/minecraftforge/event/world/ExplosionEvent$Detonate.class
Copying net/minecraftforge/fml/common/versioning/InvalidVersionSpecificationException.class
Copying net/minecraftforge/event/entity/EntityStruckByLightningEvent.class
Copying net/minecraftforge/fml/common/LoadController$FMLSecurityManager.class
Copying net/minecraftforge/fml/relauncher/ModListHelper$JsonModList.class
Copying net/minecraftforge/client/model/animation/Clips$3.class
Copying net/minecraftforge/client/model/animation/ModelBlockAnimation$MBVariableClip.class
Copying net/minecraftforge/client/event/ModelBakeEvent.class
Copying net/minecraftforge/fml/common/functions/CollectionWrapperFactory.class
Copying net/minecraftforge/event/terraingen/OreGenEvent$GenerateMinable.class
Copying net/minecraftforge/classloading/FMLForgePlugin.class
Copying net/minecraftforge/fml/common/network/FMLEmbeddedChannel.class
Copying net/minecraftforge/fml/common/SidedProxy.class
Copying net/minecraftforge/fml/client/registry/IRenderFactory.class
Copying net/minecraftforge/client/event/RenderLivingEvent$Pre.class
Copying net/minecraftforge/fml/common/registry/PersistentRegistryManager$2.class
Copying net/minecraftforge/common/UsernameCache.class
Copying net/minecraftforge/fml/common/MCPDummyContainer.class
Copying net/minecraftforge/common/capabilities/CapabilityDispatcher.class
Copying net/minecraftforge/client/model/ISmartItemModel.class
Copying net/minecraftforge/common/capabilities/CapabilityManager$2.class
Copying ibxm/Player.class
Copying net/minecraftforge/client/event/RenderPlayerEvent$Specials$Post.class
Copying net/minecraftforge/common/property/Properties$PropertyAdapter.class
Copying net/minecraftforge/fml/common/discovery/asm/ModAnnotation$EnumHolder.class
Processing net/minecraft/block/Block$5.class
Processed 708 -> 708
Copying net/minecraftforge/fml/common/event/FMLInterModComms$IMCMessage.class
Copying net/minecraftforge/client/model/b3d/B3DLoader$BakedWrapper$1.class
Copying net/minecraftforge/fml/common/registry/PersistentRegistryManager$PersistentRegistry.class
Copying net/minecraftforge/fml/common/network/internal/FMLMessage$EntityMessage.class
Copying net/minecraftforge/client/event/FOVUpdateEvent.class
Copying net/minecraftforge/fml/relauncher/IFMLLoadingPlugin$DependsOn.class
Copying net/minecraftforge/fml/common/Mod$Metadata.class
Copying net/minecraftforge/client/model/IColoredBakedQuad$ColoredBakedQuad.class
Copying net/minecraftforge/common/util/BlockSnapshot.class
Copying net/minecraftforge/fml/repackage/com/nothome/delta/PatchException.class
Copying net/minecraftforge/client/GuiIngameForge$1.class
Copying net/minecraftforge/fml/common/ModAPIManager$APIContainer.class
Copying net/minecraftforge/event/terraingen/InitMapGenEvent.class
Copying ibxm/IBXM.class
Copying net/minecraftforge/fml/client/GuiSlotModList$1.class
Copying net/minecraftforge/oredict/RecipeSorter$Category.class
Copying net/minecraftforge/event/entity/player/PlayerOpenContainerEvent.class
Copying net/minecraftforge/common/ForgeModContainer.class
Copying net/minecraftforge/event/terraingen/BiomeEvent$GetVillageBlockID.class
Copying net/minecraftforge/client/model/b3d/B3DModel$Texture.class
Copying ibxm/Envelope.class
Copying net/minecraftforge/event/entity/living/LivingAttackEvent.class
Copying net/minecraftforge/fml/common/asm/transformers/TerminalTransformer$ExitVisitor.class
Copying net/minecraftforge/fml/common/EnhancedRuntimeException$2.class
Copying net/minecraftforge/event/terraingen/PopulateChunkEvent$Post.class
Copying net/minecraftforge/common/ForgeHooks$SeedEntry.class
Copying net/minecraftforge/fml/common/FMLLog.class
Copying net/minecraftforge/fml/common/gameevent/TickEvent$PlayerTickEvent.class
Copying net/minecraftforge/common/util/INBTSerializable.class
Copying net/minecraftforge/client/model/animation/ModelBlockAnimation$Parameter$Interpolation.class
Copying net/minecraftforge/client/model/ISmartBlockModel$PerspectiveWrapper$1.class
Copying net/minecraftforge/client/model/animation/Clips$ModelClip.class
Copying net/minecraftforge/fml/common/ModAPIManager.class
Copying net/minecraftforge/client/model/ModelLoader.class
Copying net/minecraftforge/event/entity/player/EntityInteractEvent.class
Copying net/minecraftforge/fml/common/network/PacketLoggingHandler$1.class
Copying net/minecraftforge/fml/client/ExtendedServerListData.class
Copying net/minecraftforge/event/CommandEvent.class
Copying net/minecraftforge/fml/client/config/GuiSelectStringEntries.class
Copying net/minecraftforge/client/model/animation/TimeValues$ConstValue.class
Copying net/minecraftforge/fml/client/SplashProgress$Texture.class
Copying net/minecraftforge/event/entity/PlaySoundAtEntityEvent.class
Copying net/minecraftforge/event/world/BlockEvent$HarvestDropsEvent.class
Copying net/minecraftforge/fml/common/network/internal/OpenGuiHandler$1.class
Copying net/minecraftforge/fml/common/eventhandler/EventPriority.class
Copying net/minecraftforge/fml/common/network/handshake/NetworkDispatcher$MultiPartCustomPayload.class
Copying net/minecraftforge/event/terraingen/WorldTypeEvent.class
Copying net/minecraftforge/fml/common/Loader$2.class
Copying net/minecraftforge/fml/common/asm/transformers/deobf/FMLDeobfuscatingRemapper.class
Copying net/minecraftforge/fml/common/DuplicateModsFoundException.class
Copying net/minecraftforge/event/terraingen/PopulateChunkEvent$Populate$EventType.class
Copying net/minecraftforge/fml/common/Mod$Instance.class
Copying net/minecraftforge/fml/client/config/ConfigGuiType.class
Copying net/minecraftforge/client/event/EntityViewRenderEvent$FOVModifier.class
Copying net/minecraftforge/client/gui/ForgeGuiFactory$ForgeConfigGui$ChunkLoaderEntry.class
Copying net/minecraftforge/fml/common/registry/PersistentRegistryManager$GameDataSnapshot$Entry.class
Copying net/minecraftforge/client/model/pipeline/QuadGatheringTransformer.class
Copying net/minecraftforge/client/model/ItemTextureQuadConverter.class
Copying net/minecraftforge/fml/common/gameevent/PlayerEvent$PlayerLoggedOutEvent.class
Copying net/minecraftforge/client/model/ModelFluid$BakedFluid$1.class
Copying net/minecraftforge/fml/common/network/internal/EntitySpawnHandler$1.class
Copying net/minecraftforge/fml/common/network/NetworkRegistry$TargetPoint.class
Copying net/minecraftforge/event/world/BlockEvent$NeighborNotifyEvent.class
Copying net/minecraftforge/fml/common/event/FMLModIdMappingEvent$ModRemapping.class
Copying net/minecraftforge/fml/common/eventhandler/IEventListener.class
Copying net/minecraftforge/fml/common/eventhandler/Event$Result.class
Copying net/minecraftforge/event/terraingen/BiomeEvent$CreateDecorator.class
Copying net/minecraftforge/fml/client/SplashProgress$1.class
Copying net/minecraftforge/oredict/OreDictionary$OreRegisterEvent.class
Copying net/minecraftforge/common/capabilities/Capability$IStorage.class
Copying net/minecraftforge/fml/repackage/com/nothome/delta/DebugDiffWriter.class
Copying net/minecraftforge/fml/common/versioning/ComparableVersion$1.class
Copying net/minecraftforge/common/model/animation/IAnimationStateMachine.class
Copying net/minecraftforge/fml/common/network/FMLNetworkEvent$ClientDisconnectionFromServerEvent.class
Copying net/minecraftforge/client/model/ICustomModelLoader.class
Copying net/minecraftforge/fml/common/Mod$CustomProperty.class
Copying net/minecraftforge/fml/common/gameevent/TickEvent.class
Copying net/minecraftforge/common/network/ForgeMessage$DimensionRegisterMessage.class
Copying net/minecraftforge/fml/common/gameevent/PlayerEvent$ItemCraftedEvent.class
Copying net/minecraftforge/fml/common/MissingModsException.class
Copying net/minecraftforge/event/entity/living/LivingHurtEvent.class
Copying net/minecraftforge/fml/common/MetadataCollection.class
Copying net/minecraftforge/event/entity/living/LivingEvent$LivingUpdateEvent.class
Copying net/minecraftforge/client/event/RenderPlayerEvent$SetArmorModel.class
Processing net/minecraft/world/biome/BiomeGenBase$FlowerEntry.class
Processed 664 -> 677
Copying net/minecraftforge/client/event/sound/SoundEvent$SoundSourceEvent.class
Copying net/minecraftforge/event/world/ExplosionEvent$Start.class
Copying net/minecraftforge/fml/common/patcher/ClassPatch.class
Copying net/minecraftforge/fml/common/asm/ASMTransformerWrapper$ASMGenConnection.class
Copying net/minecraftforge/fml/common/event/FMLInitializationEvent.class
Copying net/minecraftforge/fml/repackage/com/nothome/delta/RandomAccessFileSeekableSource.class
Copying net/minecraftforge/fml/client/config/GuiConfigEntries.class
Copying net/minecraftforge/client/model/animation/ITimeValue.class
Copying net/minecraftforge/fml/common/network/handshake/FMLHandshakeClientState$5.class
Copying net/minecraftforge/fml/common/asm/transformers/EventSubscriptionTransformer.class
Copying net/minecraftforge/fml/common/network/internal/FMLMessage$EntityAdjustMessage.class
Copying net/minecraftforge/fluids/IFluidHandler.class
Copying net/minecraftforge/fml/common/IWorldGenerator.class
Copying net/minecraftforge/fml/common/discovery/asm/ModFieldVisitor.class
Copying net/minecraftforge/fml/common/LoaderException.class
Copying net/minecraftforge/fml/common/event/FMLConstructionEvent.class
Copying net/minecraftforge/common/property/IExtendedBlockState.class
Copying net/minecraftforge/fluids/FluidContainerRegistry$ContainerKey.class
Copying net/minecraftforge/client/event/sound/PlayStreamingEvent.class
Copying net/minecraftforge/event/entity/player/PlayerDropsEvent.class
Copying net/minecraftforge/common/IShearable.class
Copying net/minecraftforge/fml/common/network/NetworkCheckHandler.class
Copying net/minecraftforge/client/event/RenderGameOverlayEvent$ElementType.class
Copying net/minecraftforge/client/model/IModelCustomData.class
Copying net/minecraftforge/client/model/b3d/B3DLoader$ModelWrapper.class
Copying net/minecraftforge/fml/common/gameevent/InputEvent$MouseInputEvent.class
Copying net/minecraftforge/fml/common/ModContainerFactory.class
Copying net/minecraftforge/event/entity/EntityEvent.class
Copying net/minecraftforge/fml/common/network/internal/OpenGuiHandler.class
Copying net/minecraftforge/fml/client/GuiBackupFailed.class
Copying net/minecraftforge/event/entity/player/PlayerEvent$NameFormat.class
Copying net/minecraftforge/event/AttachCapabilitiesEvent$Entity.class
Copying net/minecraftforge/fml/common/network/FMLEventChannel.class
Copying ibxm/Player$Driver.class
Copying net/minecraftforge/fml/common/discovery/DirectoryDiscoverer.class
Copying net/minecraftforge/event/entity/minecart/MinecartEvent.class
Copying net/minecraftforge/fml/common/network/IGuiHandler.class
Copying net/minecraftforge/fml/common/registry/GameRegistry$ObjectHolder.class
Copying net/minecraftforge/fml/common/functions/GenericIterableFactory$1.class
Copying net/minecraftforge/oredict/RecipeSorter$SortEntry.class
Copying net/minecraftforge/client/model/IModel.class
Copying net/minecraftforge/client/model/pipeline/ForgeBlockModelRenderer$2.class
Copying net/minecraftforge/fml/common/network/handshake/FMLHandshakeServerState$2.class
Copying net/minecraftforge/common/brewing/AbstractBrewingRecipe.class
Copying net/minecraftforge/event/entity/EntityEvent$CanUpdate.class
Copying net/minecraftforge/fml/common/network/FMLOutboundHandler$OutboundTarget$2.class
Copying net/minecraftforge/fml/common/asm/transformers/DeobfuscationTransformer.class
Copying ibxm/ProTracker.class
Copying net/minecraftforge/fml/common/versioning/ComparableVersion.class
Copying net/minecraftforge/client/model/animation/JointClips.class
Copying net/minecraftforge/fml/common/Optional$Interface.class
Copying net/minecraftforge/client/event/GuiScreenEvent$BackgroundDrawnEvent.class
Copying net/minecraftforge/client/model/obj/OBJModel$Vertex.class
Copying net/minecraftforge/event/world/ChunkDataEvent$Load.class
Copying net/minecraftforge/client/model/ModelLoader$DefaultTextureGetter.class
Copying net/minecraftforge/client/event/GuiScreenEvent.class
Copying net/minecraftforge/fml/relauncher/CoreModManager$4.class
Copying net/minecraftforge/client/model/BlockStateLoader$ForgeVariant.class
Copying net/minecraftforge/client/model/ModelFluid$1.class
Copying net/minecraftforge/client/event/GuiScreenEvent$ActionPerformedEvent$Post.class
Copying net/minecraftforge/common/property/Properties$1.class
Copying net/minecraftforge/client/model/animation/AnimationStateMachine$1.class
Copying net/minecraftforge/event/terraingen/OreGenEvent$Post.class
Copying net/minecraftforge/event/ServerChatEvent.class
Copying net/minecraftforge/fml/common/FMLContainerHolder.class
Copying net/minecraftforge/fluids/UniversalBucket.class
Copying net/minecraftforge/server/console/TerminalHandler.class
Copying net/minecraftforge/fml/common/versioning/ComparableVersion$ListItem.class
Copying net/minecraftforge/event/entity/EntityJoinWorldEvent.class
Copying net/minecraftforge/fml/common/registry/PersistentRegistryManager$ValidateRegistryFunction.class
Copying net/minecraftforge/event/world/NoteBlockEvent.class
Copying net/minecraftforge/fml/repackage/com/nothome/delta/Delta$TargetState.class
Copying net/minecraftforge/common/ForgeVersion$CheckResult.class
Copying net/minecraftforge/fml/relauncher/IFMLLoadingPlugin$SortingIndex.class
Copying net/minecraftforge/fml/common/network/FMLOutboundHandler$OutboundTarget.class
Copying net/minecraftforge/client/model/b3d/B3DClip$NodeClip.class
Copying net/minecraftforge/client/model/animation/ModelBlockAnimation$MBJointWeight.class
Copying net/minecraftforge/event/world/BlockEvent$PlaceEvent.class
Copying net/minecraftforge/fml/common/asm/ASMTransformerWrapper$WrapperVisitor.class
Copying net/minecraftforge/common/util/AsynchronousExecutor.class
Copying net/minecraftforge/common/FishingHooks$FishableCategory.class
Copying net/minecraftforge/client/model/b3d/B3DLoader$BakedWrapper$2.class
Copying ibxm/Sample.class
Copying net/minecraftforge/common/config/Configuration.class
Copying net/minecraftforge/client/model/animation/AnimationTESR.class
Copying net/minecraftforge/fml/common/gameevent/PlayerEvent$1.class
Copying net/minecraftforge/client/model/animation/Clips$TimeClip.class
Copying net/minecraftforge/common/ISpecialArmor.class
Copying net/minecraftforge/fml/relauncher/ServerLaunchWrapper.class
Copying net/minecraftforge/fml/client/config/GuiConfigEntries$ChatColorEntry.class
Copying net/minecraftforge/fml/common/IFMLHandledException.class
Copying net/minecraftforge/client/model/pipeline/LightUtil$2.class
Copying net/minecraftforge/fml/common/asm/transformers/TerminalTransformer$ExitVisitor$1.class
Copying net/minecraftforge/fml/common/registry/PersistentRegistryManager$ResetDelegatesFunction.class
Copying net/minecraftforge/client/model/animation/IClip.class
Copying net/minecraftforge/fml/common/discovery/asm/ModClassVisitor.class
Copying net/minecraftforge/fml/common/Loader$1.class
Copying net/minecraftforge/event/entity/living/ZombieEvent$SummonAidEvent.class
Copying net/minecraftforge/common/IMinecartCollisionHandler.class
Copying net/minecraftforge/client/event/RenderBlockOverlayEvent$OverlayType.class
Copying net/minecraftforge/fml/relauncher/IFMLLoadingPlugin$MCVersion.class
Copying net/minecraftforge/common/network/ForgeMessage.class
Copying net/minecraftforge/event/AttachCapabilitiesEvent$TileEntity.class
Copying net/minecraftforge/common/EnumPlantType.class
Copying net/minecraftforge/client/model/pipeline/IVertexProducer.class
Copying net/minecraftforge/client/event/EntityViewRenderEvent$FogColors.class
Copying net/minecraftforge/fml/client/GuiModsMissing.class
Copying net/minecraftforge/event/world/ChunkDataEvent$Save.class
Copying net/minecraftforge/event/entity/living/LivingEvent.class
Copying net/minecraftforge/event/world/ChunkDataEvent.class
Copying net/minecraftforge/client/model/MultiLayerModel$MultiLayerBakedModel.class
Copying net/minecraftforge/client/model/ItemLayerModel$Loader.class
Copying net/minecraftforge/event/terraingen/BiomeEvent$GetGrassColor.class
Copying net/minecraftforge/fml/common/asm/transformers/TerminalTransformer$1.class
Copying net/minecraftforge/client/model/MultiModelState$PartPart.class
Copying net/minecraftforge/client/model/obj/OBJModel$Face.class
Copying net/minecraftforge/client/event/RenderBlockOverlayEvent.class
Copying net/minecraftforge/fml/common/registry/IThrowableEntity.class
Copying net/minecraftforge/common/util/FakePlayer.class
Copying net/minecraftforge/client/model/animation/ModelBlockAnimation$MBClip$MBJointClip.class
Copying net/minecraftforge/event/entity/living/LivingDropsEvent.class
Copying net/minecraftforge/client/event/RenderLivingEvent$Specials$Pre.class
Copying net/minecraftforge/fml/common/DummyModContainer.class
Copying net/minecraftforge/fml/common/gameevent/TickEvent$Phase.class
Copying net/minecraftforge/fml/common/discovery/asm/ASMModParser.class
Copying net/minecraftforge/event/ForgeEventFactory.class
Copying net/minecraftforge/fml/common/event/FMLMissingMappingsEvent$MissingMapping.class
Copying net/minecraftforge/event/brewing/PotionBrewEvent$Post.class
Copying net/minecraftforge/items/CapabilityItemHandler$2.class
Copying net/minecraftforge/client/model/obj/OBJModel$Group.class
Copying net/minecraftforge/fml/common/registry/ObjectHolderRef.class
Copying net/minecraftforge/fml/common/discovery/DirectoryDiscoverer$ClassFilter.class
Copying net/minecraftforge/client/model/animation/TimeValues$VariableValue.class
Copying net/minecraftforge/fml/client/FMLClientHandler.class
Copying net/minecraftforge/fluids/FluidEvent$FluidFillingEvent.class
Copying net/minecraftforge/common/BiomeManager$TrackedList.class
Copying net/minecraftforge/fml/common/network/internal/NetworkModHolder$1.class
Copying net/minecraftforge/event/terraingen/DecorateBiomeEvent$Decorate.class
Copying net/minecraftforge/fml/common/network/handshake/FMLHandshakeMessage$RegistryData.class
Copying net/minecraftforge/items/wrapper/PlayerInvWrapper.class
Copying net/minecraftforge/client/model/animation/ModelBlockAnimation$1.class
Copying net/minecraftforge/client/model/animation/Clips$CommonClipTypeAdapterFactory$1.class
Copying net/minecraftforge/client/event/EntityViewRenderEvent$RenderFogEvent.class
Copying net/minecraftforge/fml/common/eventhandler/ListenerList.class
Copying net/minecraftforge/common/ForgeHooks.class
Copying net/minecraftforge/client/model/IFlexibleBakedModel.class
Copying net/minecraftforge/fluids/FluidContainerRegistry$FluidContainerRegisterEvent.class
Copying net/minecraftforge/fml/common/network/handshake/FMLHandshakeServerState$6.class
Copying net/minecraftforge/fml/client/event/ConfigChangedEvent.class
Copying net/minecraftforge/fml/common/asm/transformers/ModAPITransformer.class
Copying net/minecraftforge/client/gui/ForgeGuiFactory$ForgeConfigGui.class
Copying net/minecraftforge/client/model/ModelDynBucket.class
Copying net/minecraftforge/client/model/b3d/B3DLoader$Wrapper.class
Copying net/minecraftforge/event/world/WorldEvent$CreateSpawnPosition.class
Copying net/minecraftforge/fml/common/registry/ExistingSubstitutionException.class
Copying net/minecraftforge/event/terraingen/InitNoiseGensEvent.class
Processing net/minecraft/block/Block$6.class
Processed 760 -> 760
Processing net/minecraft/crash/CrashReportCategory$4.class
Processed 1083 -> 1104
Copying net/minecraftforge/fml/common/gameevent/PlayerEvent$ItemPickupEvent.class
Copying net/minecraftforge/client/model/animation/Clips$2.class
Copying net/minecraftforge/client/event/RenderGameOverlayEvent$1.class
Copying net/minecraftforge/fml/common/patcher/ClassPatchManager.class
Copying net/minecraftforge/fml/client/config/GuiConfigEntries$ListEntryBase.class
Copying net/minecraftforge/client/model/IPerspectiveAwareModel$MapWrapper.class
Copying net/minecraftforge/event/entity/player/FillBucketEvent.class
Copying net/minecraftforge/fml/common/asm/transformers/deobf/LZMAInputSupplier.class
Copying net/minecraftforge/common/brewing/IBrewingRecipe.class
Copying net/minecraftforge/fml/client/IModGuiFactory$RuntimeOptionGuiHandler.class
Copying net/minecraftforge/fml/common/IFMLSidedHandler.class
Copying net/minecraftforge/client/ForgeHooksClient.class
Copying net/minecraftforge/fml/common/StartupQuery.class
Copying net/minecraftforge/items/SlotItemHandler.class
Copying net/minecraftforge/event/entity/living/EnderTeleportEvent.class
Copying net/minecraftforge/fluids/FluidTankInfo.class
Copying net/minecraftforge/event/terraingen/OreGenEvent$Pre.class
Copying net/minecraftforge/client/model/ForgeBlockStateV1$Deserializer.class
Copying net/minecraftforge/fml/common/asm/transformers/ItemStackTransformer.class
Copying net/minecraftforge/fml/common/gameevent/PlayerEvent$PlayerLoggedInEvent.class
Copying net/minecraftforge/client/model/b3d/B3DLoader$BakedWrapper$2$1.class
Copying net/minecraftforge/event/entity/player/PlayerSleepInBedEvent.class
Copying net/minecraftforge/fml/common/Optional$InterfaceList.class
Copying net/minecraftforge/fml/common/network/handshake/FMLHandshakeClientState$2.class
Copying net/minecraftforge/fml/common/network/handshake/FMLHandshakeMessage$ModList.class
Copying net/minecraftforge/client/model/pipeline/VertexLighterFlat.class
Copying net/minecraftforge/fluids/TileFluidHandler.class
Copying net/minecraftforge/client/MinecraftForgeClient.class
Copying net/minecraftforge/client/gui/ForgeGuiFactory.class
Copying net/minecraftforge/fml/common/network/internal/FMLNetworkHandler.class
Copying net/minecraftforge/fml/common/eventhandler/ListenerList$1.class
Copying net/minecraftforge/fml/client/config/GuiConfigEntries$IntegerEntry.class
Copying net/minecraftforge/fml/common/discovery/JarDiscoverer.class
Copying net/minecraftforge/event/world/NoteBlockEvent$Change.class
Copying net/minecraftforge/fml/relauncher/FileListHelper.class
Copying net/minecraftforge/fml/relauncher/FMLCorePlugin.class
Copying ibxm/Pattern.class
Copying net/minecraftforge/client/event/GuiScreenEvent$KeyboardInputEvent$Post.class
Copying net/minecraftforge/client/model/animation/Clips$CommonClipTypeAdapterFactory.class
Copying net/minecraftforge/client/model/ModelLoader$3.class
Processing net/minecraft/item/Item$18.class
Processed 842 -> 842
Copying net/minecraftforge/fml/common/asm/transformers/deobf/FMLRemappingAdapter$StaticFixingMethodVisitor.class
Copying net/minecraftforge/client/model/ForgeBlockStateV1$1.class
Copying net/minecraftforge/items/CapabilityItemHandler$1.class
Copying net/minecraftforge/fluids/FluidContainerRegistry.class
Copying net/minecraftforge/common/capabilities/CapabilityInject.class
Copying net/minecraftforge/fml/common/gameevent/PlayerEvent$PlayerChangedDimensionEvent.class
Copying net/minecraftforge/client/model/pipeline/ForgeBlockModelRenderer.class
Copying net/minecraftforge/fml/client/IModGuiFactory$RuntimeOptionCategoryElement.class
Copying net/minecraftforge/common/BiomeDictionary$BiomeInfo.class
Copying net/minecraftforge/fml/common/network/handshake/FMLHandshakeMessage$ClientHello.class
Copying net/minecraftforge/client/model/ISmartBlockModel$Wrapper.class
Copying net/minecraftforge/fml/common/asm/transformers/ModAccessTransformer.class
Copying net/minecraftforge/common/network/ForgeNetworkHandler.class
Copying net/minecraftforge/client/model/pipeline/WorldRendererConsumer.class
Copying net/minecraftforge/client/model/b3d/B3DLoader$B3DState.class
Copying net/minecraftforge/client/model/b3d/B3DLoader$PartWrapper.class
Copying net/minecraftforge/event/world/BlockEvent.class
Copying net/minecraftforge/fluids/FluidEvent$FluidDrainingEvent.class
Copying net/minecraftforge/client/event/RenderLivingEvent.class
Copying net/minecraftforge/client/event/ClientChatReceivedEvent.class
Copying net/minecraftforge/fml/client/config/DummyConfigElement$DummyCategoryElement.class
Copying net/minecraftforge/event/terraingen/WorldTypeEvent$BiomeSize.class
Copying net/minecraftforge/client/model/animation/ModelBlockAnimation$Parameter$Type.class
Copying net/minecraftforge/client/model/pipeline/LightUtil.class
Copying net/minecraftforge/event/terraingen/DecorateBiomeEvent$Post.class
Copying net/minecraftforge/client/model/ItemLayerModel$BakedItemModel.class
Copying net/minecraftforge/fml/common/Optional$Method.class
Copying net/minecraftforge/client/model/animation/Animation$1.class
Copying net/minecraftforge/fml/common/network/internal/FMLMessage.class
Copying net/minecraftforge/event/world/NoteBlockEvent$Octave.class
Copying net/minecraftforge/items/VanillaDoubleChestItemHandler.class
Copying net/minecraftforge/client/event/RenderPlayerEvent.class
Copying net/minecraftforge/client/event/RenderWorldLastEvent.class
Copying net/minecraftforge/fluids/FluidRegistry$2.class
Copying net/minecraftforge/items/CapabilityItemHandler.class
Copying net/minecraftforge/fml/common/network/handshake/FMLHandshakeMessage$HandshakeAck.class
Copying net/minecraftforge/fml/common/registry/VillagerRegistry$IVillageCreationHandler.class
Copying net/minecraftforge/common/util/JsonUtils$2.class
Copying net/minecraftforge/event/entity/player/PlayerEvent$StartTracking.class
Copying net/minecraftforge/event/entity/EntityEvent$EnteringChunk.class
Copying net/minecraftforge/client/model/BlockStateLoader$SubModel.class
Copying net/minecraftforge/client/model/pipeline/LightUtil$1.class
Copying net/minecraftforge/client/event/GuiScreenEvent$InitGuiEvent.class
Copying net/minecraftforge/items/wrapper/PlayerArmorInvWrapper.class
Copying net/minecraftforge/event/entity/player/BonemealEvent.class
Copying net/minecraftforge/server/console/ConsoleCommandCompleter$1.class
Copying net/minecraftforge/common/ForgeVersion.class
Copying net/minecraftforge/common/property/Properties.class
Copying net/minecraftforge/client/model/animation/TimeValues$SimpleExprValue.class
Copying net/minecraftforge/fml/client/config/GuiConfigEntries$ArrayEntry.class
Copying net/minecraftforge/client/gui/ForgeGuiFactory$ForgeConfigGui$ModOverridesEntry.class
Copying net/minecraftforge/client/ForgeHooksClient$1.class
Copying net/minecraftforge/fml/client/FMLConfigGuiFactory$1.class
Copying net/minecraftforge/fml/common/network/internal/FMLProxyPacket.class
Copying net/minecraftforge/fml/common/ICrashCallable.class
Copying net/minecraftforge/client/model/ModelFluid$FluidLoader.class
Copying net/minecraftforge/fml/repackage/com/nothome/delta/DiffWriter.class
Copying net/minecraftforge/fml/common/network/FMLNetworkEvent$CustomPacketRegistrationEvent.class
Copying net/minecraftforge/client/event/GuiScreenEvent$DrawScreenEvent$Pre.class
Copying net/minecraftforge/client/model/MultiModelState$MultiModelPart.class
Copying net/minecraftforge/fml/common/event/FMLLoadEvent.class
Copying net/minecraftforge/fml/common/registry/VillagerRegistry.class
Copying net/minecraftforge/fml/common/gameevent/InputEvent.class
Copying net/minecraftforge/fml/relauncher/IFMLLoadingPlugin$Name.class
Copying net/minecraftforge/fluids/FluidRegistry$FluidDelegate.class
Copying net/minecraftforge/event/terraingen/PopulateChunkEvent$Populate.class
Copying net/minecraftforge/fml/common/FMLContainer.class
Copying net/minecraftforge/fml/common/ModContainer$Disableable.class
Copying net/minecraftforge/common/chunkio/ChunkIOProvider.class
Copying net/minecraftforge/client/model/ItemLayerModel.class
Copying net/minecraftforge/fml/common/network/handshake/NetworkDispatcher.class
Copying net/minecraftforge/event/terraingen/PopulateChunkEvent$Pre.class
Copying net/minecraftforge/client/model/pipeline/UnpackedBakedQuad$Colored.class
Copying net/minecraftforge/server/console/TerminalConsoleAppender.class
Copying net/minecraftforge/fml/common/event/FMLPreInitializationEvent.class
Copying net/minecraftforge/client/model/ModelFluid.class
Copying net/minecraftforge/fml/common/network/handshake/HandshakeInjector.class
Copying net/minecraftforge/fml/client/config/GuiConfigEntries$1.class
Copying net/minecraftforge/items/ItemStackHandler.class
Copying net/minecraftforge/fml/common/network/FMLOutboundHandler$OutboundTarget$1.class
Copying net/minecraftforge/client/event/GuiOpenEvent.class
Copying net/minecraftforge/client/model/obj/OBJModel$OBJBakedModel.class
Copying net/minecraftforge/fml/client/FMLFolderResourcePack.class
Copying net/minecraftforge/event/terraingen/BiomeEvent.class
Copying net/minecraftforge/common/network/ServerToClientConnectionEstablishedHandler.class
Copying net/minecraftforge/client/model/ISmartBlockModel$PerspectiveWrapper.class
Copying net/minecraftforge/fml/common/asm/transformers/PatchingTransformer.class
Copying net/minecraftforge/fml/client/GuiModList$1.class
Copying net/minecraftforge/client/model/IModelState.class
Copying net/minecraftforge/client/ItemModelMesherForge.class
Copying net/minecraftforge/fml/common/InjectedModContainer.class
Copying net/minecraftforge/client/event/RenderGameOverlayEvent$Pre.class
Copying net/minecraftforge/fml/common/network/handshake/FMLHandshakeClientState$3.class
Copying net/minecraftforge/client/model/b3d/B3DLoader$B3DFrameProperty.class
Copying net/minecraftforge/event/world/BlockEvent$BreakEvent.class
Copying net/minecraftforge/fml/common/network/internal/NetworkModHolder$NetworkChecker.class
Copying net/minecraftforge/client/model/b3d/B3DModel$Face.class
Copying net/minecraftforge/fml/client/CustomModLoadingErrorDisplayException.class
Copying net/minecraftforge/client/model/animation/IAnimatedModel.class
Copying net/minecraftforge/client/model/b3d/B3DLoader$Wrapper$1.class
Copying net/minecraftforge/fluids/BlockFluidClassic.class
Copying net/minecraftforge/common/ForgeChunkManager.class
Copying net/minecraftforge/fml/common/asm/transformers/MarkerTransformer$1.class
Copying net/minecraftforge/fml/common/asm/ASMTransformerWrapper$ASMGenHandler.class
Copying net/minecraftforge/event/entity/player/AnvilRepairEvent.class
Copying net/minecraftforge/common/brewing/VanillaBrewingRecipe.class
Copying net/minecraftforge/fml/common/network/NetworkHandshakeEstablished.class
Copying net/minecraftforge/client/model/MapModelState.class
Copying net/minecraftforge/fml/common/event/FMLServerStartingEvent.class
Copying net/minecraftforge/fml/common/versioning/VersionRange.class
Copying net/minecraftforge/common/ForgeChunkManager$Type.class
Copying net/minecraftforge/fml/common/registry/IEntityAdditionalSpawnData.class
Copying net/minecraftforge/fml/common/network/handshake/FMLHandshakeClientState$1.class
Copying net/minecraftforge/event/entity/player/PlayerUseItemEvent$Finish.class
Copying net/minecraftforge/client/model/animation/JointClips$IdentityJointClip.class
Copying net/minecraftforge/fml/common/network/handshake/IHandshakeState.class
Copying net/minecraftforge/fml/common/gameevent/TickEvent$ClientTickEvent.class
Copying net/minecraftforge/event/world/WorldEvent$Save.class
Copying net/minecraftforge/fml/client/config/GuiSelectString.class
Copying net/minecraftforge/common/BiomeManager$BiomeType.class
Copying net/minecraftforge/fml/client/config/GuiEditArrayEntries$BooleanEntry.class
Copying net/minecraftforge/client/event/DrawBlockHighlightEvent.class
Copying net/minecraftforge/event/entity/minecart/MinecartInteractEvent.class
Copying net/minecraftforge/client/model/animation/TimeValues.class
Copying net/minecraftforge/fml/common/ILanguageAdapter$ScalaAdapter.class
Copying net/minecraftforge/client/ForgeHooksClient$2.class
Copying net/minecraftforge/event/terraingen/TerrainGen.class
Copying net/minecraftforge/client/model/b3d/B3DLoader$BakedWrapper.class
Copying net/minecraftforge/client/model/TRSRTransformation$1.class
Copying net/minecraftforge/server/console/TerminalHandler$1.class
Copying net/minecraftforge/event/entity/player/PlayerUseItemEvent.class
Copying net/minecraftforge/items/wrapper/SidedInvWrapper.class
Copying net/minecraftforge/server/command/ForgeCommand.class
Copying net/minecraftforge/fml/common/asm/ASMTransformerWrapper$1.class
Copying net/minecraftforge/client/event/RenderLivingEvent$Specials$Post.class
Copying net/minecraftforge/event/terraingen/BiomeEvent$GetWaterColor.class
Copying net/minecraftforge/client/model/animation/ModelBlockAnimation$MBClip$1$1.class
Copying net/minecraftforge/common/util/JsonUtils$1.class
Copying net/minecraftforge/client/model/obj/OBJModel$OBJBakedModel$1.class
Copying net/minecraftforge/common/DungeonHooks$DungeonMob.class
Copying net/minecraftforge/fml/common/versioning/ComparableVersion$Item.class
Copying net/minecraftforge/fml/common/ModContainer.class
Copying net/minecraftforge/fml/common/network/handshake/FMLHandshakeClientState.class
Copying net/minecraftforge/client/model/IModelWithSubmodels.class
Copying net/minecraftforge/event/entity/player/PlayerWakeUpEvent.class
Copying net/minecraftforge/fml/common/registry/LanguageRegistry.class
Copying net/minecraftforge/oredict/ShapedOreRecipe.class
Copying net/minecraftforge/client/GuiIngameForge.class
Copying net/minecraftforge/common/config/ConfigElement.class
Copying net/minecraftforge/fml/client/config/GuiEditArrayEntries$DoubleEntry.class
Copying net/minecraftforge/client/model/animation/Event.class
Copying net/minecraftforge/fml/common/FMLModContainer$1.class
Copying net/minecraftforge/fml/common/registry/PersistentRegistryManager$GameDataSnapshot.class
Copying net/minecraftforge/fml/client/FMLConfigGuiFactory$FMLConfigGuiScreen.class
Copying net/minecraftforge/fluids/IFluidBlock.class
Copying net/minecraftforge/fml/common/EnhancedRuntimeException$WrappedPrintStream.class
Copying net/minecraftforge/fml/common/registry/GameRegistry$UniqueIdentifier.class
Copying net/minecraftforge/event/entity/player/PlayerInteractEvent$Action.class
Copying net/minecraftforge/fml/common/registry/PersistentRegistryManager$1.class
Copying net/minecraftforge/event/entity/living/LivingHealEvent.class
Copying net/minecraftforge/fml/common/network/internal/FMLMessage$EntitySpawnMessage.class
Copying net/minecraftforge/client/model/obj/OBJModel$MaterialLibrary.class
Copying net/minecraftforge/fml/common/versioning/ComparableVersion$StringItem.class
Copying net/minecraftforge/client/model/pipeline/BlockInfo.class
Copying net/minecraftforge/fml/common/event/FMLServerStoppingEvent.class
Copying net/minecraftforge/common/capabilities/CapabilityManager$1.class
Copying net/minecraftforge/fml/common/asm/FMLSanityChecker.class
Copying net/minecraftforge/fml/relauncher/ReflectionHelper$UnableToFindClassException.class
Copying net/minecraftforge/fluids/FluidRegistry$1.class
Copying net/minecraftforge/client/model/pipeline/VertexLighterFlat$1.class
Copying net/minecraftforge/fml/common/registry/GameData$PotionArrayCapture.class
Copying net/minecraftforge/client/event/GuiScreenEvent$KeyboardInputEvent$Pre.class
Copying net/minecraftforge/common/util/JsonUtils$3.class
Copying net/minecraftforge/client/event/GuiScreenEvent$DrawScreenEvent.class
Copying net/minecraftforge/event/entity/living/LivingDeathEvent.class
Copying net/minecraftforge/fml/common/patcher/GenDiffSet.class
Copying net/minecraftforge/fml/common/network/internal/FMLMessage$OpenGui.class
Copying net/minecraftforge/fml/common/discovery/DirectoryDiscoverer$1.class
Copying net/minecraftforge/client/model/SimpleModelState.class
Copying net/minecraftforge/client/event/MouseEvent.class
Copying net/minecraftforge/common/UsernameCache$1.class
Copying net/minecraftforge/common/ISpecialArmor$ArmorProperties.class
Copying net/minecraftforge/fml/common/asm/transformers/TerminalTransformer.class
Copying net/minecraftforge/client/model/b3d/B3DModel$Vertex.class
Copying paulscode/sound/codecs/CodecIBXM.class
Copying net/minecraftforge/fml/common/launcher/TerminalTweaker.class
Copying net/minecraftforge/client/model/animation/TimeValues$1.class
Copying net/minecraftforge/fml/client/GuiNotification.class
Copying net/minecraftforge/client/model/animation/Animation$ClipResolver.class
Copying net/minecraftforge/client/model/animation/ModelBlockAnimation$Parameter.class
Copying net/minecraftforge/fml/client/config/GuiConfigEntries$ButtonEntry.class
Copying net/minecraftforge/client/model/obj/OBJModel$CustomData.class
Copying net/minecraftforge/fml/repackage/com/nothome/delta/GDiffWriter.class
Copying net/minecraftforge/fml/client/config/GuiConfigEntries$CycleValueEntry.class
Copying net/minecraftforge/event/entity/player/AttackEntityEvent.class
Copying net/minecraftforge/event/entity/living/ZombieEvent.class
Copying net/minecraftforge/fml/common/EnhancedRuntimeException$3.class
Copying net/minecraftforge/fml/common/asm/ReobfuscationMarker.class
Copying net/minecraftforge/client/event/GuiScreenEvent$InitGuiEvent$Post.class
Copying net/minecraftforge/fluids/BlockFluidBase.class
Copying net/minecraftforge/event/world/WorldEvent$Unload.class
Copying net/minecraftforge/client/model/obj/OBJModel$TextureCoordinate.class
Copying net/minecraftforge/event/entity/player/PlayerEvent$SaveToFile.class
Copying net/minecraftforge/fml/common/network/handshake/NetworkDispatcher$ConnectionState.class
Copying net/minecraftforge/client/model/obj/OBJModel$Normal.class
Copying net/minecraftforge/fml/client/GuiScrollingList.class
Copying net/minecraftforge/fluids/FluidTank.class
Copying net/minecraftforge/fluids/FluidContainerRegistry$FluidContainerData.class
Copying net/minecraftforge/fml/common/discovery/asm/ModAnnotationVisitor.class
Copying net/minecraftforge/client/model/MultiModelState.class
Copying net/minecraftforge/fml/relauncher/CoreModManager$1.class
Copying net/minecraftforge/event/world/BlockEvent$MultiPlaceEvent.class
Copying net/minecraftforge/event/entity/player/PlayerDestroyItemEvent.class
Copying net/minecraftforge/fml/client/GuiSlotModList.class
Copying net/minecraftforge/client/model/ModelLoaderRegistry.class
Copying net/minecraftforge/fml/relauncher/FMLInjectionData.class
Copying net/minecraftforge/fml/common/ObfuscationReflectionHelper.class
Copying net/minecraftforge/client/model/ModelLoader$VanillaModelWrapper$1.class
Copying net/minecraftforge/client/model/ModelLoader$White.class
Copying net/minecraftforge/fml/common/network/handshake/FMLHandshakeMessage$HandshakeReset.class
Copying net/minecraftforge/fml/common/network/handshake/NetworkDispatcher$ConnectionType.class
Copying net/minecraftforge/common/config/Property.class
Copying net/minecraftforge/client/model/ModelLoader$2.class
Copying net/minecraftforge/client/model/animation/IJointClip.class
Copying net/minecraftforge/fml/common/network/simpleimpl/MessageContext.class
Copying net/minecraftforge/client/model/animation/IAnimationProvider.class
Copying net/minecraftforge/fml/common/network/handshake/FMLHandshakeServerState.class
Copying net/minecraftforge/fml/common/gameevent/TickEvent$ServerTickEvent.class
Copying net/minecraftforge/fml/common/network/handshake/FMLHandshakeServerState$1.class
Copying net/minecraftforge/client/event/sound/PlaySoundEvent.class
Copying net/minecraftforge/fml/client/GuiModList$SortType.class
Copying net/minecraftforge/fml/common/EnhancedRuntimeException.class
Processing net/minecraft/crash/CrashReportCategory$5.class
Processed 1122 -> 1143
Copying net/minecraftforge/client/model/pipeline/ForgeBlockModelRenderer$1.class
Copying net/minecraftforge/fml/client/config/DummyConfigElement.class
Copying net/minecraftforge/client/event/sound/SoundResultEvent.class
Copying net/minecraftforge/client/event/EntityViewRenderEvent$CameraSetup.class
Copying net/minecraftforge/common/util/JsonUtils.class
Copying net/minecraftforge/fml/common/event/FMLServerStartedEvent.class
Copying net/minecraftforge/fml/common/gameevent/PlayerEvent$PlayerRespawnEvent.class
Copying net/minecraftforge/client/model/ItemLayerModel$1.class
Copying net/minecraftforge/fml/common/network/FMLNetworkEvent$ServerDisconnectionFromClientEvent.class
Copying net/minecraftforge/fml/client/FMLFileResourcePack.class
Copying net/minecraftforge/fml/common/registry/GameData$ItemBlockCapture.class
Copying net/minecraftforge/common/capabilities/CapabilityManager.class
Copying net/minecraftforge/fml/common/network/internal/NetworkModHolder$MethodNetworkChecker.class
Copying net/minecraftforge/client/event/EntityViewRenderEvent.class
Copying net/minecraftforge/event/terraingen/WorldTypeEvent$InitBiomeGens.class
Copying net/minecraftforge/fml/common/registry/RegistryDelegate.class
Copying net/minecraftforge/client/model/animation/ModelBlockAnimation$MBJoint.class
Copying net/minecraftforge/client/model/animation/AnimationTESR$1.class
Copying net/minecraftforge/fml/relauncher/FileListHelper$CaseInsensitiveFileComparator.class
Copying net/minecraftforge/common/util/ChunkCoordComparator.class
Copying net/minecraftforge/common/property/PropertyFloat.class
Copying net/minecraftforge/fml/client/GuiModList$Info.class
Copying net/minecraftforge/client/model/ForgeBlockStateV1$Variant$Deserializer.class
Copying net/minecraftforge/common/BiomeDictionary$Type.class
Copying net/minecraftforge/common/BiomeManager.class
Copying net/minecraftforge/fml/common/eventhandler/SubscribeEvent.class
Copying net/minecraftforge/client/model/b3d/B3DLoader$B3DMeshLocation.class
Copying net/minecraftforge/common/BiomeDictionary.class
Copying net/minecraftforge/client/model/ForgeBlockStateV1$TRSRDeserializer.class
Copying net/minecraftforge/fml/common/versioning/Restriction.class
Copying net/minecraftforge/fml/common/network/handshake/FMLHandshakeCodec.class
Copying net/minecraftforge/fml/common/ProgressManager$1.class
Copying net/minecraftforge/fml/common/registry/VillagerRegistry$VillagerProfession.class
Copying net/minecraftforge/fml/common/gameevent/PlayerEvent.class
Copying net/minecraftforge/client/model/animation/JointClips$NodeJointClip.class
Copying net/minecraftforge/event/entity/living/LivingFallEvent.class
Copying net/minecraftforge/fml/client/config/HoverChecker.class
Copying net/minecraftforge/fml/common/network/handshake/FMLHandshakeServerState$3.class
Copying ibxm/Instrument.class
Copying net/minecraftforge/fml/common/discovery/ASMDataTable.class
Copying net/minecraftforge/fml/common/network/FMLOutboundHandler$OutboundTarget$8.class
Copying net/minecraftforge/client/event/GuiScreenEvent$MouseInputEvent.class
Copying net/minecraftforge/event/entity/player/PlayerEvent$StopTracking.class
Copying net/minecraftforge/fml/client/event/ConfigChangedEvent$OnConfigChangedEvent.class
Copying net/minecraftforge/fml/client/registry/ClientRegistry.class
Copying net/minecraftforge/event/world/ChunkEvent$Load.class
Copying net/minecraftforge/fml/client/FMLConfigGuiFactory.class
Copying net/minecraftforge/client/model/IFlexibleBakedModel$Wrapper.class
Copying net/minecraftforge/client/model/animation/AnimationStateMachine$2.class
Copying net/minecraftforge/event/entity/player/PlayerEvent.class
Copying net/minecraftforge/fml/relauncher/CoreModManager$3.class
Copying net/minecraftforge/client/model/BlockStateLoader.class
Copying net/minecraftforge/client/event/RenderLivingEvent$Specials.class
Copying net/minecraftforge/client/event/EntityViewRenderEvent$FogDensity.class
Copying net/minecraftforge/items/VanillaHopperItemHandler.class
Copying net/minecraftforge/fml/common/network/FMLOutboundHandler$OutboundTarget$3.class
Copying net/minecraftforge/fml/common/asm/transformers/AccessTransformer.class
Copying net/minecraftforge/common/util/EnumHelper.class
Copying net/minecraftforge/fml/common/event/FMLEvent.class
Copying net/minecraftforge/fml/client/GuiWrongMinecraft.class
Copying net/minecraftforge/fml/common/ILanguageAdapter$JavaAdapter.class
Copying net/minecraftforge/fml/client/SplashProgress$2.class
Copying net/minecraftforge/client/event/RenderPlayerEvent$Pre.class
Copying net/minecraftforge/event/world/NoteBlockEvent$Note.class
Copying net/minecraftforge/client/event/RenderWorldEvent$Pre.class
Copying net/minecraftforge/fml/common/eventhandler/EventBus.class
Copying net/minecraftforge/fml/common/network/simpleimpl/SimpleNetworkWrapper.class
Copying net/minecraftforge/fml/repackage/com/nothome/delta/Delta$SourceState.class
Copying net/minecraftforge/fml/relauncher/IFMLCallHook.class
Processing net/minecraft/server/management/PlayerManager$PlayerInstance$1.class
Processed 932 -> 943
Copying net/minecraftforge/event/world/ChunkEvent.class
Copying net/minecraftforge/client/model/MultiModel.class
Copying net/minecraftforge/event/entity/player/UseHoeEvent.class
Copying net/minecraftforge/fluids/FluidStack.class
Copying net/minecraftforge/fml/client/event/ConfigChangedEvent$PostConfigChangedEvent.class
Copying net/minecraftforge/fml/common/eventhandler/ASMEventHandler$1.class
Copying net/minecraftforge/fluids/FluidRegistry$FluidRegisterEvent.class
Copying net/minecraftforge/fml/client/config/GuiEditArrayEntries$StringEntry.class
Copying net/minecraftforge/event/terraingen/DecorateBiomeEvent$Decorate$EventType.class
Copying net/minecraftforge/fml/common/LoadController.class
Copying net/minecraftforge/common/ForgeVersion$1.class
Copying net/minecraftforge/server/console/ConsoleCommandCompleter.class
Copying net/minecraftforge/fml/client/config/GuiConfigEntries$CategoryEntry.class
Copying net/minecraftforge/fml/common/Loader$3.class
Copying net/minecraftforge/event/entity/item/ItemTossEvent.class
Copying net/minecraftforge/client/model/ItemTextureQuadConverter$1.class
Copying net/minecraftforge/fml/common/discovery/asm/ModAnnotation.class
Copying net/minecraftforge/fml/client/config/GuiConfigEntries$SelectValueEntry.class
Copying net/minecraftforge/common/property/ExtendedBlockState$ExtendedStateImplementation.class
Copying net/minecraftforge/oredict/ShapelessOreRecipe.class
Copying net/minecraftforge/client/model/MultiModel$Baked.class
Copying net/minecraftforge/fml/common/event/FMLMissingMappingsEvent$Action.class
Copying net/minecraftforge/client/model/ModelStateComposition.class
Copying net/minecraftforge/fml/relauncher/ReflectionHelper$UnableToAccessFieldException.class
Copying net/minecraftforge/fml/client/config/GuiSelectStringEntries$IGuiSelectStringListEntry.class
Copying net/minecraftforge/fml/common/network/handshake/FMLHandshakeMessage$ServerHello.class
Copying net/minecraftforge/event/AnvilUpdateEvent.class
Copying net/minecraftforge/fml/repackage/com/nothome/delta/GDiffPatcher.class
Copying net/minecraftforge/client/model/Attributes.class
Copying net/minecraftforge/fml/common/network/FMLNetworkEvent$ServerCustomPacketEvent.class
Copying net/minecraftforge/fml/common/asm/transformers/AccessTransformer$Modifier.class
Copying net/minecraftforge/client/model/ModelDynBucket$BakedDynBucket.class
Copying net/minecraftforge/fluids/ItemFluidContainer.class
Copying net/minecraftforge/fml/common/gameevent/TickEvent$Type.class
Copying net/minecraftforge/client/model/b3d/B3DLoader.class
Copying net/minecraftforge/fml/common/functions/GenericIterableFactory.class
Copying net/minecraftforge/client/model/animation/ModelBlockAnimation$MBClip$1.class
Copying net/minecraftforge/fml/common/gameevent/TickEvent$RenderTickEvent.class
Copying net/minecraftforge/client/model/b3d/B3DModel$Brush.class
Copying net/minecraftforge/common/capabilities/ICapabilityProvider.class
Copying net/minecraftforge/fml/common/network/handshake/FMLHandshakeClientState$4.class
Copying net/minecraftforge/client/model/pipeline/IVertexConsumer.class
Copying net/minecraftforge/client/gui/ForgeGuiFactory$ForgeConfigGui$ClientEntry.class
Processing net/minecraft/server/management/PlayerManager$PlayerInstance$2.class
Processed 1323 -> 1355
Copying net/minecraftforge/fml/common/network/internal/HandshakeCompletionHandler.class
Copying net/minecraftforge/fml/common/WorldAccessContainer.class
Copying net/minecraftforge/fml/common/FMLModContainer$2.class
Copying net/minecraftforge/fml/common/discovery/asm/ModMethodVisitor.class
Copying net/minecraftforge/client/model/TRSRTransformation.class
Copying net/minecraftforge/fml/common/network/internal/NetworkModHolder.class
Copying net/minecraftforge/client/model/animation/Clips$TriggerClip.class
Copying net/minecraftforge/event/terraingen/OreGenEvent$GenerateMinable$EventType.class
Copying net/minecraftforge/common/chunkio/ChunkIOExecutor.class
Copying net/minecraftforge/fml/relauncher/FMLSecurityManager.class
Copying net/minecraftforge/client/model/b3d/B3DModel$Bone.class
Copying net/minecraftforge/event/entity/player/PlayerEvent$Clone.class
Copying net/minecraftforge/fml/common/network/NetworkEventFiringHandler.class
Copying net/minecraftforge/fml/client/SplashProgress$6.class
Copying net/minecraftforge/client/event/RenderGameOverlayEvent$Chat.class
Copying net/minecraftforge/fml/common/versioning/DefaultArtifactVersion.class
Copying net/minecraftforge/client/model/animation/IJoint.class
Copying net/minecraftforge/fml/common/network/FMLOutboundHandler$OutboundTarget$4.class
Copying net/minecraftforge/event/entity/player/ArrowLooseEvent.class
Copying net/minecraftforge/fml/client/config/GuiSelectStringEntries$EntryComparator.class
Copying net/minecraftforge/fml/common/asm/ASMTransformerWrapper$TransformerException.class
Copying net/minecraftforge/fml/common/discovery/ContainerType.class
Copying net/minecraftforge/event/entity/living/LivingEvent$LivingJumpEvent.class
Copying net/minecraftforge/fml/client/config/GuiSlider.class
Copying net/minecraftforge/common/util/JsonUtils$ImmutableListTypeAdapter.class
Copying net/minecraftforge/fml/relauncher/IFMLLoadingPlugin.class
Copying net/minecraftforge/fml/server/FMLServerHandler.class
Copying net/minecraftforge/fml/common/network/FMLEventChannel$EventFactory$2.class
Copying net/minecraftforge/fml/client/GuiCustomModLoadingErrorScreen.class
Copying net/minecraftforge/event/world/ChunkWatchEvent.class
Copying net/minecraftforge/server/ForgeTimeTracker.class
Copying net/minecraftforge/fml/common/registry/GameRegistry.class
Copying net/minecraftforge/fml/common/network/FMLEventChannel$EventFactory.class
Copying net/minecraftforge/client/model/obj/OBJModel$Parser.class
Copying net/minecraftforge/client/event/GuiScreenEvent$DrawScreenEvent$Post.class
Copying net/minecraftforge/fml/common/discovery/ITypeDiscoverer.class
Copying net/minecraftforge/fml/common/discovery/ASMDataTable$ModContainerPredicate.class
Copying net/minecraftforge/client/model/obj/OBJModel$OBJProperty.class
Copying net/minecraftforge/fml/common/network/FMLIndexedMessageToMessageCodec.class
Copying ibxm/LogTable.class
Copying net/minecraftforge/client/gui/ForgeGuiFactory$ForgeConfigGui$VersionCheckEntry$1.class
Copying net/minecraftforge/common/property/IUnlistedProperty.class
Copying net/minecraftforge/client/model/b3d/B3DModel$Mesh.class
Copying net/minecraftforge/server/console/ConsoleFormatter.class
Copying net/minecraftforge/fml/common/registry/GameRegistry$Type.class
Copying net/minecraftforge/fml/common/network/PacketLoggingHandler.class
Copying net/minecraftforge/fml/common/Loader.class
Copying net/minecraftforge/client/model/animation/Clips$SlerpClip.class
Copying net/minecraftforge/common/util/AsynchronousExecutor$Task.class
Copying net/minecraftforge/fml/common/registry/FMLControlledNamespacedRegistry.class
Copying net/minecraftforge/client/model/pipeline/VertexLighterSmoothAo.class
Copying net/minecraftforge/fml/common/ILanguageAdapter.class
Copying net/minecraftforge/fml/relauncher/FMLLaunchHandler.class
Copying net/minecraftforge/event/terraingen/DecorateBiomeEvent.class
Copying net/minecraftforge/fml/common/network/FMLEventChannel$1.class
Copying net/minecraftforge/fml/common/network/handshake/NetworkDispatcher$2.class
Copying net/minecraftforge/client/model/ITransformation.class
Copying net/minecraftforge/client/model/pipeline/VertexTransformer.class
Copying net/minecraftforge/fml/client/config/DummyConfigElement$DummyListElement.class
Copying net/minecraftforge/items/IItemHandler.class
Copying net/minecraftforge/fml/common/functions/ModIdFunction.class
Copying net/minecraftforge/fluids/FluidUtil$1.class
Copying net/minecraftforge/fml/common/event/FMLLoadCompleteEvent.class
Copying net/minecraftforge/fml/common/eventhandler/IEventExceptionHandler.class
Copying net/minecraftforge/common/property/ExtendedBlockState.class
Copying net/minecraftforge/client/model/animation/ModelBlockAnimation$MBClip.class
Copying net/minecraftforge/client/event/RenderHandEvent.class
Copying net/minecraftforge/fml/common/registry/IncompatibleSubstitutionException.class
Copying net/minecraftforge/fml/common/asm/transformers/BlamingTransformer$VersionVisitor.class
Copying net/minecraftforge/fml/common/eventhandler/ListenerList$ListenerListInst.class
Copying net/minecraftforge/event/entity/EntityMountEvent.class
Copying net/minecraftforge/fml/client/config/GuiEditArrayEntries$BaseEntry.class
Copying net/minecraftforge/client/model/obj/OBJModel$UVsOutOfBoundsException.class
Copying net/minecraftforge/fml/common/network/simpleimpl/SimpleIndexedCodec.class
Copying net/minecraftforge/fml/common/network/NetworkRegistry.class
Copying net/minecraftforge/fml/common/registry/EntityRegistry$EntityRegistration.class
Copying net/minecraftforge/items/IItemHandlerModifiable.class
Copying net/minecraftforge/common/BiomeManager$BiomeEntry.class
Copying net/minecraftforge/common/IExtendedEntityProperties.class
Copying net/minecraftforge/fml/common/ModMetadata.class
Copying net/minecraftforge/client/GuiIngameForge$GuiOverlayDebugForge.class
Copying net/minecraftforge/common/chunkio/QueuedChunk.class
Copying net/minecraftforge/client/model/ModelLoader$VanillaLoader.class
Copying net/minecraftforge/fml/client/GuiAccessDenied.class
Processing net/minecraft/item/ItemArmor$2.class
Processed 884 -> 884
Copying net/minecraftforge/fml/relauncher/CoreModManager$2.class
Copying net/minecraftforge/client/model/ISmartVariant.class
Copying net/minecraftforge/event/AttachCapabilitiesEvent$Item.class
Copying net/minecraftforge/fml/relauncher/ModListHelper.class
Copying net/minecraftforge/common/util/Constants$NBT.class
Copying net/minecraftforge/fml/client/config/GuiSlider$ISlider.class
Copying net/minecraftforge/fml/repackage/com/nothome/delta/SeekableSource.class
Copying net/minecraftforge/client/gui/ForgeGuiFactory$ForgeConfigGui$AddModOverrideEntry.class
Copying net/minecraftforge/event/entity/player/PlayerUseItemEvent$1.class
Copying net/minecraftforge/event/entity/player/ArrowNockEvent.class
Copying net/minecraftforge/client/event/RenderGameOverlayEvent$Post.class
Copying net/minecraftforge/fml/client/GuiModList.class
Copying net/minecraftforge/fml/common/event/FMLModIdMappingEvent.class
Copying net/minecraftforge/fml/common/network/handshake/ChannelRegistrationHandler.class
Copying net/minecraftforge/fml/common/network/internal/NetworkModHolder$IgnoredChecker.class
Copying net/minecraftforge/common/AchievementPage.class
Copying net/minecraftforge/fml/common/LoaderState.class
Copying net/minecraftforge/fml/common/registry/PersistentRegistryManager$BlockDummyAir.class
Copying net/minecraftforge/client/model/animation/AnimationModelBase.class
Copying net/minecraftforge/client/model/animation/ModelBlockAnimation$Parameter$Variable.class
Copying net/minecraftforge/fml/common/gameevent/InputEvent$KeyInputEvent.class
Copying net/minecraftforge/fml/common/event/FMLMissingMappingsEvent.class
Copying net/minecraftforge/fml/common/toposort/TopologicalSort.class
Copying net/minecraftforge/fml/common/versioning/VersionParser.class
Copying net/minecraftforge/common/brewing/BrewingRecipeRegistry.class
Copying net/minecraftforge/client/model/MapModelState$Wrapper.class
Copying net/minecraftforge/event/terraingen/BiomeEvent$BiomeColor.class
Copying net/minecraftforge/event/terraingen/InitMapGenEvent$EventType.class
Copying net/minecraftforge/common/util/JsonUtils$4.class
Copying net/minecraftforge/oredict/RecipeSorter.class
Copying net/minecraftforge/fml/client/config/GuiUtils.class
Copying net/minecraftforge/fml/common/StartupQuery$1.class
Copying net/minecraftforge/fml/repackage/com/nothome/delta/Checksum.class
Copying net/minecraftforge/fml/common/network/simpleimpl/IMessageHandler.class
Copying net/minecraftforge/client/gui/ForgeGuiFactory$ForgeConfigGui$ModIDEntry.class
Copying net/minecraftforge/fml/common/network/FMLOutboundHandler.class
Copying net/minecraftforge/common/ForgeInternalHandler.class
Copying net/minecraftforge/client/model/MultiModelState$PartState.class
Copying net/minecraftforge/client/model/b3d/B3DModel$Key.class
Copying net/minecraftforge/client/event/GuiScreenEvent$MouseInputEvent$Pre.class
Copying net/minecraftforge/fml/common/event/FMLStateEvent.class
Copying net/minecraftforge/client/model/animation/Clips$ClipReference.class
Copying net/minecraftforge/client/IRenderHandler.class
Copying net/minecraftforge/client/model/ModelLoader$1.class
Copying net/minecraftforge/fml/common/ZipperUtil.class
Copying net/minecraftforge/fml/common/discovery/asm/ASMModParser$AnnotationType.class
Copying net/minecraftforge/fml/common/LoaderState$ModState.class
Copying net/minecraftforge/fml/common/ClassNameUtils.class
Copying net/minecraftforge/fml/relauncher/CoreModManager$FMLPluginWrapper.class
Copying net/minecraftforge/client/event/GuiScreenEvent$MouseInputEvent$Post.class
Copying net/minecraftforge/event/terraingen/DeferredBiomeDecorator.class
Copying net/minecraftforge/client/model/IModelPart.class
Copying net/minecraftforge/client/event/RenderPlayerEvent$Specials$Pre.class
Copying net/minecraftforge/fml/common/launcher/FMLInjectionAndSortingTweaker.class
Copying net/minecraftforge/oredict/RecipeSorter$1.class
Copying net/minecraftforge/fml/common/event/FMLServerAboutToStartEvent.class
Copying net/minecraftforge/fml/relauncher/ReflectionHelper$UnableToFindMethodException.class
Copying net/minecraftforge/event/entity/living/LivingExperienceDropEvent.class
Copying net/minecraftforge/common/FishingHooks.class
Copying net/minecraftforge/client/event/GuiScreenEvent$ActionPerformedEvent$Pre.class
Copying net/minecraftforge/fml/common/launcher/Yggdrasil.class
Copying net/minecraftforge/common/util/FakePlayerFactory.class
Copying net/minecraftforge/fml/common/Mod$EventHandler.class
Copying net/minecraftforge/event/terraingen/ChunkProviderEvent.class
Copying net/minecraftforge/client/model/ForgeBlockStateV1.class
Copying net/minecraftforge/fml/common/network/internal/EntitySpawnHandler.class
Copying net/minecraftforge/common/util/JsonUtils$ImmutableMapTypeAdapter.class
Copying net/minecraftforge/common/ChestGenHooks.class
Copying net/minecraftforge/fml/common/asm/ASMTransformerWrapper.class
Copying net/minecraftforge/event/entity/player/PlayerUseItemEvent$Start.class
Copying net/minecraftforge/event/world/NoteBlockEvent$Instrument.class
Copying net/minecraftforge/fluids/FluidUtil.class
Copying net/minecraftforge/fml/common/registry/VillagerRegistry$VillagerCareer.class
Copying net/minecraftforge/client/model/b3d/B3DModel$Pivot.class
Copying net/minecraftforge/client/model/animation/TimeValues$CommonTimeValueTypeAdapterFactory.class
Copying net/minecraftforge/client/model/ModelFluid$BakedFluid.class
Copying net/minecraftforge/fml/client/GuiOldSaveLoadConfirm.class
Copying net/minecraftforge/client/model/animation/Animation$ParameterResolver.class
Processing net/minecraft/world/biome/BiomeGenHills$1.class
Processed 239 -> 239
Copying net/minecraftforge/fml/common/IFuelHandler.class
Copying net/minecraftforge/common/network/ForgeRuntimeCodec.class
Copying net/minecraftforge/event/entity/player/ItemTooltipEvent.class
Copying net/minecraftforge/event/entity/living/LivingSpawnEvent.class
Copying net/minecraftforge/client/model/animation/AnimationStateMachine.class
Copying net/minecraftforge/client/event/sound/PlaySoundSourceEvent.class
Copying net/minecraftforge/fml/common/registry/EntityRegistry.class
Copying net/minecraftforge/fml/common/event/FMLModIdMappingEvent$RemapTarget.class
Copying net/minecraftforge/common/IPlantable.class
Copying net/minecraftforge/client/event/RenderLivingEvent$Post.class
Copying net/minecraftforge/fml/common/API.class
Copying net/minecraftforge/client/model/obj/OBJModel$Texture.class
Copying net/minecraftforge/fml/common/network/handshake/FMLHandshakeServerState$4.class
Copying net/minecraftforge/event/entity/living/LivingPackSizeEvent.class
Copying net/minecraftforge/client/model/animation/IEventHandler.class
Copying net/minecraftforge/fml/client/config/GuiEditArrayEntries$IArrayEntry.class
Copying net/minecraftforge/event/terraingen/OreGenEvent.class
Copying net/minecraftforge/fml/common/StartupQuery$AbortedException.class
Copying net/minecraftforge/oredict/OreDictionary.class
Copying net/minecraftforge/fml/common/event/FMLPostInitializationEvent$1.class
Copying net/minecraftforge/common/brewing/BrewingOreRecipe.class
Copying ibxm/Module.class
Copying net/minecraftforge/fml/client/GuiSortingProblem.class
Copying net/minecraftforge/fml/common/gameevent/PlayerEvent$ItemSmeltedEvent.class
Copying net/minecraftforge/fluids/FluidEvent$FluidSpilledEvent.class
Copying net/minecraftforge/fml/relauncher/IFMLLoadingPlugin$TransformerExclusions.class
Copying net/minecraftforge/common/network/DimensionMessageHandler.class
Copying net/minecraftforge/common/MinecraftForge.class
Copying net/minecraftforge/fml/common/Mod.class
Copying net/minecraftforge/fml/client/GuiConfirmation.class
Processing net/minecraft/init/Bootstrap$5$1.class
Processed 1591 -> 1656
Copying net/minecraftforge/fml/common/registry/PersistentRegistryManager.class
Copying net/minecraftforge/fml/common/network/ByteBufUtils.class
Copying net/minecraftforge/fml/client/config/GuiEditArrayEntries.class
Copying assets/fml/textures/gui/forge.gif
Copying assets/fml/textures/gui/forge.png
Copying assets/fml/textures/gui/icons.png
Copying assets/forge/blockstates/dynbucket.json
Copying assets/forge/lang/README.txt
Copying assets/forge/lang/en_US.lang
Copying assets/forge/models/item/bucket.json
Copying assets/forge/models/item/bucket_milk.json
Copying assets/forge/textures/items/bucket_base.png
Copying assets/forge/textures/items/bucket_cover.png
Copying assets/forge/textures/items/bucket_fluid.png
Copying forge.exc
Copying forge.srg
Copying forge_at.cfg
Copying forge_logo.png
Copying lgpl-3.0.txt
Copying log4j2_server.xml
Copying mcplogo.png
Copying mcpmod.info
Processed E:\Codex_work\QiZhangVerdict\platforms\1.8.9\forge\build\tmp\deobfMcMCP\deobfed.jar
:forge:deobfMcMCP (Thread[Daemon worker,5,main]) completed. Took 10.057 secs.
:forge:setupCiWorkspace (Thread[Daemon worker,5,main]) started.
:forge:setupCiWorkspace
Skipping task ':forge:setupCiWorkspace' as it has no actions.
:forge:setupCiWorkspace (Thread[Daemon worker,5,main]) completed. Took 0.001 secs.
:generateLegacySources (Thread[Daemon worker,5,main]) started.
:generateLegacySources
Executing task ':generateLegacySources' (up-to-date check took 0.017 secs) due to:
  No history is available.
:generateLegacySources (Thread[Daemon worker,5,main]) completed. Took 0.081 secs.
:forge:sourceApiJava (Thread[Daemon worker,5,main]) started.
:forge:sourceApiJava
file or directory 'E:\Codex_work\QiZhangVerdict\platforms\1.8.9\forge\src\api\java', not found
Executing task ':forge:sourceApiJava' (up-to-date check took 0.003 secs) due to:
  No history is available.
:forge:sourceApiJava (Thread[Daemon worker,5,main]) completed. Took 0.017 secs.
:forge:compileApiJava (Thread[Daemon worker,5,main]) started.
:forge:compileApiJava
Skipping task ':forge:compileApiJava' as it has no source files.
:forge:compileApiJava UP-TO-DATE
:forge:compileApiJava (Thread[Daemon worker,5,main]) completed. Took 0.002 secs.
:forge:processApiResources (Thread[Daemon worker,5,main]) started.
:forge:processApiResources
file or directory 'E:\Codex_work\QiZhangVerdict\platforms\1.8.9\forge\src\api\resources', not found
Skipping task ':forge:processApiResources' as it has no source files.
:forge:processApiResources UP-TO-DATE
:forge:processApiResources (Thread[Daemon worker,5,main]) completed. Took 0.003 secs.
:forge:apiClasses (Thread[Daemon worker,5,main]) started.
:forge:apiClasses
Skipping task ':forge:apiClasses' as it has no actions.
:forge:apiClasses UP-TO-DATE
:forge:apiClasses (Thread[Daemon worker,5,main]) completed. Took 0.0 secs.
:forge:sourceMainJava (Thread[Daemon worker,5,main]) started.
:forge:sourceMainJava
Executing task ':forge:sourceMainJava' (up-to-date check took 0.042 secs) due to:
  No history is available.
:forge:sourceMainJava (Thread[Daemon worker,5,main]) completed. Took 0.138 secs.
:forge:compileJava (Thread[Daemon worker,5,main]) started.
:forge:compileJava
file or directory 'E:\Codex_work\QiZhangVerdict\platforms\1.8.9\forge\libs', not found
Resource missing. [HTTP GET: https://maven.minecraftforge.net/net/minecraftforge/forgeBin/1.8.9-11.15.1.2318-1.8.9/forgeBin-1.8.9-11.15.1.2318-1.8.9.pom]
Resource missing. [HTTP HEAD: https://maven.minecraftforge.net/net/minecraftforge/forgeBin/1.8.9-11.15.1.2318-1.8.9/forgeBin-1.8.9-11.15.1.2318-1.8.9.jar]
Resource missing. [HTTP GET: https://repo1.maven.org/maven2/net/minecraftforge/forgeBin/1.8.9-11.15.1.2318-1.8.9/forgeBin-1.8.9-11.15.1.2318-1.8.9.pom]
Resource missing. [HTTP HEAD: https://repo1.maven.org/maven2/net/minecraftforge/forgeBin/1.8.9-11.15.1.2318-1.8.9/forgeBin-1.8.9-11.15.1.2318-1.8.9.jar]
Resource missing. [HTTP GET: https://libraries.minecraft.net/net/minecraftforge/forgeBin/1.8.9-11.15.1.2318-1.8.9/forgeBin-1.8.9-11.15.1.2318-1.8.9.pom]
Resource missing. [HTTP HEAD: https://libraries.minecraft.net/net/minecraftforge/forgeBin/1.8.9-11.15.1.2318-1.8.9/forgeBin-1.8.9-11.15.1.2318-1.8.9.jar]
Resource missing. [HTTP GET: https://maven.minecraftforge.net/com/mojang/netty/1.8.8/netty-1.8.8.pom]
Resource missing. [HTTP HEAD: https://maven.minecraftforge.net/com/mojang/netty/1.8.8/netty-1.8.8.jar]
Resource missing. [HTTP GET: https://repo1.maven.org/maven2/com/mojang/netty/1.8.8/netty-1.8.8.pom]
Resource missing. [HTTP HEAD: https://repo1.maven.org/maven2/com/mojang/netty/1.8.8/netty-1.8.8.jar]
Download https://libraries.minecraft.net/com/mojang/netty/1.8.8/netty-1.8.8.pom
Resource missing. [HTTP GET: https://maven.minecraftforge.net/oshi-project/oshi-core/1.1/oshi-core-1.1.pom]
Resource missing. [HTTP HEAD: https://maven.minecraftforge.net/oshi-project/oshi-core/1.1/oshi-core-1.1.jar]
Resource missing. [HTTP GET: https://repo1.maven.org/maven2/oshi-project/oshi-core/1.1/oshi-core-1.1.pom]
Resource missing. [HTTP HEAD: https://repo1.maven.org/maven2/oshi-project/oshi-core/1.1/oshi-core-1.1.jar]
Download https://libraries.minecraft.net/oshi-project/oshi-core/1.1/oshi-core-1.1.pom
Download https://maven.minecraftforge.net/net/java/dev/jna/jna/3.4.0/jna-3.4.0.pom
Download https://maven.minecraftforge.net/net/java/dev/jna/platform/3.4.0/platform-3.4.0.pom
Resource missing. [HTTP GET: https://maven.minecraftforge.net/com/ibm/icu/icu4j-core-mojang/51.2/icu4j-core-mojang-51.2.pom]
Resource missing. [HTTP HEAD: https://maven.minecraftforge.net/com/ibm/icu/icu4j-core-mojang/51.2/icu4j-core-mojang-51.2.jar]
Resource missing. [HTTP GET: https://repo1.maven.org/maven2/com/ibm/icu/icu4j-core-mojang/51.2/icu4j-core-mojang-51.2.pom]
Resource missing. [HTTP HEAD: https://repo1.maven.org/maven2/com/ibm/icu/icu4j-core-mojang/51.2/icu4j-core-mojang-51.2.jar]
Download https://libraries.minecraft.net/com/ibm/icu/icu4j-core-mojang/51.2/icu4j-core-mojang-51.2.pom
Download https://maven.minecraftforge.net/net/sf/jopt-simple/jopt-simple/4.6/jopt-simple-4.6.pom
Download https://maven.minecraftforge.net/io/netty/netty-all/4.0.23.Final/netty-all-4.0.23.Final.pom
Download https://maven.minecraftforge.net/io/netty/netty-parent/4.0.23.Final/netty-parent-4.0.23.Final.pom
Found locally available resource with matching checksum: [https://maven.minecraftforge.net/org/sonatype/oss/oss-parent/9/oss-parent-9.pom, C:\Users\Q1666\.m2\repository\org\sonatype\oss\oss-parent\9\oss-parent-9.pom]
Download https://maven.minecraftforge.net/com/google/guava/guava/17.0/guava-17.0.pom
Download https://maven.minecraftforge.net/com/google/guava/guava-parent/17.0/guava-parent-17.0.pom
Download https://maven.minecraftforge.net/org/apache/commons/commons-lang3/3.3.2/commons-lang3-3.3.2.pom
Download https://maven.minecraftforge.net/org/apache/commons/commons-parent/33/commons-parent-33.pom
Found locally available resource with matching checksum: [https://maven.minecraftforge.net/commons-io/commons-io/2.4/commons-io-2.4.pom, C:\Users\Q1666\.m2\repository\commons-io\commons-io\2.4\commons-io-2.4.pom]
Found locally available resource with matching checksum: [https://maven.minecraftforge.net/org/apache/commons/commons-parent/25/commons-parent-25.pom, C:\Users\Q1666\.m2\repository\org\apache\commons\commons-parent\25\commons-parent-25.pom]
Download https://maven.minecraftforge.net/commons-codec/commons-codec/1.9/commons-codec-1.9.pom
Download https://maven.minecraftforge.net/org/apache/commons/commons-parent/32/commons-parent-32.pom
Download https://maven.minecraftforge.net/net/java/jutils/jutils/1.0.0/jutils-1.0.0.pom
Resource missing. [HTTP GET: https://maven.minecraftforge.net/com/mojang/authlib/1.5.21/authlib-1.5.21.pom]
Resource missing. [HTTP HEAD: https://maven.minecraftforge.net/com/mojang/authlib/1.5.21/authlib-1.5.21.jar]
Resource missing. [HTTP GET: https://repo1.maven.org/maven2/com/mojang/authlib/1.5.21/authlib-1.5.21.pom]
Resource missing. [HTTP HEAD: https://repo1.maven.org/maven2/com/mojang/authlib/1.5.21/authlib-1.5.21.jar]
Download https://libraries.minecraft.net/com/mojang/authlib/1.5.21/authlib-1.5.21.pom
Resource missing. [HTTP GET: https://maven.minecraftforge.net/com/mojang/realms/1.7.59/realms-1.7.59.pom]
Resource missing. [HTTP HEAD: https://maven.minecraftforge.net/com/mojang/realms/1.7.59/realms-1.7.59.jar]
Resource missing. [HTTP GET: https://repo1.maven.org/maven2/com/mojang/realms/1.7.59/realms-1.7.59.pom]
Resource missing. [HTTP HEAD: https://repo1.maven.org/maven2/com/mojang/realms/1.7.59/realms-1.7.59.jar]
Download https://libraries.minecraft.net/com/mojang/realms/1.7.59/realms-1.7.59.pom
Download https://maven.minecraftforge.net/org/apache/commons/commons-compress/1.8.1/commons-compress-1.8.1.pom
Download https://maven.minecraftforge.net/org/apache/logging/log4j/log4j-api/2.0-beta9/log4j-api-2.0-beta9.pom
Download https://maven.minecraftforge.net/org/apache/logging/log4j/log4j/2.0-beta9/log4j-2.0-beta9.pom
Download https://maven.minecraftforge.net/org/apache/logging/log4j/log4j-core/2.0-beta9/log4j-core-2.0-beta9.pom
Resource missing. [HTTP GET: https://maven.minecraftforge.net/net/minecraft/launchwrapper/1.12/launchwrapper-1.12.pom]
Resource missing. [HTTP HEAD: https://maven.minecraftforge.net/net/minecraft/launchwrapper/1.12/launchwrapper-1.12.jar]
Resource missing. [HTTP GET: https://repo1.maven.org/maven2/net/minecraft/launchwrapper/1.12/launchwrapper-1.12.pom]
Resource missing. [HTTP HEAD: https://repo1.maven.org/maven2/net/minecraft/launchwrapper/1.12/launchwrapper-1.12.jar]
Download https://libraries.minecraft.net/net/minecraft/launchwrapper/1.12/launchwrapper-1.12.pom
Download https://maven.minecraftforge.net/jline/jline/2.13/jline-2.13.pom
Found locally available resource with matching checksum: [https://maven.minecraftforge.net/com/google/code/findbugs/jsr305/1.3.9/jsr305-1.3.9.pom, C:\Users\Q1666\.m2\repository\com\google\code\findbugs\jsr305\1.3.9\jsr305-1.3.9.pom]
Download https://maven.minecraftforge.net/com/typesafe/akka/akka-actor_2.11/2.3.3/akka-actor_2.11-2.3.3.pom
Download https://maven.minecraftforge.net/com/typesafe/config/1.2.1/config-1.2.1.pom
Download https://maven.minecraftforge.net/org/scala-lang/scala-actors-migration_2.11/1.1.0/scala-actors-migration_2.11-1.1.0.pom
Download https://maven.minecraftforge.net/org/scala-lang/scala-compiler/2.11.1/scala-compiler-2.11.1.pom
Download https://maven.minecraftforge.net/org/scala-lang/plugins/scala-continuations-library_2.11/1.0.2/scala-continuations-library_2.11-1.0.2.pom
Download https://maven.minecraftforge.net/org/scala-lang/plugins/scala-continuations-plugin_2.11.1/1.0.2/scala-continuations-plugin_2.11.1-1.0.2.pom
Download https://maven.minecraftforge.net/org/scala-lang/scala-library/2.11.1/scala-library-2.11.1.pom
Download https://maven.minecraftforge.net/org/scala-lang/modules/scala-parser-combinators_2.11/1.0.1/scala-parser-combinators_2.11-1.0.1.pom
Download https://maven.minecraftforge.net/org/scala-lang/scala-reflect/2.11.1/scala-reflect-2.11.1.pom
Download https://maven.minecraftforge.net/org/scala-lang/modules/scala-swing_2.11/1.0.1/scala-swing_2.11-1.0.1.pom
Download https://maven.minecraftforge.net/org/scala-lang/modules/scala-xml_2.11/1.0.2/scala-xml_2.11-1.0.2.pom
Resource missing. [HTTP GET: https://maven.minecraftforge.net/lzma/lzma/0.0.1/lzma-0.0.1.pom]
Resource missing. [HTTP HEAD: https://maven.minecraftforge.net/lzma/lzma/0.0.1/lzma-0.0.1.jar]
Resource missing. [HTTP GET: https://repo1.maven.org/maven2/lzma/lzma/0.0.1/lzma-0.0.1.pom]
Resource missing. [HTTP HEAD: https://repo1.maven.org/maven2/lzma/lzma/0.0.1/lzma-0.0.1.jar]
Download https://libraries.minecraft.net/lzma/lzma/0.0.1/lzma-0.0.1.pom
Download https://maven.minecraftforge.net/net/sf/trove4j/trove4j/3.0.3/trove4j-3.0.3.pom
Resource missing. [HTTP GET: https://maven.minecraftforge.net/com/paulscode/codecjorbis/20101023/codecjorbis-20101023.pom]
Resource missing. [HTTP HEAD: https://maven.minecraftforge.net/com/paulscode/codecjorbis/20101023/codecjorbis-20101023.jar]
Resource missing. [HTTP GET: https://repo1.maven.org/maven2/com/paulscode/codecjorbis/20101023/codecjorbis-20101023.pom]
Resource missing. [HTTP HEAD: https://repo1.maven.org/maven2/com/paulscode/codecjorbis/20101023/codecjorbis-20101023.jar]
Download https://libraries.minecraft.net/com/paulscode/codecjorbis/20101023/codecjorbis-20101023.pom
Resource missing. [HTTP GET: https://maven.minecraftforge.net/com/paulscode/codecwav/20101023/codecwav-20101023.pom]
Resource missing. [HTTP HEAD: https://maven.minecraftforge.net/com/paulscode/codecwav/20101023/codecwav-20101023.jar]
Resource missing. [HTTP GET: https://repo1.maven.org/maven2/com/paulscode/codecwav/20101023/codecwav-20101023.pom]
Resource missing. [HTTP HEAD: https://repo1.maven.org/maven2/com/paulscode/codecwav/20101023/codecwav-20101023.jar]
Download https://libraries.minecraft.net/com/paulscode/codecwav/20101023/codecwav-20101023.pom
Resource missing. [HTTP GET: https://maven.minecraftforge.net/com/paulscode/libraryjavasound/20101123/libraryjavasound-20101123.pom]
Resource missing. [HTTP HEAD: https://maven.minecraftforge.net/com/paulscode/libraryjavasound/20101123/libraryjavasound-20101123.jar]
Resource missing. [HTTP GET: https://repo1.maven.org/maven2/com/paulscode/libraryjavasound/20101123/libraryjavasound-20101123.pom]
Resource missing. [HTTP HEAD: https://repo1.maven.org/maven2/com/paulscode/libraryjavasound/20101123/libraryjavasound-20101123.jar]
Download https://libraries.minecraft.net/com/paulscode/libraryjavasound/20101123/libraryjavasound-20101123.pom
Resource missing. [HTTP GET: https://maven.minecraftforge.net/com/paulscode/librarylwjglopenal/20100824/librarylwjglopenal-20100824.pom]
Resource missing. [HTTP HEAD: https://maven.minecraftforge.net/com/paulscode/librarylwjglopenal/20100824/librarylwjglopenal-20100824.jar]
Resource missing. [HTTP GET: https://repo1.maven.org/maven2/com/paulscode/librarylwjglopenal/20100824/librarylwjglopenal-20100824.pom]
Resource missing. [HTTP HEAD: https://repo1.maven.org/maven2/com/paulscode/librarylwjglopenal/20100824/librarylwjglopenal-20100824.jar]
Download https://libraries.minecraft.net/com/paulscode/librarylwjglopenal/20100824/librarylwjglopenal-20100824.pom
Resource missing. [HTTP GET: https://maven.minecraftforge.net/com/paulscode/soundsystem/20120107/soundsystem-20120107.pom]
Resource missing. [HTTP HEAD: https://maven.minecraftforge.net/com/paulscode/soundsystem/20120107/soundsystem-20120107.jar]
Resource missing. [HTTP GET: https://repo1.maven.org/maven2/com/paulscode/soundsystem/20120107/soundsystem-20120107.pom]
Resource missing. [HTTP HEAD: https://repo1.maven.org/maven2/com/paulscode/soundsystem/20120107/soundsystem-20120107.jar]
Download https://libraries.minecraft.net/com/paulscode/soundsystem/20120107/soundsystem-20120107.pom
Download https://maven.minecraftforge.net/net/java/jinput/jinput/2.0.5/jinput-2.0.5.pom
Resource missing. [HTTP GET: https://maven.minecraftforge.net/org/lwjgl/lwjgl/lwjgl/2.9.4-nightly-20150209/lwjgl-2.9.4-nightly-20150209.pom]
Resource missing. [HTTP HEAD: https://maven.minecraftforge.net/org/lwjgl/lwjgl/lwjgl/2.9.4-nightly-20150209/lwjgl-2.9.4-nightly-20150209.jar]
Resource missing. [HTTP GET: https://repo1.maven.org/maven2/org/lwjgl/lwjgl/lwjgl/2.9.4-nightly-20150209/lwjgl-2.9.4-nightly-20150209.pom]
Resource missing. [HTTP HEAD: https://repo1.maven.org/maven2/org/lwjgl/lwjgl/lwjgl/2.9.4-nightly-20150209/lwjgl-2.9.4-nightly-20150209.jar]
Download https://libraries.minecraft.net/org/lwjgl/lwjgl/lwjgl/2.9.4-nightly-20150209/lwjgl-2.9.4-nightly-20150209.pom
Resource missing. [HTTP GET: https://maven.minecraftforge.net/org/lwjgl/lwjgl/parent/2.9.4-nightly-20150209/parent-2.9.4-nightly-20150209.pom]
Resource missing. [HTTP HEAD: https://maven.minecraftforge.net/org/lwjgl/lwjgl/parent/2.9.4-nightly-20150209/parent-2.9.4-nightly-20150209.jar]
Resource missing. [HTTP GET: https://repo1.maven.org/maven2/org/lwjgl/lwjgl/parent/2.9.4-nightly-20150209/parent-2.9.4-nightly-20150209.pom]
Resource missing. [HTTP HEAD: https://repo1.maven.org/maven2/org/lwjgl/lwjgl/parent/2.9.4-nightly-20150209/parent-2.9.4-nightly-20150209.jar]
Download https://libraries.minecraft.net/org/lwjgl/lwjgl/parent/2.9.4-nightly-20150209/parent-2.9.4-nightly-20150209.pom
Resource missing. [HTTP GET: https://maven.minecraftforge.net/org/lwjgl/lwjgl/lwjgl_util/2.9.4-nightly-20150209/lwjgl_util-2.9.4-nightly-20150209.pom]
Resource missing. [HTTP HEAD: https://maven.minecraftforge.net/org/lwjgl/lwjgl/lwjgl_util/2.9.4-nightly-20150209/lwjgl_util-2.9.4-nightly-20150209.jar]
Resource missing. [HTTP GET: https://repo1.maven.org/maven2/org/lwjgl/lwjgl/lwjgl_util/2.9.4-nightly-20150209/lwjgl_util-2.9.4-nightly-20150209.pom]
Resource missing. [HTTP HEAD: https://repo1.maven.org/maven2/org/lwjgl/lwjgl/lwjgl_util/2.9.4-nightly-20150209/lwjgl_util-2.9.4-nightly-20150209.jar]
Download https://libraries.minecraft.net/org/lwjgl/lwjgl/lwjgl_util/2.9.4-nightly-20150209/lwjgl_util-2.9.4-nightly-20150209.pom
Resource missing. [HTTP GET: https://maven.minecraftforge.net/tv/twitch/twitch/6.5/twitch-6.5.pom]
Resource missing. [HTTP HEAD: https://maven.minecraftforge.net/tv/twitch/twitch/6.5/twitch-6.5.jar]
Resource missing. [HTTP GET: https://repo1.maven.org/maven2/tv/twitch/twitch/6.5/twitch-6.5.pom]
Resource missing. [HTTP HEAD: https://repo1.maven.org/maven2/tv/twitch/twitch/6.5/twitch-6.5.jar]
Download https://libraries.minecraft.net/tv/twitch/twitch/6.5/twitch-6.5.pom
Resource missing. [HTTP GET: https://maven.minecraftforge.net/java3d/vecmath/1.5.2/vecmath-1.5.2.pom]
Resource missing. [HTTP HEAD: https://maven.minecraftforge.net/java3d/vecmath/1.5.2/vecmath-1.5.2.jar]
Resource missing. [HTTP GET: https://repo1.maven.org/maven2/java3d/vecmath/1.5.2/vecmath-1.5.2.pom]
Resource missing. [HTTP HEAD: https://repo1.maven.org/maven2/java3d/vecmath/1.5.2/vecmath-1.5.2.jar]
Download https://libraries.minecraft.net/java3d/vecmath/1.5.2/vecmath-1.5.2.pom
Download https://maven.minecraftforge.net/org/fusesource/jansi/jansi/1.11/jansi-1.11.pom
Download https://maven.minecraftforge.net/org/fusesource/jansi/jansi-project/1.11/jansi-project-1.11.pom
Download https://maven.minecraftforge.net/org/fusesource/fusesource-pom/1.8/fusesource-pom-1.8.pom
Download https://maven.minecraftforge.net/org/scala-lang/scala-actors/2.11.0/scala-actors-2.11.0.pom
Download https://maven.minecraftforge.net/net/java/jinput/jinput-platform/2.0.5/jinput-platform-2.0.5.pom
Resource missing. [HTTP GET: https://maven.minecraftforge.net/tv/twitch/twitch-platform/6.5/twitch-platform-6.5.pom]
Resource missing. [HTTP HEAD: https://maven.minecraftforge.net/tv/twitch/twitch-platform/6.5/twitch-platform-6.5-natives-windows-32.jar]
Resource missing. [HTTP GET: https://repo1.maven.org/maven2/tv/twitch/twitch-platform/6.5/twitch-platform-6.5.pom]
Resource missing. [HTTP HEAD: https://repo1.maven.org/maven2/tv/twitch/twitch-platform/6.5/twitch-platform-6.5-natives-windows-32.jar]
Download https://libraries.minecraft.net/tv/twitch/twitch-platform/6.5/twitch-platform-6.5.pom
Resource missing. [HTTP GET: https://maven.minecraftforge.net/tv/twitch/twitch-external-platform/4.5/twitch-external-platform-4.5.pom]
Resource missing. [HTTP HEAD: https://maven.minecraftforge.net/tv/twitch/twitch-external-platform/4.5/twitch-external-platform-4.5-natives-windows-32.jar]
Resource missing. [HTTP GET: https://repo1.maven.org/maven2/tv/twitch/twitch-external-platform/4.5/twitch-external-platform-4.5.pom]
Resource missing. [HTTP HEAD: https://repo1.maven.org/maven2/tv/twitch/twitch-external-platform/4.5/twitch-external-platform-4.5-natives-windows-32.jar]
Download https://libraries.minecraft.net/tv/twitch/twitch-external-platform/4.5/twitch-external-platform-4.5.pom
Found locally available resource with matching checksum: [https://maven.minecraftforge.net/com/google/code/findbugs/jsr305/2.0.1/jsr305-2.0.1.pom, C:\Users\Q1666\.m2\repository\com\google\code\findbugs\jsr305\2.0.1\jsr305-2.0.1.pom]
Resource missing. [HTTP GET: https://maven.minecraftforge.net/org/lwjgl/lwjgl/lwjgl-platform/2.9.4-nightly-20150209/lwjgl-platform-2.9.4-nightly-20150209.pom]
Resource missing. [HTTP HEAD: https://maven.minecraftforge.net/org/lwjgl/lwjgl/lwjgl-platform/2.9.4-nightly-20150209/lwjgl-platform-2.9.4-nightly-20150209-natives-windows.jar]
Resource missing. [HTTP GET: https://repo1.maven.org/maven2/org/lwjgl/lwjgl/lwjgl-platform/2.9.4-nightly-20150209/lwjgl-platform-2.9.4-nightly-20150209.pom]
Resource missing. [HTTP HEAD: https://repo1.maven.org/maven2/org/lwjgl/lwjgl/lwjgl-platform/2.9.4-nightly-20150209/lwjgl-platform-2.9.4-nightly-20150209-natives-windows.jar]
Download https://libraries.minecraft.net/org/lwjgl/lwjgl/lwjgl-platform/2.9.4-nightly-20150209/lwjgl-platform-2.9.4-nightly-20150209.pom
Download https://libraries.minecraft.net/com/mojang/netty/1.8.8/netty-1.8.8.jar
Download https://libraries.minecraft.net/oshi-project/oshi-core/1.1/oshi-core-1.1.jar
Download https://maven.minecraftforge.net/net/java/dev/jna/jna/3.4.0/jna-3.4.0.jar
Download https://maven.minecraftforge.net/net/java/dev/jna/platform/3.4.0/platform-3.4.0.jar
Download https://libraries.minecraft.net/com/ibm/icu/icu4j-core-mojang/51.2/icu4j-core-mojang-51.2.jar
Download https://maven.minecraftforge.net/net/sf/jopt-simple/jopt-simple/4.6/jopt-simple-4.6.jar
Download https://maven.minecraftforge.net/io/netty/netty-all/4.0.23.Final/netty-all-4.0.23.Final.jar
Download https://maven.minecraftforge.net/com/google/guava/guava/17.0/guava-17.0.jar
Download https://maven.minecraftforge.net/org/apache/commons/commons-lang3/3.3.2/commons-lang3-3.3.2.jar
Download https://maven.minecraftforge.net/commons-io/commons-io/2.4/commons-io-2.4.jar
Download https://maven.minecraftforge.net/commons-codec/commons-codec/1.9/commons-codec-1.9.jar
Download https://maven.minecraftforge.net/net/java/jutils/jutils/1.0.0/jutils-1.0.0.jar
Download https://libraries.minecraft.net/com/mojang/authlib/1.5.21/authlib-1.5.21.jar
Download https://libraries.minecraft.net/com/mojang/realms/1.7.59/realms-1.7.59.jar
Download https://maven.minecraftforge.net/org/apache/commons/commons-compress/1.8.1/commons-compress-1.8.1.jar
Download https://maven.minecraftforge.net/org/apache/logging/log4j/log4j-api/2.0-beta9/log4j-api-2.0-beta9.jar
Download https://maven.minecraftforge.net/org/apache/logging/log4j/log4j-core/2.0-beta9/log4j-core-2.0-beta9.jar
Download https://libraries.minecraft.net/net/minecraft/launchwrapper/1.12/launchwrapper-1.12.jar
Download https://maven.minecraftforge.net/jline/jline/2.13/jline-2.13.jar
Download https://maven.minecraftforge.net/com/typesafe/akka/akka-actor_2.11/2.3.3/akka-actor_2.11-2.3.3.jar
Download https://maven.minecraftforge.net/com/typesafe/config/1.2.1/config-1.2.1.jar
Download https://maven.minecraftforge.net/org/scala-lang/scala-actors-migration_2.11/1.1.0/scala-actors-migration_2.11-1.1.0.jar
Download https://maven.minecraftforge.net/org/scala-lang/scala-compiler/2.11.1/scala-compiler-2.11.1.jar
Download https://maven.minecraftforge.net/org/scala-lang/plugins/scala-continuations-library_2.11/1.0.2/scala-continuations-library_2.11-1.0.2.jar
Download https://maven.minecraftforge.net/org/scala-lang/plugins/scala-continuations-plugin_2.11.1/1.0.2/scala-continuations-plugin_2.11.1-1.0.2.jar
Download https://maven.minecraftforge.net/org/scala-lang/scala-library/2.11.1/scala-library-2.11.1.jar
Download https://maven.minecraftforge.net/org/scala-lang/modules/scala-parser-combinators_2.11/1.0.1/scala-parser-combinators_2.11-1.0.1.jar
Download https://maven.minecraftforge.net/org/scala-lang/scala-reflect/2.11.1/scala-reflect-2.11.1.jar
Download https://maven.minecraftforge.net/org/scala-lang/modules/scala-swing_2.11/1.0.1/scala-swing_2.11-1.0.1.jar
Download https://maven.minecraftforge.net/org/scala-lang/modules/scala-xml_2.11/1.0.2/scala-xml_2.11-1.0.2.jar
Download https://libraries.minecraft.net/lzma/lzma/0.0.1/lzma-0.0.1.jar
Download https://maven.minecraftforge.net/net/sf/trove4j/trove4j/3.0.3/trove4j-3.0.3.jar
Download https://libraries.minecraft.net/com/paulscode/codecjorbis/20101023/codecjorbis-20101023.jar
Download https://libraries.minecraft.net/com/paulscode/codecwav/20101023/codecwav-20101023.jar
Download https://libraries.minecraft.net/com/paulscode/libraryjavasound/20101123/libraryjavasound-20101123.jar
Download https://libraries.minecraft.net/com/paulscode/librarylwjglopenal/20100824/librarylwjglopenal-20100824.jar
Download https://libraries.minecraft.net/com/paulscode/soundsystem/20120107/soundsystem-20120107.jar
Download https://maven.minecraftforge.net/net/java/jinput/jinput/2.0.5/jinput-2.0.5.jar
Download https://libraries.minecraft.net/org/lwjgl/lwjgl/lwjgl/2.9.4-nightly-20150209/lwjgl-2.9.4-nightly-20150209.jar
Download https://libraries.minecraft.net/org/lwjgl/lwjgl/lwjgl_util/2.9.4-nightly-20150209/lwjgl_util-2.9.4-nightly-20150209.jar
Download https://libraries.minecraft.net/tv/twitch/twitch/6.5/twitch-6.5.jar
Download https://libraries.minecraft.net/java3d/vecmath/1.5.2/vecmath-1.5.2.jar
Download https://maven.minecraftforge.net/org/fusesource/jansi/jansi/1.11/jansi-1.11.jar
Download https://maven.minecraftforge.net/org/scala-lang/scala-actors/2.11.0/scala-actors-2.11.0.jar
Download https://maven.minecraftforge.net/net/java/jinput/jinput-platform/2.0.5/jinput-platform-2.0.5-natives-linux.jar
Download https://maven.minecraftforge.net/net/java/jinput/jinput-platform/2.0.5/jinput-platform-2.0.5-natives-windows.jar
Download https://maven.minecraftforge.net/net/java/jinput/jinput-platform/2.0.5/jinput-platform-2.0.5-natives-osx.jar
Download https://libraries.minecraft.net/tv/twitch/twitch-platform/6.5/twitch-platform-6.5-natives-windows-32.jar
Download https://libraries.minecraft.net/tv/twitch/twitch-platform/6.5/twitch-platform-6.5-natives-windows-64.jar
Download https://libraries.minecraft.net/tv/twitch/twitch-platform/6.5/twitch-platform-6.5-natives-osx.jar
Download https://libraries.minecraft.net/tv/twitch/twitch-external-platform/4.5/twitch-external-platform-4.5-natives-windows-32.jar
Download https://libraries.minecraft.net/tv/twitch/twitch-external-platform/4.5/twitch-external-platform-4.5-natives-windows-64.jar
Found locally available resource with matching checksum: [https://maven.minecraftforge.net/com/google/code/findbugs/jsr305/2.0.1/jsr305-2.0.1.jar, C:\Users\Q1666\.m2\repository\com\google\code\findbugs\jsr305\2.0.1\jsr305-2.0.1.jar]
Download https://libraries.minecraft.net/org/lwjgl/lwjgl/lwjgl-platform/2.9.4-nightly-20150209/lwjgl-platform-2.9.4-nightly-20150209-natives-windows.jar
Download https://libraries.minecraft.net/org/lwjgl/lwjgl/lwjgl-platform/2.9.4-nightly-20150209/lwjgl-platform-2.9.4-nightly-20150209-natives-linux.jar
Download https://libraries.minecraft.net/org/lwjgl/lwjgl/lwjgl-platform/2.9.4-nightly-20150209/lwjgl-platform-2.9.4-nightly-20150209-natives-osx.jar
Executing task ':forge:compileJava' (up-to-date check took 1 mins 3.645 secs) due to:
  No history is available.
All input files are considered out-of-date for incremental task ':forge:compileJava'.
file or directory 'E:\Codex_work\QiZhangVerdict\platforms\1.8.9\forge\libs', not found
Compiling with JDK Java compiler API.
:forge:compileJava (Thread[Daemon worker,5,main]) completed. Took 1 mins 5.441 secs.
:forge:processResources (Thread[Daemon worker,5,main]) started.
:forge:processResources
file or directory 'E:\Codex_work\QiZhangVerdict\core\src\main\resources', not found
Executing task ':forge:processResources' (up-to-date check took 0.009 secs) due to:
  No history is available.
file or directory 'E:\Codex_work\QiZhangVerdict\core\src\main\resources', not found
:forge:processResources (Thread[Daemon worker,5,main]) completed. Took 0.085 secs.
:forge:classes (Thread[Daemon worker,5,main]) started.
:forge:classes
Skipping task ':forge:classes' as it has no actions.
:forge:classes (Thread[Daemon worker,5,main]) completed. Took 0.001 secs.
:forge:jar (Thread[Daemon worker,5,main]) started.
:forge:jar
Executing task ':forge:jar' (up-to-date check took 0.039 secs) due to:
  No history is available.
:forge:jar (Thread[Daemon worker,5,main]) completed. Took 0.144 secs.
:forge:sourceTestJava (Thread[Daemon worker,5,main]) started.
:forge:sourceTestJava
Executing task ':forge:sourceTestJava' (up-to-date check took 0.021 secs) due to:
  No history is available.
:forge:sourceTestJava (Thread[Daemon worker,5,main]) completed. Took 0.074 secs.
:forge:compileTestJava (Thread[Daemon worker,5,main]) started.
:forge:compileTestJava
file or directory 'E:\Codex_work\QiZhangVerdict\platforms\1.8.9\forge\libs', not found
Executing task ':forge:compileTestJava' (up-to-date check took 0.102 secs) due to:
  No history is available.
All input files are considered out-of-date for incremental task ':forge:compileTestJava'.
file or directory 'E:\Codex_work\QiZhangVerdict\platforms\1.8.9\forge\libs', not found
Compiling with JDK Java compiler API.
:forge:compileTestJava (Thread[Daemon worker,5,main]) completed. Took 0.909 secs.
:forge:processTestResources (Thread[Daemon worker,5,main]) started.
:forge:processTestResources
file or directory 'E:\Codex_work\QiZhangVerdict\platforms\1.8.9\forge\src\test\resources', not found
Skipping task ':forge:processTestResources' as it has no source files.
:forge:processTestResources UP-TO-DATE
:forge:processTestResources (Thread[Daemon worker,5,main]) completed. Took 0.003 secs.
:forge:testClasses (Thread[Daemon worker,5,main]) started.
:forge:testClasses
Skipping task ':forge:testClasses' as it has no actions.
:forge:testClasses (Thread[Daemon worker,5,main]) completed. Took 0.0 secs.
:forge:test (Thread[Daemon worker,5,main]) started.
:forge:test
file or directory 'E:\Codex_work\QiZhangVerdict\platforms\1.8.9\forge\libs', not found
Executing task ':forge:test' (up-to-date check took 0.104 secs) due to:
  No history is available.
file or directory 'E:\Codex_work\QiZhangVerdict\platforms\1.8.9\forge\libs', not found
Finished generating test XML results (0.001 secs) into: E:\Codex_work\QiZhangVerdict\platforms\1.8.9\forge\build\test-results
Generating HTML test report...
Finished generating test html results (0.025 secs) into: E:\Codex_work\QiZhangVerdict\platforms\1.8.9\forge\build\reports\tests
:forge:test (Thread[Daemon worker,5,main]) completed. Took 0.344 secs.
:forge:reobfJar (Thread[Daemon worker,5,main]) started.
:forge:reobfJar
Executing task ':forge:reobfJar' (up-to-date check took 0.0 secs) due to:
  Task.upToDateWhen is false.
file or directory 'E:\Codex_work\QiZhangVerdict\platforms\1.8.9\forge\libs', not found
:forge:reobfJar (Thread[Daemon worker,5,main]) completed. Took 0.286 secs.
:forge:extractRangemapReplacedMain (Thread[Daemon worker,5,main]) started.
:forge:extractRangemapReplacedMain
file or directory 'E:\Codex_work\QiZhangVerdict\platforms\1.8.9\forge\libs', not found
Executing task ':forge:extractRangemapReplacedMain' (up-to-date check took 0.059 secs) due to:
  No history is available.
E:\Codex_work\QiZhangVerdict\platforms\1.8.9\forge\build\sources\main\java
file or directory 'E:\Codex_work\QiZhangVerdict\platforms\1.8.9\forge\libs', not found
:forge:extractRangemapReplacedMain (Thread[Daemon worker,5,main]) completed. Took 3.142 secs.
:forge:retromapReplacedMain (Thread[Daemon worker,5,main]) started.
:forge:retromapReplacedMain
Executing task ':forge:retromapReplacedMain' (up-to-date check took 0.02 secs) due to:
  No history is available.
remapping source...
:forge:retromapReplacedMain (Thread[Daemon worker,5,main]) completed. Took 0.657 secs.
:forge:sourceJar (Thread[Daemon worker,5,main]) started.
:forge:sourceJar
Executing task ':forge:sourceJar' (up-to-date check took 0.045 secs) due to:
  No history is available.
:forge:sourceJar (Thread[Daemon worker,5,main]) completed. Took 0.08 secs.
:forge:assemble (Thread[Daemon worker,5,main]) started.
:forge:assemble
Skipping task ':forge:assemble' as it has no actions.
:forge:assemble (Thread[Daemon worker,5,main]) completed. Took 0.0 secs.
:forge:boundedIoSmoke (Thread[Daemon worker,5,main]) started.
:forge:boundedIoSmoke
Executing task ':forge:boundedIoSmoke' (up-to-date check took 0.0 secs) due to:
  Task has not declared any outputs.
file or directory 'E:\Codex_work\QiZhangVerdict\platforms\1.8.9\forge\libs', not found
Starting process 'command 'E:\CodexTemp\QiZhangVerdict\toolchains\jdk8\jdk8u504-b01\bin\java.exe''. Working directory: E:\CodexTemp\QiZhangVerdict\legacy-build\1.8.9\runtime\checks Command: E:\CodexTemp\QiZhangVerdict\toolchains\jdk8\jdk8u504-b01\bin\java.exe -Dqzguard.testDir=E:\CodexTemp\QiZhangVerdict\legacy-build\1.8.9\runtime\core-tests -Xmx256m -Dfile.encoding=UTF-8 -Duser.country=CN -Duser.language=zh -Duser.variant -cp E:\Codex_work\QiZhangVerdict\platforms\1.8.9\forge\build\classes\test;E:\Codex_work\QiZhangVerdict\platforms\1.8.9\forge\build\resources\test;E:\Codex_work\QiZhangVerdict\platforms\1.8.9\forge\build\classes\main;E:\Codex_work\QiZhangVerdict\platforms\1.8.9\forge\build\resources\main;E:\CodexTemp\QiZhangVerdict\legacy-build\1.8.9\gradle-user-home\caches\minecraft\deobfedDeps\compileDummy.jar;E:\CodexTemp\QiZhangVerdict\legacy-build\1.8.9\gradle-user-home\caches\minecraft\deobfedDeps\providedDummy.jar;E:\Codex_work\QiZhangVerdict\platforms\1.8.9\forge\build\classes\api;E:\Codex_work\QiZhangVerdict\platforms\1.8.9\forge\build\resources\api;E:\CodexTemp\QiZhangVerdict\legacy-build\1.8.9\gradle-user-home\caches\minecraft\net\minecraftforge\forge\1.8.9-11.15.1.2318-1.8.9\stable\22\forgeBin-1.8.9-11.15.1.2318-1.8.9.jar;E:\CodexTemp\QiZhangVerdict\legacy-build\1.8.9\gradle-user-home\caches\modules-2\files-2.1\com.mojang\netty\1.8.8\a796914d1c8a55b4da9f4a8856dd9623375d8bb\netty-1.8.8.jar;E:\CodexTemp\QiZhangVerdict\legacy-build\1.8.9\gradle-user-home\caches\modules-2\files-2.1\oshi-project\oshi-core\1.1\9ddf7b048a8d701be231c0f4f95fd986198fd2d8\oshi-core-1.1.jar;E:\CodexTemp\QiZhangVerdict\legacy-build\1.8.9\gradle-user-home\caches\modules-2\files-2.1\net.java.dev.jna\jna\3.4.0\803ff252fedbd395baffd43b37341dc4a150a554\jna-3.4.0.jar;E:\CodexTemp\QiZhangVerdict\legacy-build\1.8.9\gradle-user-home\caches\modules-2\files-2.1\net.java.dev.jna\platform\3.4.0\e3f70017be8100d3d6923f50b3d2ee17714e9c13\platform-3.4.0.jar;E:\CodexTemp\QiZhangVerdict\legacy-build\1.8.9\gradle-user-home\caches\modules-2\files-2.1\com.ibm.icu\icu4j-core-mojang\51.2\63d216a9311cca6be337c1e458e587f99d382b84\icu4j-core-mojang-51.2.jar;E:\CodexTemp\QiZhangVerdict\legacy-build\1.8.9\gradle-user-home\caches\modules-2\files-2.1\net.sf.jopt-simple\jopt-simple\4.6\306816fb57cf94f108a43c95731b08934dcae15c\jopt-simple-4.6.jar;E:\CodexTemp\QiZhangVerdict\legacy-build\1.8.9\gradle-user-home\caches\modules-2\files-2.1\io.netty\netty-all\4.0.23.Final\294104aaf1781d6a56a07d561e792c5d0c95f45\netty-all-4.0.23.Final.jar;E:\CodexTemp\QiZhangVerdict\legacy-build\1.8.9\gradle-user-home\caches\modules-2\files-2.1\com.google.guava\guava\17.0\9c6ef172e8de35fd8d4d8783e4821e57cdef7445\guava-17.0.jar;E:\CodexTemp\QiZhangVerdict\legacy-build\1.8.9\gradle-user-home\caches\modules-2\files-2.1\org.apache.commons\commons-lang3\3.3.2\90a3822c38ec8c996e84c16a3477ef632cbc87a3\commons-lang3-3.3.2.jar;E:\CodexTemp\QiZhangVerdict\legacy-build\1.8.9\gradle-user-home\caches\modules-2\files-2.1\commons-io\commons-io\2.4\b1b6ea3b7e4aa4f492509a4952029cd8e48019ad\commons-io-2.4.jar;E:\CodexTemp\QiZhangVerdict\legacy-build\1.8.9\gradle-user-home\caches\modules-2\files-2.1\commons-codec\commons-codec\1.9\9ce04e34240f674bc72680f8b843b1457383161a\commons-codec-1.9.jar;E:\CodexTemp\QiZhangVerdict\legacy-build\1.8.9\gradle-user-home\caches\modules-2\files-2.1\net.java.jutils\jutils\1.0.0\e12fe1fda814bd348c1579329c86943d2cd3c6a6\jutils-1.0.0.jar;E:\CodexTemp\QiZhangVerdict\legacy-build\1.8.9\gradle-user-home\caches\modules-2\files-2.1\com.google.code.gson\gson\2.2.4\a60a5e993c98c864010053cb901b7eab25306568\gson-2.2.4.jar;E:\CodexTemp\QiZhangVerdict\legacy-build\1.8.9\gradle-user-home\caches\modules-2\files-2.1\com.mojang\authlib\1.5.21\aefba0d5b53fbcb70860bc8046ab95d5854c07a5\authlib-1.5.21.jar;E:\CodexTemp\QiZhangVerdict\legacy-build\1.8.9\gradle-user-home\caches\modules-2\files-2.1\com.mojang\realms\1.7.59\9c6c59b742d8e038a15f64c1aa273a893a658424\realms-1.7.59.jar;E:\CodexTemp\QiZhangVerdict\legacy-build\1.8.9\gradle-user-home\caches\modules-2\files-2.1\org.apache.commons\commons-compress\1.8.1\a698750c16740fd5b3871425f4cb3bbaa87f529d\commons-compress-1.8.1.jar;E:\CodexTemp\QiZhangVerdict\legacy-build\1.8.9\gradle-user-home\caches\modules-2\files-2.1\org.apache.httpcomponents\httpclient\4.3.3\18f4247ff4572a074444572cee34647c43e7c9c7\httpclient-4.3.3.jar;E:\CodexTemp\QiZhangVerdict\legacy-build\1.8.9\gradle-user-home\caches\modules-2\files-2.1\commons-logging\commons-logging\1.1.3\f6f66e966c70a83ffbdb6f17a0919eaf7c8aca7f\commons-logging-1.1.3.jar;E:\CodexTemp\QiZhangVerdict\legacy-build\1.8.9\gradle-user-home\caches\modules-2\files-2.1\org.apache.httpcomponents\httpcore\4.3.2\31fbbff1ddbf98f3aa7377c94d33b0447c646b6e\httpcore-4.3.2.jar;E:\CodexTemp\QiZhangVerdict\legacy-build\1.8.9\gradle-user-home\caches\modules-2\files-2.1\org.apache.logging.log4j\log4j-api\2.0-beta9\1dd66e68cccd907880229f9e2de1314bd13ff785\log4j-api-2.0-beta9.jar;E:\CodexTemp\QiZhangVerdict\legacy-build\1.8.9\gradle-user-home\caches\modules-2\files-2.1\org.apache.logging.log4j\log4j-core\2.0-beta9\678861ba1b2e1fccb594bb0ca03114bb05da9695\log4j-core-2.0-beta9.jar;E:\CodexTemp\QiZhangVerdict\legacy-build\1.8.9\gradle-user-home\caches\modules-2\files-2.1\net.minecraft\launchwrapper\1.12\111e7bea9c968cdb3d06ef4632bf7ff0824d0f36\launchwrapper-1.12.jar;E:\CodexTemp\QiZhangVerdict\legacy-build\1.8.9\gradle-user-home\caches\modules-2\files-2.1\jline\jline\2.13\2d9530d0a25daffaffda7c35037b046b627bb171\jline-2.13.jar;E:\CodexTemp\QiZhangVerdict\legacy-build\1.8.9\gradle-user-home\caches\modules-2\files-2.1\org.ow2.asm\asm-debug-all\5.0.3\f9e364ae2a66ce2a543012a4668856e84e5dab74\asm-debug-all-5.0.3.jar;E:\CodexTemp\QiZhangVerdict\legacy-build\1.8.9\gradle-user-home\caches\modules-2\files-2.1\com.typesafe.akka\akka-actor_2.11\2.3.3\ed62e9fc709ca0f2ff1a3220daa8b70a2870078e\akka-actor_2.11-2.3.3.jar;E:\CodexTemp\QiZhangVerdict\legacy-build\1.8.9\gradle-user-home\caches\modules-2\files-2.1\com.typesafe\config\1.2.1\f771f71fdae3df231bcd54d5ca2d57f0bf93f467\config-1.2.1.jar;E:\CodexTemp\QiZhangVerdict\legacy-build\1.8.9\gradle-user-home\caches\modules-2\files-2.1\org.scala-lang\scala-actors-migration_2.11\1.1.0\dfa8bc42b181d5b9f1a5dd147f8ae308b893eb6f\scala-actors-migration_2.11-1.1.0.jar;E:\CodexTemp\QiZhangVerdict\legacy-build\1.8.9\gradle-user-home\caches\modules-2\files-2.1\org.scala-lang\scala-compiler\2.11.1\56ea2e6c025e0821f28d73ca271218b8dd04926a\scala-compiler-2.11.1.jar;E:\CodexTemp\QiZhangVerdict\legacy-build\1.8.9\gradle-user-home\caches\modules-2\files-2.1\org.scala-lang.plugins\scala-continuations-library_2.11\1.0.2\e517c53a7e9acd6b1668c5a35eccbaa3bab9aac\scala-continuations-library_2.11-1.0.2.jar;E:\CodexTemp\QiZhangVerdict\legacy-build\1.8.9\gradle-user-home\caches\modules-2\files-2.1\org.scala-lang.plugins\scala-continuations-plugin_2.11.1\1.0.2\f361a3283452c57fa30c1ee69448995de23c60f7\scala-continuations-plugin_2.11.1-1.0.2.jar;E:\CodexTemp\QiZhangVerdict\legacy-build\1.8.9\gradle-user-home\caches\modules-2\files-2.1\org.scala-lang\scala-library\2.11.1\e11da23da3eabab9f4777b9220e60d44c1aab6a\scala-library-2.11.1.jar;E:\CodexTemp\QiZhangVerdict\legacy-build\1.8.9\gradle-user-home\caches\modules-2\files-2.1\org.scala-lang.modules\scala-parser-combinators_2.11\1.0.1\f05d7345bf5a58924f2837c6c1f4d73a938e1ff0\scala-parser-combinators_2.11-1.0.1.jar;E:\CodexTemp\QiZhangVerdict\legacy-build\1.8.9\gradle-user-home\caches\modules-2\files-2.1\org.scala-lang\scala-reflect\2.11.1\6580347e61cc7f8e802941e7fde40fa83b8badeb\scala-reflect-2.11.1.jar;E:\CodexTemp\QiZhangVerdict\legacy-build\1.8.9\gradle-user-home\caches\modules-2\files-2.1\org.scala-lang.modules\scala-swing_2.11\1.0.1\b1cdd92bd47b1e1837139c1c53020e86bb9112ae\scala-swing_2.11-1.0.1.jar;E:\CodexTemp\QiZhangVerdict\legacy-build\1.8.9\gradle-user-home\caches\modules-2\files-2.1\org.scala-lang.modules\scala-xml_2.11\1.0.2\820fbca7e524b530fdadc594c39d49a21ea0337e\scala-xml_2.11-1.0.2.jar;E:\CodexTemp\QiZhangVerdict\legacy-build\1.8.9\gradle-user-home\caches\modules-2\files-2.1\lzma\lzma\0.0.1\521616dc7487b42bef0e803bd2fa3faf668101d7\lzma-0.0.1.jar;E:\CodexTemp\QiZhangVerdict\legacy-build\1.8.9\gradle-user-home\caches\modules-2\files-2.1\net.sf.trove4j\trove4j\3.0.3\42ccaf4761f0dfdfa805c9e340d99a755907e2dd\trove4j-3.0.3.jar;E:\CodexTemp\QiZhangVerdict\legacy-build\1.8.9\gradle-user-home\caches\modules-2\files-2.1\com.paulscode\codecjorbis\20101023\c73b5636faf089d9f00e8732a829577de25237ee\codecjorbis-20101023.jar;E:\CodexTemp\QiZhangVerdict\legacy-build\1.8.9\gradle-user-home\caches\modules-2\files-2.1\com.paulscode\codecwav\20101023\12f031cfe88fef5c1dd36c563c0a3a69bd7261da\codecwav-20101023.jar;E:\CodexTemp\QiZhangVerdict\legacy-build\1.8.9\gradle-user-home\caches\modules-2\files-2.1\com.paulscode\libraryjavasound\20101123\5c5e304366f75f9eaa2e8cca546a1fb6109348b3\libraryjavasound-20101123.jar;E:\CodexTemp\QiZhangVerdict\legacy-build\1.8.9\gradle-user-home\caches\modules-2\files-2.1\com.paulscode\librarylwjglopenal\20100824\73e80d0794c39665aec3f62eee88ca91676674ef\librarylwjglopenal-20100824.jar;E:\CodexTemp\QiZhangVerdict\legacy-build\1.8.9\gradle-user-home\caches\modules-2\files-2.1\com.paulscode\soundsystem\20120107\419c05fe9be71f792b2d76cfc9b67f1ed0fec7f6\soundsystem-20120107.jar;E:\CodexTemp\QiZhangVerdict\legacy-build\1.8.9\gradle-user-home\caches\modules-2\files-2.1\net.java.jinput\jinput\2.0.5\39c7796b469a600f72380316f6b1f11db6c2c7c4\jinput-2.0.5.jar;E:\CodexTemp\QiZhangVerdict\legacy-build\1.8.9\gradle-user-home\caches\modules-2\files-2.1\org.lwjgl.lwjgl\lwjgl\2.9.4-nightly-20150209\697517568c68e78ae0b4544145af031c81082dfe\lwjgl-2.9.4-nightly-20150209.jar;E:\CodexTemp\QiZhangVerdict\legacy-build\1.8.9\gradle-user-home\caches\modules-2\files-2.1\org.lwjgl.lwjgl\lwjgl_util\2.9.4-nightly-20150209\d51a7c040a721d13efdfbd34f8b257b2df882ad0\lwjgl_util-2.9.4-nightly-20150209.jar;E:\CodexTemp\QiZhangVerdict\legacy-build\1.8.9\gradle-user-home\caches\modules-2\files-2.1\tv.twitch\twitch\6.5\320a2dfd18513a5f41b4e75729df684488cbd925\twitch-6.5.jar;E:\CodexTemp\QiZhangVerdict\legacy-build\1.8.9\gradle-user-home\caches\modules-2\files-2.1\java3d\vecmath\1.5.2\79846ba34cbd89e2422d74d53752f993dcc2ccaf\vecmath-1.5.2.jar;E:\CodexTemp\QiZhangVerdict\legacy-build\1.8.9\gradle-user-home\caches\modules-2\files-2.1\org.fusesource.jansi\jansi\1.11\655c643309c2f45a56a747fda70e3fadf57e9f11\jansi-1.11.jar;E:\CodexTemp\QiZhangVerdict\legacy-build\1.8.9\gradle-user-home\caches\modules-2\files-2.1\org.scala-lang\scala-actors\2.11.0\8ccfb6541de179bb1c4d45cf414acee069b7f78b\scala-actors-2.11.0.jar;E:\CodexTemp\QiZhangVerdict\legacy-build\1.8.9\gradle-user-home\caches\modules-2\files-2.1\net.java.jinput\jinput-platform\2.0.5\7ff832a6eb9ab6a767f1ade2b548092d0fa64795\jinput-platform-2.0.5-natives-linux.jar;E:\CodexTemp\QiZhangVerdict\legacy-build\1.8.9\gradle-user-home\caches\modules-2\files-2.1\net.java.jinput\jinput-platform\2.0.5\385ee093e01f587f30ee1c8a2ee7d408fd732e16\jinput-platform-2.0.5-natives-windows.jar;E:\CodexTemp\QiZhangVerdict\legacy-build\1.8.9\gradle-user-home\caches\modules-2\files-2.1\net.java.jinput\jinput-platform\2.0.5\53f9c919f34d2ca9de8c51fc4e1e8282029a9232\jinput-platform-2.0.5-natives-osx.jar;E:\CodexTemp\QiZhangVerdict\legacy-build\1.8.9\gradle-user-home\caches\modules-2\files-2.1\tv.twitch\twitch-platform\6.5\206c4ccaecdbcfd2a1631150c69a97bbc9c20c11\twitch-platform-6.5-natives-windows-32.jar;E:\CodexTemp\QiZhangVerdict\legacy-build\1.8.9\gradle-user-home\caches\modules-2\files-2.1\tv.twitch\twitch-platform\6.5\9fdd0fd5aed0817063dcf95b69349a171f447ebd\twitch-platform-6.5-natives-windows-64.jar;E:\CodexTemp\QiZhangVerdict\legacy-build\1.8.9\gradle-user-home\caches\modules-2\files-2.1\tv.twitch\twitch-platform\6.5\5f9d1ee26257b3a33f0ca06fed335ef462af659f\twitch-platform-6.5-natives-osx.jar;E:\CodexTemp\QiZhangVerdict\legacy-build\1.8.9\gradle-user-home\caches\modules-2\files-2.1\tv.twitch\twitch-external-platform\4.5\18215140f010c05b9f86ef6f0f8871954d2ccebf\twitch-external-platform-4.5-natives-windows-32.jar;E:\CodexTemp\QiZhangVerdict\legacy-build\1.8.9\gradle-user-home\caches\modules-2\files-2.1\tv.twitch\twitch-external-platform\4.5\c3cde57891b935d41b6680a9c5e1502eeab76d86\twitch-external-platform-4.5-natives-windows-64.jar;E:\CodexTemp\QiZhangVerdict\legacy-build\1.8.9\gradle-user-home\caches\modules-2\files-2.1\com.google.code.findbugs\jsr305\2.0.1\516c03b21d50a644d538de0f0369c620989cd8f0\jsr305-2.0.1.jar;E:\CodexTemp\QiZhangVerdict\legacy-build\1.8.9\gradle-user-home\caches\modules-2\files-2.1\org.lwjgl.lwjgl\lwjgl-platform\2.9.4-nightly-20150209\b84d5102b9dbfabfeb5e43c7e2828d98a7fc80e0\lwjgl-platform-2.9.4-nightly-20150209-natives-windows.jar;E:\CodexTemp\QiZhangVerdict\legacy-build\1.8.9\gradle-user-home\caches\modules-2\files-2.1\org.lwjgl.lwjgl\lwjgl-platform\2.9.4-nightly-20150209\931074f46c795d2f7b30ed6395df5715cfd7675b\lwjgl-platform-2.9.4-nightly-20150209-natives-linux.jar;E:\CodexTemp\QiZhangVerdict\legacy-build\1.8.9\gradle-user-home\caches\modules-2\files-2.1\org.lwjgl.lwjgl\lwjgl-platform\2.9.4-nightly-20150209\bcab850f8f487c3f4c4dbabde778bb82bd1a40ed\lwjgl-platform-2.9.4-nightly-20150209-natives-osx.jar cn.qizhang.guard.client.LegacyJava8Smoke
Successfully started process 'command 'E:\CodexTemp\QiZhangVerdict\toolchains\jdk8\jdk8u504-b01\bin\java.exe''
PASS: Java 8 probe bridge preserves bounded, short, empty and zero-progress reads
:forge:boundedIoSmoke (Thread[Daemon worker,5,main]) completed. Took 0.389 secs.
:forge:catalogCompatibilityTest (Thread[Daemon worker,5,main]) started.
:forge:catalogCompatibilityTest
Executing task ':forge:catalogCompatibilityTest' (up-to-date check took 0.0 secs) due to:
  Task has not declared any outputs.
file or directory 'E:\Codex_work\QiZhangVerdict\platforms\1.8.9\forge\libs', not found
Starting process 'command 'E:\CodexTemp\QiZhangVerdict\toolchains\jdk8\jdk8u504-b01\bin\java.exe''. Working directory: E:\CodexTemp\QiZhangVerdict\legacy-build\1.8.9\runtime\checks Command: E:\CodexTemp\QiZhangVerdict\toolchains\jdk8\jdk8u504-b01\bin\java.exe -Dqzguard.testDir=E:\CodexTemp\QiZhangVerdict\legacy-build\1.8.9\runtime\core-tests -Xmx256m -Dfile.encoding=UTF-8 -Duser.country=CN -Duser.language=zh -Duser.variant -cp E:\Codex_work\QiZhangVerdict\platforms\1.8.9\forge\build\classes\test;E:\Codex_work\QiZhangVerdict\platforms\1.8.9\forge\build\resources\test;E:\Codex_work\QiZhangVerdict\platforms\1.8.9\forge\build\classes\main;E:\Codex_work\QiZhangVerdict\platforms\1.8.9\forge\build\resources\main;E:\CodexTemp\QiZhangVerdict\legacy-build\1.8.9\gradle-user-home\caches\minecraft\deobfedDeps\compileDummy.jar;E:\CodexTemp\QiZhangVerdict\legacy-build\1.8.9\gradle-user-home\caches\minecraft\deobfedDeps\providedDummy.jar;E:\Codex_work\QiZhangVerdict\platforms\1.8.9\forge\build\classes\api;E:\Codex_work\QiZhangVerdict\platforms\1.8.9\forge\build\resources\api;E:\CodexTemp\QiZhangVerdict\legacy-build\1.8.9\gradle-user-home\caches\minecraft\net\minecraftforge\forge\1.8.9-11.15.1.2318-1.8.9\stable\22\forgeBin-1.8.9-11.15.1.2318-1.8.9.jar;E:\CodexTemp\QiZhangVerdict\legacy-build\1.8.9\gradle-user-home\caches\modules-2\files-2.1\com.mojang\netty\1.8.8\a796914d1c8a55b4da9f4a8856dd9623375d8bb\netty-1.8.8.jar;E:\CodexTemp\QiZhangVerdict\legacy-build\1.8.9\gradle-user-home\caches\modules-2\files-2.1\oshi-project\oshi-core\1.1\9ddf7b048a8d701be231c0f4f95fd986198fd2d8\oshi-core-1.1.jar;E:\CodexTemp\QiZhangVerdict\legacy-build\1.8.9\gradle-user-home\caches\modules-2\files-2.1\net.java.dev.jna\jna\3.4.0\803ff252fedbd395baffd43b37341dc4a150a554\jna-3.4.0.jar;E:\CodexTemp\QiZhangVerdict\legacy-build\1.8.9\gradle-user-home\caches\modules-2\files-2.1\net.java.dev.jna\platform\3.4.0\e3f70017be8100d3d6923f50b3d2ee17714e9c13\platform-3.4.0.jar;E:\CodexTemp\QiZhangVerdict\legacy-build\1.8.9\gradle-user-home\caches\modules-2\files-2.1\com.ibm.icu\icu4j-core-mojang\51.2\63d216a9311cca6be337c1e458e587f99d382b84\icu4j-core-mojang-51.2.jar;E:\CodexTemp\QiZhangVerdict\legacy-build\1.8.9\gradle-user-home\caches\modules-2\files-2.1\net.sf.jopt-simple\jopt-simple\4.6\306816fb57cf94f108a43c95731b08934dcae15c\jopt-simple-4.6.jar;E:\CodexTemp\QiZhangVerdict\legacy-build\1.8.9\gradle-user-home\caches\modules-2\files-2.1\io.netty\netty-all\4.0.23.Final\294104aaf1781d6a56a07d561e792c5d0c95f45\netty-all-4.0.23.Final.jar;E:\CodexTemp\QiZhangVerdict\legacy-build\1.8.9\gradle-user-home\caches\modules-2\files-2.1\com.google.guava\guava\17.0\9c6ef172e8de35fd8d4d8783e4821e57cdef7445\guava-17.0.jar;E:\CodexTemp\QiZhangVerdict\legacy-build\1.8.9\gradle-user-home\caches\modules-2\files-2.1\org.apache.commons\commons-lang3\3.3.2\90a3822c38ec8c996e84c16a3477ef632cbc87a3\commons-lang3-3.3.2.jar;E:\CodexTemp\QiZhangVerdict\legacy-build\1.8.9\gradle-user-home\caches\modules-2\files-2.1\commons-io\commons-io\2.4\b1b6ea3b7e4aa4f492509a4952029cd8e48019ad\commons-io-2.4.jar;E:\CodexTemp\QiZhangVerdict\legacy-build\1.8.9\gradle-user-home\caches\modules-2\files-2.1\commons-codec\commons-codec\1.9\9ce04e34240f674bc72680f8b843b1457383161a\commons-codec-1.9.jar;E:\CodexTemp\QiZhangVerdict\legacy-build\1.8.9\gradle-user-home\caches\modules-2\files-2.1\net.java.jutils\jutils\1.0.0\e12fe1fda814bd348c1579329c86943d2cd3c6a6\jutils-1.0.0.jar;E:\CodexTemp\QiZhangVerdict\legacy-build\1.8.9\gradle-user-home\caches\modules-2\files-2.1\com.google.code.gson\gson\2.2.4\a60a5e993c98c864010053cb901b7eab25306568\gson-2.2.4.jar;E:\CodexTemp\QiZhangVerdict\legacy-build\1.8.9\gradle-user-home\caches\modules-2\files-2.1\com.mojang\authlib\1.5.21\aefba0d5b53fbcb70860bc8046ab95d5854c07a5\authlib-1.5.21.jar;E:\CodexTemp\QiZhangVerdict\legacy-build\1.8.9\gradle-user-home\caches\modules-2\files-2.1\com.mojang\realms\1.7.59\9c6c59b742d8e038a15f64c1aa273a893a658424\realms-1.7.59.jar;E:\CodexTemp\QiZhangVerdict\legacy-build\1.8.9\gradle-user-home\caches\modules-2\files-2.1\org.apache.commons\commons-compress\1.8.1\a698750c16740fd5b3871425f4cb3bbaa87f529d\commons-compress-1.8.1.jar;E:\CodexTemp\QiZhangVerdict\legacy-build\1.8.9\gradle-user-home\caches\modules-2\files-2.1\org.apache.httpcomponents\httpclient\4.3.3\18f4247ff4572a074444572cee34647c43e7c9c7\httpclient-4.3.3.jar;E:\CodexTemp\QiZhangVerdict\legacy-build\1.8.9\gradle-user-home\caches\modules-2\files-2.1\commons-logging\commons-logging\1.1.3\f6f66e966c70a83ffbdb6f17a0919eaf7c8aca7f\commons-logging-1.1.3.jar;E:\CodexTemp\QiZhangVerdict\legacy-build\1.8.9\gradle-user-home\caches\modules-2\files-2.1\org.apache.httpcomponents\httpcore\4.3.2\31fbbff1ddbf98f3aa7377c94d33b0447c646b6e\httpcore-4.3.2.jar;E:\CodexTemp\QiZhangVerdict\legacy-build\1.8.9\gradle-user-home\caches\modules-2\files-2.1\org.apache.logging.log4j\log4j-api\2.0-beta9\1dd66e68cccd907880229f9e2de1314bd13ff785\log4j-api-2.0-beta9.jar;E:\CodexTemp\QiZhangVerdict\legacy-build\1.8.9\gradle-user-home\caches\modules-2\files-2.1\org.apache.logging.log4j\log4j-core\2.0-beta9\678861ba1b2e1fccb594bb0ca03114bb05da9695\log4j-core-2.0-beta9.jar;E:\CodexTemp\QiZhangVerdict\legacy-build\1.8.9\gradle-user-home\caches\modules-2\files-2.1\net.minecraft\launchwrapper\1.12\111e7bea9c968cdb3d06ef4632bf7ff0824d0f36\launchwrapper-1.12.jar;E:\CodexTemp\QiZhangVerdict\legacy-build\1.8.9\gradle-user-home\caches\modules-2\files-2.1\jline\jline\2.13\2d9530d0a25daffaffda7c35037b046b627bb171\jline-2.13.jar;E:\CodexTemp\QiZhangVerdict\legacy-build\1.8.9\gradle-user-home\caches\modules-2\files-2.1\org.ow2.asm\asm-debug-all\5.0.3\f9e364ae2a66ce2a543012a4668856e84e5dab74\asm-debug-all-5.0.3.jar;E:\CodexTemp\QiZhangVerdict\legacy-build\1.8.9\gradle-user-home\caches\modules-2\files-2.1\com.typesafe.akka\akka-actor_2.11\2.3.3\ed62e9fc709ca0f2ff1a3220daa8b70a2870078e\akka-actor_2.11-2.3.3.jar;E:\CodexTemp\QiZhangVerdict\legacy-build\1.8.9\gradle-user-home\caches\modules-2\files-2.1\com.typesafe\config\1.2.1\f771f71fdae3df231bcd54d5ca2d57f0bf93f467\config-1.2.1.jar;E:\CodexTemp\QiZhangVerdict\legacy-build\1.8.9\gradle-user-home\caches\modules-2\files-2.1\org.scala-lang\scala-actors-migration_2.11\1.1.0\dfa8bc42b181d5b9f1a5dd147f8ae308b893eb6f\scala-actors-migration_2.11-1.1.0.jar;E:\CodexTemp\QiZhangVerdict\legacy-build\1.8.9\gradle-user-home\caches\modules-2\files-2.1\org.scala-lang\scala-compiler\2.11.1\56ea2e6c025e0821f28d73ca271218b8dd04926a\scala-compiler-2.11.1.jar;E:\CodexTemp\QiZhangVerdict\legacy-build\1.8.9\gradle-user-home\caches\modules-2\files-2.1\org.scala-lang.plugins\scala-continuations-library_2.11\1.0.2\e517c53a7e9acd6b1668c5a35eccbaa3bab9aac\scala-continuations-library_2.11-1.0.2.jar;E:\CodexTemp\QiZhangVerdict\legacy-build\1.8.9\gradle-user-home\caches\modules-2\files-2.1\org.scala-lang.plugins\scala-continuations-plugin_2.11.1\1.0.2\f361a3283452c57fa30c1ee69448995de23c60f7\scala-continuations-plugin_2.11.1-1.0.2.jar;E:\CodexTemp\QiZhangVerdict\legacy-build\1.8.9\gradle-user-home\caches\modules-2\files-2.1\org.scala-lang\scala-library\2.11.1\e11da23da3eabab9f4777b9220e60d44c1aab6a\scala-library-2.11.1.jar;E:\CodexTemp\QiZhangVerdict\legacy-build\1.8.9\gradle-user-home\caches\modules-2\files-2.1\org.scala-lang.modules\scala-parser-combinators_2.11\1.0.1\f05d7345bf5a58924f2837c6c1f4d73a938e1ff0\scala-parser-combinators_2.11-1.0.1.jar;E:\CodexTemp\QiZhangVerdict\legacy-build\1.8.9\gradle-user-home\caches\modules-2\files-2.1\org.scala-lang\scala-reflect\2.11.1\6580347e61cc7f8e802941e7fde40fa83b8badeb\scala-reflect-2.11.1.jar;E:\CodexTemp\QiZhangVerdict\legacy-build\1.8.9\gradle-user-home\caches\modules-2\files-2.1\org.scala-lang.modules\scala-swing_2.11\1.0.1\b1cdd92bd47b1e1837139c1c53020e86bb9112ae\scala-swing_2.11-1.0.1.jar;E:\CodexTemp\QiZhangVerdict\legacy-build\1.8.9\gradle-user-home\caches\modules-2\files-2.1\org.scala-lang.modules\scala-xml_2.11\1.0.2\820fbca7e524b530fdadc594c39d49a21ea0337e\scala-xml_2.11-1.0.2.jar;E:\CodexTemp\QiZhangVerdict\legacy-build\1.8.9\gradle-user-home\caches\modules-2\files-2.1\lzma\lzma\0.0.1\521616dc7487b42bef0e803bd2fa3faf668101d7\lzma-0.0.1.jar;E:\CodexTemp\QiZhangVerdict\legacy-build\1.8.9\gradle-user-home\caches\modules-2\files-2.1\net.sf.trove4j\trove4j\3.0.3\42ccaf4761f0dfdfa805c9e340d99a755907e2dd\trove4j-3.0.3.jar;E:\CodexTemp\QiZhangVerdict\legacy-build\1.8.9\gradle-user-home\caches\modules-2\files-2.1\com.paulscode\codecjorbis\20101023\c73b5636faf089d9f00e8732a829577de25237ee\codecjorbis-20101023.jar;E:\CodexTemp\QiZhangVerdict\legacy-build\1.8.9\gradle-user-home\caches\modules-2\files-2.1\com.paulscode\codecwav\20101023\12f031cfe88fef5c1dd36c563c0a3a69bd7261da\codecwav-20101023.jar;E:\CodexTemp\QiZhangVerdict\legacy-build\1.8.9\gradle-user-home\caches\modules-2\files-2.1\com.paulscode\libraryjavasound\20101123\5c5e304366f75f9eaa2e8cca546a1fb6109348b3\libraryjavasound-20101123.jar;E:\CodexTemp\QiZhangVerdict\legacy-build\1.8.9\gradle-user-home\caches\modules-2\files-2.1\com.paulscode\librarylwjglopenal\20100824\73e80d0794c39665aec3f62eee88ca91676674ef\librarylwjglopenal-20100824.jar;E:\CodexTemp\QiZhangVerdict\legacy-build\1.8.9\gradle-user-home\caches\modules-2\files-2.1\com.paulscode\soundsystem\20120107\419c05fe9be71f792b2d76cfc9b67f1ed0fec7f6\soundsystem-20120107.jar;E:\CodexTemp\QiZhangVerdict\legacy-build\1.8.9\gradle-user-home\caches\modules-2\files-2.1\net.java.jinput\jinput\2.0.5\39c7796b469a600f72380316f6b1f11db6c2c7c4\jinput-2.0.5.jar;E:\CodexTemp\QiZhangVerdict\legacy-build\1.8.9\gradle-user-home\caches\modules-2\files-2.1\org.lwjgl.lwjgl\lwjgl\2.9.4-nightly-20150209\697517568c68e78ae0b4544145af031c81082dfe\lwjgl-2.9.4-nightly-20150209.jar;E:\CodexTemp\QiZhangVerdict\legacy-build\1.8.9\gradle-user-home\caches\modules-2\files-2.1\org.lwjgl.lwjgl\lwjgl_util\2.9.4-nightly-20150209\d51a7c040a721d13efdfbd34f8b257b2df882ad0\lwjgl_util-2.9.4-nightly-20150209.jar;E:\CodexTemp\QiZhangVerdict\legacy-build\1.8.9\gradle-user-home\caches\modules-2\files-2.1\tv.twitch\twitch\6.5\320a2dfd18513a5f41b4e75729df684488cbd925\twitch-6.5.jar;E:\CodexTemp\QiZhangVerdict\legacy-build\1.8.9\gradle-user-home\caches\modules-2\files-2.1\java3d\vecmath\1.5.2\79846ba34cbd89e2422d74d53752f993dcc2ccaf\vecmath-1.5.2.jar;E:\CodexTemp\QiZhangVerdict\legacy-build\1.8.9\gradle-user-home\caches\modules-2\files-2.1\org.fusesource.jansi\jansi\1.11\655c643309c2f45a56a747fda70e3fadf57e9f11\jansi-1.11.jar;E:\CodexTemp\QiZhangVerdict\legacy-build\1.8.9\gradle-user-home\caches\modules-2\files-2.1\org.scala-lang\scala-actors\2.11.0\8ccfb6541de179bb1c4d45cf414acee069b7f78b\scala-actors-2.11.0.jar;E:\CodexTemp\QiZhangVerdict\legacy-build\1.8.9\gradle-user-home\caches\modules-2\files-2.1\net.java.jinput\jinput-platform\2.0.5\7ff832a6eb9ab6a767f1ade2b548092d0fa64795\jinput-platform-2.0.5-natives-linux.jar;E:\CodexTemp\QiZhangVerdict\legacy-build\1.8.9\gradle-user-home\caches\modules-2\files-2.1\net.java.jinput\jinput-platform\2.0.5\385ee093e01f587f30ee1c8a2ee7d408fd732e16\jinput-platform-2.0.5-natives-windows.jar;E:\CodexTemp\QiZhangVerdict\legacy-build\1.8.9\gradle-user-home\caches\modules-2\files-2.1\net.java.jinput\jinput-platform\2.0.5\53f9c919f34d2ca9de8c51fc4e1e8282029a9232\jinput-platform-2.0.5-natives-osx.jar;E:\CodexTemp\QiZhangVerdict\legacy-build\1.8.9\gradle-user-home\caches\modules-2\files-2.1\tv.twitch\twitch-platform\6.5\206c4ccaecdbcfd2a1631150c69a97bbc9c20c11\twitch-platform-6.5-natives-windows-32.jar;E:\CodexTemp\QiZhangVerdict\legacy-build\1.8.9\gradle-user-home\caches\modules-2\files-2.1\tv.twitch\twitch-platform\6.5\9fdd0fd5aed0817063dcf95b69349a171f447ebd\twitch-platform-6.5-natives-windows-64.jar;E:\CodexTemp\QiZhangVerdict\legacy-build\1.8.9\gradle-user-home\caches\modules-2\files-2.1\tv.twitch\twitch-platform\6.5\5f9d1ee26257b3a33f0ca06fed335ef462af659f\twitch-platform-6.5-natives-osx.jar;E:\CodexTemp\QiZhangVerdict\legacy-build\1.8.9\gradle-user-home\caches\modules-2\files-2.1\tv.twitch\twitch-external-platform\4.5\18215140f010c05b9f86ef6f0f8871954d2ccebf\twitch-external-platform-4.5-natives-windows-32.jar;E:\CodexTemp\QiZhangVerdict\legacy-build\1.8.9\gradle-user-home\caches\modules-2\files-2.1\tv.twitch\twitch-external-platform\4.5\c3cde57891b935d41b6680a9c5e1502eeab76d86\twitch-external-platform-4.5-natives-windows-64.jar;E:\CodexTemp\QiZhangVerdict\legacy-build\1.8.9\gradle-user-home\caches\modules-2\files-2.1\com.google.code.findbugs\jsr305\2.0.1\516c03b21d50a644d538de0f0369c620989cd8f0\jsr305-2.0.1.jar;E:\CodexTemp\QiZhangVerdict\legacy-build\1.8.9\gradle-user-home\caches\modules-2\files-2.1\org.lwjgl.lwjgl\lwjgl-platform\2.9.4-nightly-20150209\b84d5102b9dbfabfeb5e43c7e2828d98a7fc80e0\lwjgl-platform-2.9.4-nightly-20150209-natives-windows.jar;E:\CodexTemp\QiZhangVerdict\legacy-build\1.8.9\gradle-user-home\caches\modules-2\files-2.1\org.lwjgl.lwjgl\lwjgl-platform\2.9.4-nightly-20150209\931074f46c795d2f7b30ed6395df5715cfd7675b\lwjgl-platform-2.9.4-nightly-20150209-natives-linux.jar;E:\CodexTemp\QiZhangVerdict\legacy-build\1.8.9\gradle-user-home\caches\modules-2\files-2.1\org.lwjgl.lwjgl\lwjgl-platform\2.9.4-nightly-20150209\bcab850f8f487c3f4c4dbabde778bb82bd1a40ed\lwjgl-platform-2.9.4-nightly-20150209-natives-osx.jar cn.qizhang.guard.core.CatalogCompatibilityTest E:\Codex_work\QiZhangVerdict\catalog\blacklist-extension.tsv
Successfully started process 'command 'E:\CodexTemp\QiZhangVerdict\toolchains\jdk8\jdk8u504-b01\bin\java.exe''
PASS: production Blacklist parser accepts 31 exact extension rules; alert-only and ordinary IDs preserved
:forge:catalogCompatibilityTest (Thread[Daemon worker,5,main]) completed. Took 0.462 secs.
:forge:clientReporterSmoke (Thread[Daemon worker,5,main]) started.
:forge:clientReporterSmoke
Executing task ':forge:clientReporterSmoke' (up-to-date check took 0.0 secs) due to:
  Task has not declared any outputs.
file or directory 'E:\Codex_work\QiZhangVerdict\platforms\1.8.9\forge\libs', not found
Starting process 'command 'E:\CodexTemp\QiZhangVerdict\toolchains\jdk8\jdk8u504-b01\bin\java.exe''. Working directory: E:\CodexTemp\QiZhangVerdict\legacy-build\1.8.9\runtime\checks Command: E:\CodexTemp\QiZhangVerdict\toolchains\jdk8\jdk8u504-b01\bin\java.exe -Dqzguard.testDir=E:\CodexTemp\QiZhangVerdict\legacy-build\1.8.9\runtime\core-tests -Xmx256m -Dfile.encoding=UTF-8 -Duser.country=CN -Duser.language=zh -Duser.variant -cp E:\Codex_work\QiZhangVerdict\platforms\1.8.9\forge\build\classes\test;E:\Codex_work\QiZhangVerdict\platforms\1.8.9\forge\build\resources\test;E:\Codex_work\QiZhangVerdict\platforms\1.8.9\forge\build\classes\main;E:\Codex_work\QiZhangVerdict\platforms\1.8.9\forge\build\resources\main;E:\CodexTemp\QiZhangVerdict\legacy-build\1.8.9\gradle-user-home\caches\minecraft\deobfedDeps\compileDummy.jar;E:\CodexTemp\QiZhangVerdict\legacy-build\1.8.9\gradle-user-home\caches\minecraft\deobfedDeps\providedDummy.jar;E:\Codex_work\QiZhangVerdict\platforms\1.8.9\forge\build\classes\api;E:\Codex_work\QiZhangVerdict\platforms\1.8.9\forge\build\resources\api;E:\CodexTemp\QiZhangVerdict\legacy-build\1.8.9\gradle-user-home\caches\minecraft\net\minecraftforge\forge\1.8.9-11.15.1.2318-1.8.9\stable\22\forgeBin-1.8.9-11.15.1.2318-1.8.9.jar;E:\CodexTemp\QiZhangVerdict\legacy-build\1.8.9\gradle-user-home\caches\modules-2\files-2.1\com.mojang\netty\1.8.8\a796914d1c8a55b4da9f4a8856dd9623375d8bb\netty-1.8.8.jar;E:\CodexTemp\QiZhangVerdict\legacy-build\1.8.9\gradle-user-home\caches\modules-2\files-2.1\oshi-project\oshi-core\1.1\9ddf7b048a8d701be231c0f4f95fd986198fd2d8\oshi-core-1.1.jar;E:\CodexTemp\QiZhangVerdict\legacy-build\1.8.9\gradle-user-home\caches\modules-2\files-2.1\net.java.dev.jna\jna\3.4.0\803ff252fedbd395baffd43b37341dc4a150a554\jna-3.4.0.jar;E:\CodexTemp\QiZhangVerdict\legacy-build\1.8.9\gradle-user-home\caches\modules-2\files-2.1\net.java.dev.jna\platform\3.4.0\e3f70017be8100d3d6923f50b3d2ee17714e9c13\platform-3.4.0.jar;E:\CodexTemp\QiZhangVerdict\legacy-build\1.8.9\gradle-user-home\caches\modules-2\files-2.1\com.ibm.icu\icu4j-core-mojang\51.2\63d216a9311cca6be337c1e458e587f99d382b84\icu4j-core-mojang-51.2.jar;E:\CodexTemp\QiZhangVerdict\legacy-build\1.8.9\gradle-user-home\caches\modules-2\files-2.1\net.sf.jopt-simple\jopt-simple\4.6\306816fb57cf94f108a43c95731b08934dcae15c\jopt-simple-4.6.jar;E:\CodexTemp\QiZhangVerdict\legacy-build\1.8.9\gradle-user-home\caches\modules-2\files-2.1\io.netty\netty-all\4.0.23.Final\294104aaf1781d6a56a07d561e792c5d0c95f45\netty-all-4.0.23.Final.jar;E:\CodexTemp\QiZhangVerdict\legacy-build\1.8.9\gradle-user-home\caches\modules-2\files-2.1\com.google.guava\guava\17.0\9c6ef172e8de35fd8d4d8783e4821e57cdef7445\guava-17.0.jar;E:\CodexTemp\QiZhangVerdict\legacy-build\1.8.9\gradle-user-home\caches\modules-2\files-2.1\org.apache.commons\commons-lang3\3.3.2\90a3822c38ec8c996e84c16a3477ef632cbc87a3\commons-lang3-3.3.2.jar;E:\CodexTemp\QiZhangVerdict\legacy-build\1.8.9\gradle-user-home\caches\modules-2\files-2.1\commons-io\commons-io\2.4\b1b6ea3b7e4aa4f492509a4952029cd8e48019ad\commons-io-2.4.jar;E:\CodexTemp\QiZhangVerdict\legacy-build\1.8.9\gradle-user-home\caches\modules-2\files-2.1\commons-codec\commons-codec\1.9\9ce04e34240f674bc72680f8b843b1457383161a\commons-codec-1.9.jar;E:\CodexTemp\QiZhangVerdict\legacy-build\1.8.9\gradle-user-home\caches\modules-2\files-2.1\net.java.jutils\jutils\1.0.0\e12fe1fda814bd348c1579329c86943d2cd3c6a6\jutils-1.0.0.jar;E:\CodexTemp\QiZhangVerdict\legacy-build\1.8.9\gradle-user-home\caches\modules-2\files-2.1\com.google.code.gson\gson\2.2.4\a60a5e993c98c864010053cb901b7eab25306568\gson-2.2.4.jar;E:\CodexTemp\QiZhangVerdict\legacy-build\1.8.9\gradle-user-home\caches\modules-2\files-2.1\com.mojang\authlib\1.5.21\aefba0d5b53fbcb70860bc8046ab95d5854c07a5\authlib-1.5.21.jar;E:\CodexTemp\QiZhangVerdict\legacy-build\1.8.9\gradle-user-home\caches\modules-2\files-2.1\com.mojang\realms\1.7.59\9c6c59b742d8e038a15f64c1aa273a893a658424\realms-1.7.59.jar;E:\CodexTemp\QiZhangVerdict\legacy-build\1.8.9\gradle-user-home\caches\modules-2\files-2.1\org.apache.commons\commons-compress\1.8.1\a698750c16740fd5b3871425f4cb3bbaa87f529d\commons-compress-1.8.1.jar;E:\CodexTemp\QiZhangVerdict\legacy-build\1.8.9\gradle-user-home\caches\modules-2\files-2.1\org.apache.httpcomponents\httpclient\4.3.3\18f4247ff4572a074444572cee34647c43e7c9c7\httpclient-4.3.3.jar;E:\CodexTemp\QiZhangVerdict\legacy-build\1.8.9\gradle-user-home\caches\modules-2\files-2.1\commons-logging\commons-logging\1.1.3\f6f66e966c70a83ffbdb6f17a0919eaf7c8aca7f\commons-logging-1.1.3.jar;E:\CodexTemp\QiZhangVerdict\legacy-build\1.8.9\gradle-user-home\caches\modules-2\files-2.1\org.apache.httpcomponents\httpcore\4.3.2\31fbbff1ddbf98f3aa7377c94d33b0447c646b6e\httpcore-4.3.2.jar;E:\CodexTemp\QiZhangVerdict\legacy-build\1.8.9\gradle-user-home\caches\modules-2\files-2.1\org.apache.logging.log4j\log4j-api\2.0-beta9\1dd66e68cccd907880229f9e2de1314bd13ff785\log4j-api-2.0-beta9.jar;E:\CodexTemp\QiZhangVerdict\legacy-build\1.8.9\gradle-user-home\caches\modules-2\files-2.1\org.apache.logging.log4j\log4j-core\2.0-beta9\678861ba1b2e1fccb594bb0ca03114bb05da9695\log4j-core-2.0-beta9.jar;E:\CodexTemp\QiZhangVerdict\legacy-build\1.8.9\gradle-user-home\caches\modules-2\files-2.1\net.minecraft\launchwrapper\1.12\111e7bea9c968cdb3d06ef4632bf7ff0824d0f36\launchwrapper-1.12.jar;E:\CodexTemp\QiZhangVerdict\legacy-build\1.8.9\gradle-user-home\caches\modules-2\files-2.1\jline\jline\2.13\2d9530d0a25daffaffda7c35037b046b627bb171\jline-2.13.jar;E:\CodexTemp\QiZhangVerdict\legacy-build\1.8.9\gradle-user-home\caches\modules-2\files-2.1\org.ow2.asm\asm-debug-all\5.0.3\f9e364ae2a66ce2a543012a4668856e84e5dab74\asm-debug-all-5.0.3.jar;E:\CodexTemp\QiZhangVerdict\legacy-build\1.8.9\gradle-user-home\caches\modules-2\files-2.1\com.typesafe.akka\akka-actor_2.11\2.3.3\ed62e9fc709ca0f2ff1a3220daa8b70a2870078e\akka-actor_2.11-2.3.3.jar;E:\CodexTemp\QiZhangVerdict\legacy-build\1.8.9\gradle-user-home\caches\modules-2\files-2.1\com.typesafe\config\1.2.1\f771f71fdae3df231bcd54d5ca2d57f0bf93f467\config-1.2.1.jar;E:\CodexTemp\QiZhangVerdict\legacy-build\1.8.9\gradle-user-home\caches\modules-2\files-2.1\org.scala-lang\scala-actors-migration_2.11\1.1.0\dfa8bc42b181d5b9f1a5dd147f8ae308b893eb6f\scala-actors-migration_2.11-1.1.0.jar;E:\CodexTemp\QiZhangVerdict\legacy-build\1.8.9\gradle-user-home\caches\modules-2\files-2.1\org.scala-lang\scala-compiler\2.11.1\56ea2e6c025e0821f28d73ca271218b8dd04926a\scala-compiler-2.11.1.jar;E:\CodexTemp\QiZhangVerdict\legacy-build\1.8.9\gradle-user-home\caches\modules-2\files-2.1\org.scala-lang.plugins\scala-continuations-library_2.11\1.0.2\e517c53a7e9acd6b1668c5a35eccbaa3bab9aac\scala-continuations-library_2.11-1.0.2.jar;E:\CodexTemp\QiZhangVerdict\legacy-build\1.8.9\gradle-user-home\caches\modules-2\files-2.1\org.scala-lang.plugins\scala-continuations-plugin_2.11.1\1.0.2\f361a3283452c57fa30c1ee69448995de23c60f7\scala-continuations-plugin_2.11.1-1.0.2.jar;E:\CodexTemp\QiZhangVerdict\legacy-build\1.8.9\gradle-user-home\caches\modules-2\files-2.1\org.scala-lang\scala-library\2.11.1\e11da23da3eabab9f4777b9220e60d44c1aab6a\scala-library-2.11.1.jar;E:\CodexTemp\QiZhangVerdict\legacy-build\1.8.9\gradle-user-home\caches\modules-2\files-2.1\org.scala-lang.modules\scala-parser-combinators_2.11\1.0.1\f05d7345bf5a58924f2837c6c1f4d73a938e1ff0\scala-parser-combinators_2.11-1.0.1.jar;E:\CodexTemp\QiZhangVerdict\legacy-build\1.8.9\gradle-user-home\caches\modules-2\files-2.1\org.scala-lang\scala-reflect\2.11.1\6580347e61cc7f8e802941e7fde40fa83b8badeb\scala-reflect-2.11.1.jar;E:\CodexTemp\QiZhangVerdict\legacy-build\1.8.9\gradle-user-home\caches\modules-2\files-2.1\org.scala-lang.modules\scala-swing_2.11\1.0.1\b1cdd92bd47b1e1837139c1c53020e86bb9112ae\scala-swing_2.11-1.0.1.jar;E:\CodexTemp\QiZhangVerdict\legacy-build\1.8.9\gradle-user-home\caches\modules-2\files-2.1\org.scala-lang.modules\scala-xml_2.11\1.0.2\820fbca7e524b530fdadc594c39d49a21ea0337e\scala-xml_2.11-1.0.2.jar;E:\CodexTemp\QiZhangVerdict\legacy-build\1.8.9\gradle-user-home\caches\modules-2\files-2.1\lzma\lzma\0.0.1\521616dc7487b42bef0e803bd2fa3faf668101d7\lzma-0.0.1.jar;E:\CodexTemp\QiZhangVerdict\legacy-build\1.8.9\gradle-user-home\caches\modules-2\files-2.1\net.sf.trove4j\trove4j\3.0.3\42ccaf4761f0dfdfa805c9e340d99a755907e2dd\trove4j-3.0.3.jar;E:\CodexTemp\QiZhangVerdict\legacy-build\1.8.9\gradle-user-home\caches\modules-2\files-2.1\com.paulscode\codecjorbis\20101023\c73b5636faf089d9f00e8732a829577de25237ee\codecjorbis-20101023.jar;E:\CodexTemp\QiZhangVerdict\legacy-build\1.8.9\gradle-user-home\caches\modules-2\files-2.1\com.paulscode\codecwav\20101023\12f031cfe88fef5c1dd36c563c0a3a69bd7261da\codecwav-20101023.jar;E:\CodexTemp\QiZhangVerdict\legacy-build\1.8.9\gradle-user-home\caches\modules-2\files-2.1\com.paulscode\libraryjavasound\20101123\5c5e304366f75f9eaa2e8cca546a1fb6109348b3\libraryjavasound-20101123.jar;E:\CodexTemp\QiZhangVerdict\legacy-build\1.8.9\gradle-user-home\caches\modules-2\files-2.1\com.paulscode\librarylwjglopenal\20100824\73e80d0794c39665aec3f62eee88ca91676674ef\librarylwjglopenal-20100824.jar;E:\CodexTemp\QiZhangVerdict\legacy-build\1.8.9\gradle-user-home\caches\modules-2\files-2.1\com.paulscode\soundsystem\20120107\419c05fe9be71f792b2d76cfc9b67f1ed0fec7f6\soundsystem-20120107.jar;E:\CodexTemp\QiZhangVerdict\legacy-build\1.8.9\gradle-user-home\caches\modules-2\files-2.1\net.java.jinput\jinput\2.0.5\39c7796b469a600f72380316f6b1f11db6c2c7c4\jinput-2.0.5.jar;E:\CodexTemp\QiZhangVerdict\legacy-build\1.8.9\gradle-user-home\caches\modules-2\files-2.1\org.lwjgl.lwjgl\lwjgl\2.9.4-nightly-20150209\697517568c68e78ae0b4544145af031c81082dfe\lwjgl-2.9.4-nightly-20150209.jar;E:\CodexTemp\QiZhangVerdict\legacy-build\1.8.9\gradle-user-home\caches\modules-2\files-2.1\org.lwjgl.lwjgl\lwjgl_util\2.9.4-nightly-20150209\d51a7c040a721d13efdfbd34f8b257b2df882ad0\lwjgl_util-2.9.4-nightly-20150209.jar;E:\CodexTemp\QiZhangVerdict\legacy-build\1.8.9\gradle-user-home\caches\modules-2\files-2.1\tv.twitch\twitch\6.5\320a2dfd18513a5f41b4e75729df684488cbd925\twitch-6.5.jar;E:\CodexTemp\QiZhangVerdict\legacy-build\1.8.9\gradle-user-home\caches\modules-2\files-2.1\java3d\vecmath\1.5.2\79846ba34cbd89e2422d74d53752f993dcc2ccaf\vecmath-1.5.2.jar;E:\CodexTemp\QiZhangVerdict\legacy-build\1.8.9\gradle-user-home\caches\modules-2\files-2.1\org.fusesource.jansi\jansi\1.11\655c643309c2f45a56a747fda70e3fadf57e9f11\jansi-1.11.jar;E:\CodexTemp\QiZhangVerdict\legacy-build\1.8.9\gradle-user-home\caches\modules-2\files-2.1\org.scala-lang\scala-actors\2.11.0\8ccfb6541de179bb1c4d45cf414acee069b7f78b\scala-actors-2.11.0.jar;E:\CodexTemp\QiZhangVerdict\legacy-build\1.8.9\gradle-user-home\caches\modules-2\files-2.1\net.java.jinput\jinput-platform\2.0.5\7ff832a6eb9ab6a767f1ade2b548092d0fa64795\jinput-platform-2.0.5-natives-linux.jar;E:\CodexTemp\QiZhangVerdict\legacy-build\1.8.9\gradle-user-home\caches\modules-2\files-2.1\net.java.jinput\jinput-platform\2.0.5\385ee093e01f587f30ee1c8a2ee7d408fd732e16\jinput-platform-2.0.5-natives-windows.jar;E:\CodexTemp\QiZhangVerdict\legacy-build\1.8.9\gradle-user-home\caches\modules-2\files-2.1\net.java.jinput\jinput-platform\2.0.5\53f9c919f34d2ca9de8c51fc4e1e8282029a9232\jinput-platform-2.0.5-natives-osx.jar;E:\CodexTemp\QiZhangVerdict\legacy-build\1.8.9\gradle-user-home\caches\modules-2\files-2.1\tv.twitch\twitch-platform\6.5\206c4ccaecdbcfd2a1631150c69a97bbc9c20c11\twitch-platform-6.5-natives-windows-32.jar;E:\CodexTemp\QiZhangVerdict\legacy-build\1.8.9\gradle-user-home\caches\modules-2\files-2.1\tv.twitch\twitch-platform\6.5\9fdd0fd5aed0817063dcf95b69349a171f447ebd\twitch-platform-6.5-natives-windows-64.jar;E:\CodexTemp\QiZhangVerdict\legacy-build\1.8.9\gradle-user-home\caches\modules-2\files-2.1\tv.twitch\twitch-platform\6.5\5f9d1ee26257b3a33f0ca06fed335ef462af659f\twitch-platform-6.5-natives-osx.jar;E:\CodexTemp\QiZhangVerdict\legacy-build\1.8.9\gradle-user-home\caches\modules-2\files-2.1\tv.twitch\twitch-external-platform\4.5\18215140f010c05b9f86ef6f0f8871954d2ccebf\twitch-external-platform-4.5-natives-windows-32.jar;E:\CodexTemp\QiZhangVerdict\legacy-build\1.8.9\gradle-user-home\caches\modules-2\files-2.1\tv.twitch\twitch-external-platform\4.5\c3cde57891b935d41b6680a9c5e1502eeab76d86\twitch-external-platform-4.5-natives-windows-64.jar;E:\CodexTemp\QiZhangVerdict\legacy-build\1.8.9\gradle-user-home\caches\modules-2\files-2.1\com.google.code.findbugs\jsr305\2.0.1\516c03b21d50a644d538de0f0369c620989cd8f0\jsr305-2.0.1.jar;E:\CodexTemp\QiZhangVerdict\legacy-build\1.8.9\gradle-user-home\caches\modules-2\files-2.1\org.lwjgl.lwjgl\lwjgl-platform\2.9.4-nightly-20150209\b84d5102b9dbfabfeb5e43c7e2828d98a7fc80e0\lwjgl-platform-2.9.4-nightly-20150209-natives-windows.jar;E:\CodexTemp\QiZhangVerdict\legacy-build\1.8.9\gradle-user-home\caches\modules-2\files-2.1\org.lwjgl.lwjgl\lwjgl-platform\2.9.4-nightly-20150209\931074f46c795d2f7b30ed6395df5715cfd7675b\lwjgl-platform-2.9.4-nightly-20150209-natives-linux.jar;E:\CodexTemp\QiZhangVerdict\legacy-build\1.8.9\gradle-user-home\caches\modules-2\files-2.1\org.lwjgl.lwjgl\lwjgl-platform\2.9.4-nightly-20150209\bcab850f8f487c3f4c4dbabde778bb82bd1a40ed\lwjgl-platform-2.9.4-nightly-20150209-natives-osx.jar cn.qizhang.guard.client.ClientReporterSmoke E:\CodexTemp\QiZhangVerdict\legacy-build\1.8.9\runtime\client-config
Successfully started process 'command 'E:\CodexTemp\QiZhangVerdict\toolchains\jdk8\jdk8u504-b01\bin\java.exe''
PASS: stable scoped digest, scope separation, asynchronous probe, wire round trip, stale callback suppression, 20 rapid reloads coalesced; no identifiers printed
:forge:clientReporterSmoke (Thread[Daemon worker,5,main]) completed. Took 2.718 secs.
:forge:legacyCommandSmoke (Thread[Daemon worker,5,main]) started.
:forge:legacyCommandSmoke
Executing task ':forge:legacyCommandSmoke' (up-to-date check took 0.0 secs) due to:
  Task has not declared any outputs.
file or directory 'E:\Codex_work\QiZhangVerdict\platforms\1.8.9\forge\libs', not found
Starting process 'command 'E:\CodexTemp\QiZhangVerdict\toolchains\jdk8\jdk8u504-b01\bin\java.exe''. Working directory: E:\CodexTemp\QiZhangVerdict\legacy-build\1.8.9\runtime\checks Command: E:\CodexTemp\QiZhangVerdict\toolchains\jdk8\jdk8u504-b01\bin\java.exe -Dqzguard.testDir=E:\CodexTemp\QiZhangVerdict\legacy-build\1.8.9\runtime\core-tests -Xmx256m -Dfile.encoding=UTF-8 -Duser.country=CN -Duser.language=zh -Duser.variant -cp E:\Codex_work\QiZhangVerdict\platforms\1.8.9\forge\build\classes\test;E:\Codex_work\QiZhangVerdict\platforms\1.8.9\forge\build\resources\test;E:\Codex_work\QiZhangVerdict\platforms\1.8.9\forge\build\classes\main;E:\Codex_work\QiZhangVerdict\platforms\1.8.9\forge\build\resources\main;E:\CodexTemp\QiZhangVerdict\legacy-build\1.8.9\gradle-user-home\caches\minecraft\deobfedDeps\compileDummy.jar;E:\CodexTemp\QiZhangVerdict\legacy-build\1.8.9\gradle-user-home\caches\minecraft\deobfedDeps\providedDummy.jar;E:\Codex_work\QiZhangVerdict\platforms\1.8.9\forge\build\classes\api;E:\Codex_work\QiZhangVerdict\platforms\1.8.9\forge\build\resources\api;E:\CodexTemp\QiZhangVerdict\legacy-build\1.8.9\gradle-user-home\caches\minecraft\net\minecraftforge\forge\1.8.9-11.15.1.2318-1.8.9\stable\22\forgeBin-1.8.9-11.15.1.2318-1.8.9.jar;E:\CodexTemp\QiZhangVerdict\legacy-build\1.8.9\gradle-user-home\caches\modules-2\files-2.1\com.mojang\netty\1.8.8\a796914d1c8a55b4da9f4a8856dd9623375d8bb\netty-1.8.8.jar;E:\CodexTemp\QiZhangVerdict\legacy-build\1.8.9\gradle-user-home\caches\modules-2\files-2.1\oshi-project\oshi-core\1.1\9ddf7b048a8d701be231c0f4f95fd986198fd2d8\oshi-core-1.1.jar;E:\CodexTemp\QiZhangVerdict\legacy-build\1.8.9\gradle-user-home\caches\modules-2\files-2.1\net.java.dev.jna\jna\3.4.0\803ff252fedbd395baffd43b37341dc4a150a554\jna-3.4.0.jar;E:\CodexTemp\QiZhangVerdict\legacy-build\1.8.9\gradle-user-home\caches\modules-2\files-2.1\net.java.dev.jna\platform\3.4.0\e3f70017be8100d3d6923f50b3d2ee17714e9c13\platform-3.4.0.jar;E:\CodexTemp\QiZhangVerdict\legacy-build\1.8.9\gradle-user-home\caches\modules-2\files-2.1\com.ibm.icu\icu4j-core-mojang\51.2\63d216a9311cca6be337c1e458e587f99d382b84\icu4j-core-mojang-51.2.jar;E:\CodexTemp\QiZhangVerdict\legacy-build\1.8.9\gradle-user-home\caches\modules-2\files-2.1\net.sf.jopt-simple\jopt-simple\4.6\306816fb57cf94f108a43c95731b08934dcae15c\jopt-simple-4.6.jar;E:\CodexTemp\QiZhangVerdict\legacy-build\1.8.9\gradle-user-home\caches\modules-2\files-2.1\io.netty\netty-all\4.0.23.Final\294104aaf1781d6a56a07d561e792c5d0c95f45\netty-all-4.0.23.Final.jar;E:\CodexTemp\QiZhangVerdict\legacy-build\1.8.9\gradle-user-home\caches\modules-2\files-2.1\com.google.guava\guava\17.0\9c6ef172e8de35fd8d4d8783e4821e57cdef7445\guava-17.0.jar;E:\CodexTemp\QiZhangVerdict\legacy-build\1.8.9\gradle-user-home\caches\modules-2\files-2.1\org.apache.commons\commons-lang3\3.3.2\90a3822c38ec8c996e84c16a3477ef632cbc87a3\commons-lang3-3.3.2.jar;E:\CodexTemp\QiZhangVerdict\legacy-build\1.8.9\gradle-user-home\caches\modules-2\files-2.1\commons-io\commons-io\2.4\b1b6ea3b7e4aa4f492509a4952029cd8e48019ad\commons-io-2.4.jar;E:\CodexTemp\QiZhangVerdict\legacy-build\1.8.9\gradle-user-home\caches\modules-2\files-2.1\commons-codec\commons-codec\1.9\9ce04e34240f674bc72680f8b843b1457383161a\commons-codec-1.9.jar;E:\CodexTemp\QiZhangVerdict\legacy-build\1.8.9\gradle-user-home\caches\modules-2\files-2.1\net.java.jutils\jutils\1.0.0\e12fe1fda814bd348c1579329c86943d2cd3c6a6\jutils-1.0.0.jar;E:\CodexTemp\QiZhangVerdict\legacy-build\1.8.9\gradle-user-home\caches\modules-2\files-2.1\com.google.code.gson\gson\2.2.4\a60a5e993c98c864010053cb901b7eab25306568\gson-2.2.4.jar;E:\CodexTemp\QiZhangVerdict\legacy-build\1.8.9\gradle-user-home\caches\modules-2\files-2.1\com.mojang\authlib\1.5.21\aefba0d5b53fbcb70860bc8046ab95d5854c07a5\authlib-1.5.21.jar;E:\CodexTemp\QiZhangVerdict\legacy-build\1.8.9\gradle-user-home\caches\modules-2\files-2.1\com.mojang\realms\1.7.59\9c6c59b742d8e038a15f64c1aa273a893a658424\realms-1.7.59.jar;E:\CodexTemp\QiZhangVerdict\legacy-build\1.8.9\gradle-user-home\caches\modules-2\files-2.1\org.apache.commons\commons-compress\1.8.1\a698750c16740fd5b3871425f4cb3bbaa87f529d\commons-compress-1.8.1.jar;E:\CodexTemp\QiZhangVerdict\legacy-build\1.8.9\gradle-user-home\caches\modules-2\files-2.1\org.apache.httpcomponents\httpclient\4.3.3\18f4247ff4572a074444572cee34647c43e7c9c7\httpclient-4.3.3.jar;E:\CodexTemp\QiZhangVerdict\legacy-build\1.8.9\gradle-user-home\caches\modules-2\files-2.1\commons-logging\commons-logging\1.1.3\f6f66e966c70a83ffbdb6f17a0919eaf7c8aca7f\commons-logging-1.1.3.jar;E:\CodexTemp\QiZhangVerdict\legacy-build\1.8.9\gradle-user-home\caches\modules-2\files-2.1\org.apache.httpcomponents\httpcore\4.3.2\31fbbff1ddbf98f3aa7377c94d33b0447c646b6e\httpcore-4.3.2.jar;E:\CodexTemp\QiZhangVerdict\legacy-build\1.8.9\gradle-user-home\caches\modules-2\files-2.1\org.apache.logging.log4j\log4j-api\2.0-beta9\1dd66e68cccd907880229f9e2de1314bd13ff785\log4j-api-2.0-beta9.jar;E:\CodexTemp\QiZhangVerdict\legacy-build\1.8.9\gradle-user-home\caches\modules-2\files-2.1\org.apache.logging.log4j\log4j-core\2.0-beta9\678861ba1b2e1fccb594bb0ca03114bb05da9695\log4j-core-2.0-beta9.jar;E:\CodexTemp\QiZhangVerdict\legacy-build\1.8.9\gradle-user-home\caches\modules-2\files-2.1\net.minecraft\launchwrapper\1.12\111e7bea9c968cdb3d06ef4632bf7ff0824d0f36\launchwrapper-1.12.jar;E:\CodexTemp\QiZhangVerdict\legacy-build\1.8.9\gradle-user-home\caches\modules-2\files-2.1\jline\jline\2.13\2d9530d0a25daffaffda7c35037b046b627bb171\jline-2.13.jar;E:\CodexTemp\QiZhangVerdict\legacy-build\1.8.9\gradle-user-home\caches\modules-2\files-2.1\org.ow2.asm\asm-debug-all\5.0.3\f9e364ae2a66ce2a543012a4668856e84e5dab74\asm-debug-all-5.0.3.jar;E:\CodexTemp\QiZhangVerdict\legacy-build\1.8.9\gradle-user-home\caches\modules-2\files-2.1\com.typesafe.akka\akka-actor_2.11\2.3.3\ed62e9fc709ca0f2ff1a3220daa8b70a2870078e\akka-actor_2.11-2.3.3.jar;E:\CodexTemp\QiZhangVerdict\legacy-build\1.8.9\gradle-user-home\caches\modules-2\files-2.1\com.typesafe\config\1.2.1\f771f71fdae3df231bcd54d5ca2d57f0bf93f467\config-1.2.1.jar;E:\CodexTemp\QiZhangVerdict\legacy-build\1.8.9\gradle-user-home\caches\modules-2\files-2.1\org.scala-lang\scala-actors-migration_2.11\1.1.0\dfa8bc42b181d5b9f1a5dd147f8ae308b893eb6f\scala-actors-migration_2.11-1.1.0.jar;E:\CodexTemp\QiZhangVerdict\legacy-build\1.8.9\gradle-user-home\caches\modules-2\files-2.1\org.scala-lang\scala-compiler\2.11.1\56ea2e6c025e0821f28d73ca271218b8dd04926a\scala-compiler-2.11.1.jar;E:\CodexTemp\QiZhangVerdict\legacy-build\1.8.9\gradle-user-home\caches\modules-2\files-2.1\org.scala-lang.plugins\scala-continuations-library_2.11\1.0.2\e517c53a7e9acd6b1668c5a35eccbaa3bab9aac\scala-continuations-library_2.11-1.0.2.jar;E:\CodexTemp\QiZhangVerdict\legacy-build\1.8.9\gradle-user-home\caches\modules-2\files-2.1\org.scala-lang.plugins\scala-continuations-plugin_2.11.1\1.0.2\f361a3283452c57fa30c1ee69448995de23c60f7\scala-continuations-plugin_2.11.1-1.0.2.jar;E:\CodexTemp\QiZhangVerdict\legacy-build\1.8.9\gradle-user-home\caches\modules-2\files-2.1\org.scala-lang\scala-library\2.11.1\e11da23da3eabab9f4777b9220e60d44c1aab6a\scala-library-2.11.1.jar;E:\CodexTemp\QiZhangVerdict\legacy-build\1.8.9\gradle-user-home\caches\modules-2\files-2.1\org.scala-lang.modules\scala-parser-combinators_2.11\1.0.1\f05d7345bf5a58924f2837c6c1f4d73a938e1ff0\scala-parser-combinators_2.11-1.0.1.jar;E:\CodexTemp\QiZhangVerdict\legacy-build\1.8.9\gradle-user-home\caches\modules-2\files-2.1\org.scala-lang\scala-reflect\2.11.1\6580347e61cc7f8e802941e7fde40fa83b8badeb\scala-reflect-2.11.1.jar;E:\CodexTemp\QiZhangVerdict\legacy-build\1.8.9\gradle-user-home\caches\modules-2\files-2.1\org.scala-lang.modules\scala-swing_2.11\1.0.1\b1cdd92bd47b1e1837139c1c53020e86bb9112ae\scala-swing_2.11-1.0.1.jar;E:\CodexTemp\QiZhangVerdict\legacy-build\1.8.9\gradle-user-home\caches\modules-2\files-2.1\org.scala-lang.modules\scala-xml_2.11\1.0.2\820fbca7e524b530fdadc594c39d49a21ea0337e\scala-xml_2.11-1.0.2.jar;E:\CodexTemp\QiZhangVerdict\legacy-build\1.8.9\gradle-user-home\caches\modules-2\files-2.1\lzma\lzma\0.0.1\521616dc7487b42bef0e803bd2fa3faf668101d7\lzma-0.0.1.jar;E:\CodexTemp\QiZhangVerdict\legacy-build\1.8.9\gradle-user-home\caches\modules-2\files-2.1\net.sf.trove4j\trove4j\3.0.3\42ccaf4761f0dfdfa805c9e340d99a755907e2dd\trove4j-3.0.3.jar;E:\CodexTemp\QiZhangVerdict\legacy-build\1.8.9\gradle-user-home\caches\modules-2\files-2.1\com.paulscode\codecjorbis\20101023\c73b5636faf089d9f00e8732a829577de25237ee\codecjorbis-20101023.jar;E:\CodexTemp\QiZhangVerdict\legacy-build\1.8.9\gradle-user-home\caches\modules-2\files-2.1\com.paulscode\codecwav\20101023\12f031cfe88fef5c1dd36c563c0a3a69bd7261da\codecwav-20101023.jar;E:\CodexTemp\QiZhangVerdict\legacy-build\1.8.9\gradle-user-home\caches\modules-2\files-2.1\com.paulscode\libraryjavasound\20101123\5c5e304366f75f9eaa2e8cca546a1fb6109348b3\libraryjavasound-20101123.jar;E:\CodexTemp\QiZhangVerdict\legacy-build\1.8.9\gradle-user-home\caches\modules-2\files-2.1\com.paulscode\librarylwjglopenal\20100824\73e80d0794c39665aec3f62eee88ca91676674ef\librarylwjglopenal-20100824.jar;E:\CodexTemp\QiZhangVerdict\legacy-build\1.8.9\gradle-user-home\caches\modules-2\files-2.1\com.paulscode\soundsystem\20120107\419c05fe9be71f792b2d76cfc9b67f1ed0fec7f6\soundsystem-20120107.jar;E:\CodexTemp\QiZhangVerdict\legacy-build\1.8.9\gradle-user-home\caches\modules-2\files-2.1\net.java.jinput\jinput\2.0.5\39c7796b469a600f72380316f6b1f11db6c2c7c4\jinput-2.0.5.jar;E:\CodexTemp\QiZhangVerdict\legacy-build\1.8.9\gradle-user-home\caches\modules-2\files-2.1\org.lwjgl.lwjgl\lwjgl\2.9.4-nightly-20150209\697517568c68e78ae0b4544145af031c81082dfe\lwjgl-2.9.4-nightly-20150209.jar;E:\CodexTemp\QiZhangVerdict\legacy-build\1.8.9\gradle-user-home\caches\modules-2\files-2.1\org.lwjgl.lwjgl\lwjgl_util\2.9.4-nightly-20150209\d51a7c040a721d13efdfbd34f8b257b2df882ad0\lwjgl_util-2.9.4-nightly-20150209.jar;E:\CodexTemp\QiZhangVerdict\legacy-build\1.8.9\gradle-user-home\caches\modules-2\files-2.1\tv.twitch\twitch\6.5\320a2dfd18513a5f41b4e75729df684488cbd925\twitch-6.5.jar;E:\CodexTemp\QiZhangVerdict\legacy-build\1.8.9\gradle-user-home\caches\modules-2\files-2.1\java3d\vecmath\1.5.2\79846ba34cbd89e2422d74d53752f993dcc2ccaf\vecmath-1.5.2.jar;E:\CodexTemp\QiZhangVerdict\legacy-build\1.8.9\gradle-user-home\caches\modules-2\files-2.1\org.fusesource.jansi\jansi\1.11\655c643309c2f45a56a747fda70e3fadf57e9f11\jansi-1.11.jar;E:\CodexTemp\QiZhangVerdict\legacy-build\1.8.9\gradle-user-home\caches\modules-2\files-2.1\org.scala-lang\scala-actors\2.11.0\8ccfb6541de179bb1c4d45cf414acee069b7f78b\scala-actors-2.11.0.jar;E:\CodexTemp\QiZhangVerdict\legacy-build\1.8.9\gradle-user-home\caches\modules-2\files-2.1\net.java.jinput\jinput-platform\2.0.5\7ff832a6eb9ab6a767f1ade2b548092d0fa64795\jinput-platform-2.0.5-natives-linux.jar;E:\CodexTemp\QiZhangVerdict\legacy-build\1.8.9\gradle-user-home\caches\modules-2\files-2.1\net.java.jinput\jinput-platform\2.0.5\385ee093e01f587f30ee1c8a2ee7d408fd732e16\jinput-platform-2.0.5-natives-windows.jar;E:\CodexTemp\QiZhangVerdict\legacy-build\1.8.9\gradle-user-home\caches\modules-2\files-2.1\net.java.jinput\jinput-platform\2.0.5\53f9c919f34d2ca9de8c51fc4e1e8282029a9232\jinput-platform-2.0.5-natives-osx.jar;E:\CodexTemp\QiZhangVerdict\legacy-build\1.8.9\gradle-user-home\caches\modules-2\files-2.1\tv.twitch\twitch-platform\6.5\206c4ccaecdbcfd2a1631150c69a97bbc9c20c11\twitch-platform-6.5-natives-windows-32.jar;E:\CodexTemp\QiZhangVerdict\legacy-build\1.8.9\gradle-user-home\caches\modules-2\files-2.1\tv.twitch\twitch-platform\6.5\9fdd0fd5aed0817063dcf95b69349a171f447ebd\twitch-platform-6.5-natives-windows-64.jar;E:\CodexTemp\QiZhangVerdict\legacy-build\1.8.9\gradle-user-home\caches\modules-2\files-2.1\tv.twitch\twitch-platform\6.5\5f9d1ee26257b3a33f0ca06fed335ef462af659f\twitch-platform-6.5-natives-osx.jar;E:\CodexTemp\QiZhangVerdict\legacy-build\1.8.9\gradle-user-home\caches\modules-2\files-2.1\tv.twitch\twitch-external-platform\4.5\18215140f010c05b9f86ef6f0f8871954d2ccebf\twitch-external-platform-4.5-natives-windows-32.jar;E:\CodexTemp\QiZhangVerdict\legacy-build\1.8.9\gradle-user-home\caches\modules-2\files-2.1\tv.twitch\twitch-external-platform\4.5\c3cde57891b935d41b6680a9c5e1502eeab76d86\twitch-external-platform-4.5-natives-windows-64.jar;E:\CodexTemp\QiZhangVerdict\legacy-build\1.8.9\gradle-user-home\caches\modules-2\files-2.1\com.google.code.findbugs\jsr305\2.0.1\516c03b21d50a644d538de0f0369c620989cd8f0\jsr305-2.0.1.jar;E:\CodexTemp\QiZhangVerdict\legacy-build\1.8.9\gradle-user-home\caches\modules-2\files-2.1\org.lwjgl.lwjgl\lwjgl-platform\2.9.4-nightly-20150209\b84d5102b9dbfabfeb5e43c7e2828d98a7fc80e0\lwjgl-platform-2.9.4-nightly-20150209-natives-windows.jar;E:\CodexTemp\QiZhangVerdict\legacy-build\1.8.9\gradle-user-home\caches\modules-2\files-2.1\org.lwjgl.lwjgl\lwjgl-platform\2.9.4-nightly-20150209\931074f46c795d2f7b30ed6395df5715cfd7675b\lwjgl-platform-2.9.4-nightly-20150209-natives-linux.jar;E:\CodexTemp\QiZhangVerdict\legacy-build\1.8.9\gradle-user-home\caches\modules-2\files-2.1\org.lwjgl.lwjgl\lwjgl-platform\2.9.4-nightly-20150209\bcab850f8f487c3f4c4dbabde778bb82bd1a40ed\lwjgl-platform-2.9.4-nightly-20150209-natives-osx.jar cn.qizhang.guard.forge189.LegacyCommandSmoke
Successfully started process 'command 'E:\CodexTemp\QiZhangVerdict\toolchains\jdk8\jdk8u504-b01\bin\java.exe''
PASS: 13 legacy command permission/argument checks (non-admin denial, admin access, colon IDs, greedy spaces, positive pages, invalid commands)
:forge:legacyCommandSmoke (Thread[Daemon worker,5,main]) completed. Took 0.486 secs.
:forge:securityTest (Thread[Daemon worker,5,main]) started.
:forge:securityTest
Executing task ':forge:securityTest' (up-to-date check took 0.0 secs) due to:
  Task has not declared any outputs.
file or directory 'E:\Codex_work\QiZhangVerdict\platforms\1.8.9\forge\libs', not found
Starting process 'command 'E:\CodexTemp\QiZhangVerdict\toolchains\jdk8\jdk8u504-b01\bin\java.exe''. Working directory: E:\CodexTemp\QiZhangVerdict\legacy-build\1.8.9\runtime\checks Command: E:\CodexTemp\QiZhangVerdict\toolchains\jdk8\jdk8u504-b01\bin\java.exe -Dqzguard.testDir=E:\CodexTemp\QiZhangVerdict\legacy-build\1.8.9\runtime\core-tests -Xmx256m -Dfile.encoding=UTF-8 -Duser.country=CN -Duser.language=zh -Duser.variant -cp E:\Codex_work\QiZhangVerdict\platforms\1.8.9\forge\build\classes\test;E:\Codex_work\QiZhangVerdict\platforms\1.8.9\forge\build\resources\test;E:\Codex_work\QiZhangVerdict\platforms\1.8.9\forge\build\classes\main;E:\Codex_work\QiZhangVerdict\platforms\1.8.9\forge\build\resources\main;E:\CodexTemp\QiZhangVerdict\legacy-build\1.8.9\gradle-user-home\caches\minecraft\deobfedDeps\compileDummy.jar;E:\CodexTemp\QiZhangVerdict\legacy-build\1.8.9\gradle-user-home\caches\minecraft\deobfedDeps\providedDummy.jar;E:\Codex_work\QiZhangVerdict\platforms\1.8.9\forge\build\classes\api;E:\Codex_work\QiZhangVerdict\platforms\1.8.9\forge\build\resources\api;E:\CodexTemp\QiZhangVerdict\legacy-build\1.8.9\gradle-user-home\caches\minecraft\net\minecraftforge\forge\1.8.9-11.15.1.2318-1.8.9\stable\22\forgeBin-1.8.9-11.15.1.2318-1.8.9.jar;E:\CodexTemp\QiZhangVerdict\legacy-build\1.8.9\gradle-user-home\caches\modules-2\files-2.1\com.mojang\netty\1.8.8\a796914d1c8a55b4da9f4a8856dd9623375d8bb\netty-1.8.8.jar;E:\CodexTemp\QiZhangVerdict\legacy-build\1.8.9\gradle-user-home\caches\modules-2\files-2.1\oshi-project\oshi-core\1.1\9ddf7b048a8d701be231c0f4f95fd986198fd2d8\oshi-core-1.1.jar;E:\CodexTemp\QiZhangVerdict\legacy-build\1.8.9\gradle-user-home\caches\modules-2\files-2.1\net.java.dev.jna\jna\3.4.0\803ff252fedbd395baffd43b37341dc4a150a554\jna-3.4.0.jar;E:\CodexTemp\QiZhangVerdict\legacy-build\1.8.9\gradle-user-home\caches\modules-2\files-2.1\net.java.dev.jna\platform\3.4.0\e3f70017be8100d3d6923f50b3d2ee17714e9c13\platform-3.4.0.jar;E:\CodexTemp\QiZhangVerdict\legacy-build\1.8.9\gradle-user-home\caches\modules-2\files-2.1\com.ibm.icu\icu4j-core-mojang\51.2\63d216a9311cca6be337c1e458e587f99d382b84\icu4j-core-mojang-51.2.jar;E:\CodexTemp\QiZhangVerdict\legacy-build\1.8.9\gradle-user-home\caches\modules-2\files-2.1\net.sf.jopt-simple\jopt-simple\4.6\306816fb57cf94f108a43c95731b08934dcae15c\jopt-simple-4.6.jar;E:\CodexTemp\QiZhangVerdict\legacy-build\1.8.9\gradle-user-home\caches\modules-2\files-2.1\io.netty\netty-all\4.0.23.Final\294104aaf1781d6a56a07d561e792c5d0c95f45\netty-all-4.0.23.Final.jar;E:\CodexTemp\QiZhangVerdict\legacy-build\1.8.9\gradle-user-home\caches\modules-2\files-2.1\com.google.guava\guava\17.0\9c6ef172e8de35fd8d4d8783e4821e57cdef7445\guava-17.0.jar;E:\CodexTemp\QiZhangVerdict\legacy-build\1.8.9\gradle-user-home\caches\modules-2\files-2.1\org.apache.commons\commons-lang3\3.3.2\90a3822c38ec8c996e84c16a3477ef632cbc87a3\commons-lang3-3.3.2.jar;E:\CodexTemp\QiZhangVerdict\legacy-build\1.8.9\gradle-user-home\caches\modules-2\files-2.1\commons-io\commons-io\2.4\b1b6ea3b7e4aa4f492509a4952029cd8e48019ad\commons-io-2.4.jar;E:\CodexTemp\QiZhangVerdict\legacy-build\1.8.9\gradle-user-home\caches\modules-2\files-2.1\commons-codec\commons-codec\1.9\9ce04e34240f674bc72680f8b843b1457383161a\commons-codec-1.9.jar;E:\CodexTemp\QiZhangVerdict\legacy-build\1.8.9\gradle-user-home\caches\modules-2\files-2.1\net.java.jutils\jutils\1.0.0\e12fe1fda814bd348c1579329c86943d2cd3c6a6\jutils-1.0.0.jar;E:\CodexTemp\QiZhangVerdict\legacy-build\1.8.9\gradle-user-home\caches\modules-2\files-2.1\com.google.code.gson\gson\2.2.4\a60a5e993c98c864010053cb901b7eab25306568\gson-2.2.4.jar;E:\CodexTemp\QiZhangVerdict\legacy-build\1.8.9\gradle-user-home\caches\modules-2\files-2.1\com.mojang\authlib\1.5.21\aefba0d5b53fbcb70860bc8046ab95d5854c07a5\authlib-1.5.21.jar;E:\CodexTemp\QiZhangVerdict\legacy-build\1.8.9\gradle-user-home\caches\modules-2\files-2.1\com.mojang\realms\1.7.59\9c6c59b742d8e038a15f64c1aa273a893a658424\realms-1.7.59.jar;E:\CodexTemp\QiZhangVerdict\legacy-build\1.8.9\gradle-user-home\caches\modules-2\files-2.1\org.apache.commons\commons-compress\1.8.1\a698750c16740fd5b3871425f4cb3bbaa87f529d\commons-compress-1.8.1.jar;E:\CodexTemp\QiZhangVerdict\legacy-build\1.8.9\gradle-user-home\caches\modules-2\files-2.1\org.apache.httpcomponents\httpclient\4.3.3\18f4247ff4572a074444572cee34647c43e7c9c7\httpclient-4.3.3.jar;E:\CodexTemp\QiZhangVerdict\legacy-build\1.8.9\gradle-user-home\caches\modules-2\files-2.1\commons-logging\commons-logging\1.1.3\f6f66e966c70a83ffbdb6f17a0919eaf7c8aca7f\commons-logging-1.1.3.jar;E:\CodexTemp\QiZhangVerdict\legacy-build\1.8.9\gradle-user-home\caches\modules-2\files-2.1\org.apache.httpcomponents\httpcore\4.3.2\31fbbff1ddbf98f3aa7377c94d33b0447c646b6e\httpcore-4.3.2.jar;E:\CodexTemp\QiZhangVerdict\legacy-build\1.8.9\gradle-user-home\caches\modules-2\files-2.1\org.apache.logging.log4j\log4j-api\2.0-beta9\1dd66e68cccd907880229f9e2de1314bd13ff785\log4j-api-2.0-beta9.jar;E:\CodexTemp\QiZhangVerdict\legacy-build\1.8.9\gradle-user-home\caches\modules-2\files-2.1\org.apache.logging.log4j\log4j-core\2.0-beta9\678861ba1b2e1fccb594bb0ca03114bb05da9695\log4j-core-2.0-beta9.jar;E:\CodexTemp\QiZhangVerdict\legacy-build\1.8.9\gradle-user-home\caches\modules-2\files-2.1\net.minecraft\launchwrapper\1.12\111e7bea9c968cdb3d06ef4632bf7ff0824d0f36\launchwrapper-1.12.jar;E:\CodexTemp\QiZhangVerdict\legacy-build\1.8.9\gradle-user-home\caches\modules-2\files-2.1\jline\jline\2.13\2d9530d0a25daffaffda7c35037b046b627bb171\jline-2.13.jar;E:\CodexTemp\QiZhangVerdict\legacy-build\1.8.9\gradle-user-home\caches\modules-2\files-2.1\org.ow2.asm\asm-debug-all\5.0.3\f9e364ae2a66ce2a543012a4668856e84e5dab74\asm-debug-all-5.0.3.jar;E:\CodexTemp\QiZhangVerdict\legacy-build\1.8.9\gradle-user-home\caches\modules-2\files-2.1\com.typesafe.akka\akka-actor_2.11\2.3.3\ed62e9fc709ca0f2ff1a3220daa8b70a2870078e\akka-actor_2.11-2.3.3.jar;E:\CodexTemp\QiZhangVerdict\legacy-build\1.8.9\gradle-user-home\caches\modules-2\files-2.1\com.typesafe\config\1.2.1\f771f71fdae3df231bcd54d5ca2d57f0bf93f467\config-1.2.1.jar;E:\CodexTemp\QiZhangVerdict\legacy-build\1.8.9\gradle-user-home\caches\modules-2\files-2.1\org.scala-lang\scala-actors-migration_2.11\1.1.0\dfa8bc42b181d5b9f1a5dd147f8ae308b893eb6f\scala-actors-migration_2.11-1.1.0.jar;E:\CodexTemp\QiZhangVerdict\legacy-build\1.8.9\gradle-user-home\caches\modules-2\files-2.1\org.scala-lang\scala-compiler\2.11.1\56ea2e6c025e0821f28d73ca271218b8dd04926a\scala-compiler-2.11.1.jar;E:\CodexTemp\QiZhangVerdict\legacy-build\1.8.9\gradle-user-home\caches\modules-2\files-2.1\org.scala-lang.plugins\scala-continuations-library_2.11\1.0.2\e517c53a7e9acd6b1668c5a35eccbaa3bab9aac\scala-continuations-library_2.11-1.0.2.jar;E:\CodexTemp\QiZhangVerdict\legacy-build\1.8.9\gradle-user-home\caches\modules-2\files-2.1\org.scala-lang.plugins\scala-continuations-plugin_2.11.1\1.0.2\f361a3283452c57fa30c1ee69448995de23c60f7\scala-continuations-plugin_2.11.1-1.0.2.jar;E:\CodexTemp\QiZhangVerdict\legacy-build\1.8.9\gradle-user-home\caches\modules-2\files-2.1\org.scala-lang\scala-library\2.11.1\e11da23da3eabab9f4777b9220e60d44c1aab6a\scala-library-2.11.1.jar;E:\CodexTemp\QiZhangVerdict\legacy-build\1.8.9\gradle-user-home\caches\modules-2\files-2.1\org.scala-lang.modules\scala-parser-combinators_2.11\1.0.1\f05d7345bf5a58924f2837c6c1f4d73a938e1ff0\scala-parser-combinators_2.11-1.0.1.jar;E:\CodexTemp\QiZhangVerdict\legacy-build\1.8.9\gradle-user-home\caches\modules-2\files-2.1\org.scala-lang\scala-reflect\2.11.1\6580347e61cc7f8e802941e7fde40fa83b8badeb\scala-reflect-2.11.1.jar;E:\CodexTemp\QiZhangVerdict\legacy-build\1.8.9\gradle-user-home\caches\modules-2\files-2.1\org.scala-lang.modules\scala-swing_2.11\1.0.1\b1cdd92bd47b1e1837139c1c53020e86bb9112ae\scala-swing_2.11-1.0.1.jar;E:\CodexTemp\QiZhangVerdict\legacy-build\1.8.9\gradle-user-home\caches\modules-2\files-2.1\org.scala-lang.modules\scala-xml_2.11\1.0.2\820fbca7e524b530fdadc594c39d49a21ea0337e\scala-xml_2.11-1.0.2.jar;E:\CodexTemp\QiZhangVerdict\legacy-build\1.8.9\gradle-user-home\caches\modules-2\files-2.1\lzma\lzma\0.0.1\521616dc7487b42bef0e803bd2fa3faf668101d7\lzma-0.0.1.jar;E:\CodexTemp\QiZhangVerdict\legacy-build\1.8.9\gradle-user-home\caches\modules-2\files-2.1\net.sf.trove4j\trove4j\3.0.3\42ccaf4761f0dfdfa805c9e340d99a755907e2dd\trove4j-3.0.3.jar;E:\CodexTemp\QiZhangVerdict\legacy-build\1.8.9\gradle-user-home\caches\modules-2\files-2.1\com.paulscode\codecjorbis\20101023\c73b5636faf089d9f00e8732a829577de25237ee\codecjorbis-20101023.jar;E:\CodexTemp\QiZhangVerdict\legacy-build\1.8.9\gradle-user-home\caches\modules-2\files-2.1\com.paulscode\codecwav\20101023\12f031cfe88fef5c1dd36c563c0a3a69bd7261da\codecwav-20101023.jar;E:\CodexTemp\QiZhangVerdict\legacy-build\1.8.9\gradle-user-home\caches\modules-2\files-2.1\com.paulscode\libraryjavasound\20101123\5c5e304366f75f9eaa2e8cca546a1fb6109348b3\libraryjavasound-20101123.jar;E:\CodexTemp\QiZhangVerdict\legacy-build\1.8.9\gradle-user-home\caches\modules-2\files-2.1\com.paulscode\librarylwjglopenal\20100824\73e80d0794c39665aec3f62eee88ca91676674ef\librarylwjglopenal-20100824.jar;E:\CodexTemp\QiZhangVerdict\legacy-build\1.8.9\gradle-user-home\caches\modules-2\files-2.1\com.paulscode\soundsystem\20120107\419c05fe9be71f792b2d76cfc9b67f1ed0fec7f6\soundsystem-20120107.jar;E:\CodexTemp\QiZhangVerdict\legacy-build\1.8.9\gradle-user-home\caches\modules-2\files-2.1\net.java.jinput\jinput\2.0.5\39c7796b469a600f72380316f6b1f11db6c2c7c4\jinput-2.0.5.jar;E:\CodexTemp\QiZhangVerdict\legacy-build\1.8.9\gradle-user-home\caches\modules-2\files-2.1\org.lwjgl.lwjgl\lwjgl\2.9.4-nightly-20150209\697517568c68e78ae0b4544145af031c81082dfe\lwjgl-2.9.4-nightly-20150209.jar;E:\CodexTemp\QiZhangVerdict\legacy-build\1.8.9\gradle-user-home\caches\modules-2\files-2.1\org.lwjgl.lwjgl\lwjgl_util\2.9.4-nightly-20150209\d51a7c040a721d13efdfbd34f8b257b2df882ad0\lwjgl_util-2.9.4-nightly-20150209.jar;E:\CodexTemp\QiZhangVerdict\legacy-build\1.8.9\gradle-user-home\caches\modules-2\files-2.1\tv.twitch\twitch\6.5\320a2dfd18513a5f41b4e75729df684488cbd925\twitch-6.5.jar;E:\CodexTemp\QiZhangVerdict\legacy-build\1.8.9\gradle-user-home\caches\modules-2\files-2.1\java3d\vecmath\1.5.2\79846ba34cbd89e2422d74d53752f993dcc2ccaf\vecmath-1.5.2.jar;E:\CodexTemp\QiZhangVerdict\legacy-build\1.8.9\gradle-user-home\caches\modules-2\files-2.1\org.fusesource.jansi\jansi\1.11\655c643309c2f45a56a747fda70e3fadf57e9f11\jansi-1.11.jar;E:\CodexTemp\QiZhangVerdict\legacy-build\1.8.9\gradle-user-home\caches\modules-2\files-2.1\org.scala-lang\scala-actors\2.11.0\8ccfb6541de179bb1c4d45cf414acee069b7f78b\scala-actors-2.11.0.jar;E:\CodexTemp\QiZhangVerdict\legacy-build\1.8.9\gradle-user-home\caches\modules-2\files-2.1\net.java.jinput\jinput-platform\2.0.5\7ff832a6eb9ab6a767f1ade2b548092d0fa64795\jinput-platform-2.0.5-natives-linux.jar;E:\CodexTemp\QiZhangVerdict\legacy-build\1.8.9\gradle-user-home\caches\modules-2\files-2.1\net.java.jinput\jinput-platform\2.0.5\385ee093e01f587f30ee1c8a2ee7d408fd732e16\jinput-platform-2.0.5-natives-windows.jar;E:\CodexTemp\QiZhangVerdict\legacy-build\1.8.9\gradle-user-home\caches\modules-2\files-2.1\net.java.jinput\jinput-platform\2.0.5\53f9c919f34d2ca9de8c51fc4e1e8282029a9232\jinput-platform-2.0.5-natives-osx.jar;E:\CodexTemp\QiZhangVerdict\legacy-build\1.8.9\gradle-user-home\caches\modules-2\files-2.1\tv.twitch\twitch-platform\6.5\206c4ccaecdbcfd2a1631150c69a97bbc9c20c11\twitch-platform-6.5-natives-windows-32.jar;E:\CodexTemp\QiZhangVerdict\legacy-build\1.8.9\gradle-user-home\caches\modules-2\files-2.1\tv.twitch\twitch-platform\6.5\9fdd0fd5aed0817063dcf95b69349a171f447ebd\twitch-platform-6.5-natives-windows-64.jar;E:\CodexTemp\QiZhangVerdict\legacy-build\1.8.9\gradle-user-home\caches\modules-2\files-2.1\tv.twitch\twitch-platform\6.5\5f9d1ee26257b3a33f0ca06fed335ef462af659f\twitch-platform-6.5-natives-osx.jar;E:\CodexTemp\QiZhangVerdict\legacy-build\1.8.9\gradle-user-home\caches\modules-2\files-2.1\tv.twitch\twitch-external-platform\4.5\18215140f010c05b9f86ef6f0f8871954d2ccebf\twitch-external-platform-4.5-natives-windows-32.jar;E:\CodexTemp\QiZhangVerdict\legacy-build\1.8.9\gradle-user-home\caches\modules-2\files-2.1\tv.twitch\twitch-external-platform\4.5\c3cde57891b935d41b6680a9c5e1502eeab76d86\twitch-external-platform-4.5-natives-windows-64.jar;E:\CodexTemp\QiZhangVerdict\legacy-build\1.8.9\gradle-user-home\caches\modules-2\files-2.1\com.google.code.findbugs\jsr305\2.0.1\516c03b21d50a644d538de0f0369c620989cd8f0\jsr305-2.0.1.jar;E:\CodexTemp\QiZhangVerdict\legacy-build\1.8.9\gradle-user-home\caches\modules-2\files-2.1\org.lwjgl.lwjgl\lwjgl-platform\2.9.4-nightly-20150209\b84d5102b9dbfabfeb5e43c7e2828d98a7fc80e0\lwjgl-platform-2.9.4-nightly-20150209-natives-windows.jar;E:\CodexTemp\QiZhangVerdict\legacy-build\1.8.9\gradle-user-home\caches\modules-2\files-2.1\org.lwjgl.lwjgl\lwjgl-platform\2.9.4-nightly-20150209\931074f46c795d2f7b30ed6395df5715cfd7675b\lwjgl-platform-2.9.4-nightly-20150209-natives-linux.jar;E:\CodexTemp\QiZhangVerdict\legacy-build\1.8.9\gradle-user-home\caches\modules-2\files-2.1\org.lwjgl.lwjgl\lwjgl-platform\2.9.4-nightly-20150209\bcab850f8f487c3f4c4dbabde778bb82bd1a40ed\lwjgl-platform-2.9.4-nightly-20150209-natives-osx.jar cn.qizhang.guard.core.SecurityRegressionTest
Successfully started process 'command 'E:\CodexTemp\QiZhangVerdict\toolchains\jdk8\jdk8u504-b01\bin\java.exe''
PASS 1: literal parser rejects DNS and ambiguous representations
PASS 2: IPv4-mapped IPv6 shares limits with IPv4
PASS 3: IPv6 canonical forms share limits
PASS 4: CIDR allow and deny precedence
PASS 5: mapped CIDR semantics
PASS 6: failed attempts do not consume persisted accounts
PASS 7: rolling history survives restart and expires
PASS 8: concurrent pending accounts cannot bypass account limit
PASS 9: concurrent joins cannot bypass online limit
PASS 10: duplicate UUID cannot overwrite a session
PASS 11: pending reservations expire
PASS 12: join rate limit resets after rolling minute
PASS 13: attacker IP buckets are bounded
PASS 14: configuration reload is transactional
PASS 15: invalid blacklist prevents configuration reload
PASS 16: corrupt persisted history fails closed
PASS 17: state replacement preserves coherent latest history
PASS 18: fresh nonce and replay rejection
PASS 19: mismatched nonce consumes challenge
PASS 20: reissued challenge invalidates old nonce
PASS 21: required report timeout kicks exactly once
PASS 22: optional report timeout does not kick
PASS 23: retry cannot extend report deadline
PASS 24: malformed oversized incomplete and trailing reports rejected
PASS 25: wire rejects invalid UTF-8 and protocol versions
PASS 26: client report owns immutable copied lists
PASS 27: blacklist uses exact normalized identifiers
PASS 28: automation default only alerts
PASS 29: VM DENY requires companion
PASS 30: VM evidence and unknown are distinguished
PASS 31: global blacklist OFF and ALERT are honored
PASS 32: managed glob rules and matching whitelist
PASS 33: rule mutations persist and invalid changes are transactional
PASS 34: legacy blacklist rules support list and removal
PASS 35: account and device bans propagate and survive restart
PASS 36: whitelist never bypasses a persistent ban
PASS 37: account and device unban are independent
PASS 38: KICK sanctions never persist a blacklist ban
PASS 39: missing devices and invalid reports do not permanently ban
PASS 40: same IP and device allows one concurrent account
PASS 41: same IP different devices allow three accounts
PASS 42: different IP same device is allowed until banned
PASS 43: concurrent device reports cannot bypass the device limit
PASS 44: IP and device limit respects configuration two
PASS 45: brand sanctions bind known device only
PASS 46: device protocol round trip and legacy rejection
PASS 47: online associated bans are discoverable without losing sessions
PASS 48: rechallenge applies new player rules
PASS 49: admin bans and background saves do not deadlock
PASS 50: online IP policy reload does not rewrite account history
PASS 51: server scope persists across restarts and differs across instances
PASS 52: corrupt server scope is rejected rather than regenerated
PASS 53: pathological managed rules have a report-wide budget
PASS 54: in-flight old report cannot consume or satisfy the new challenge
PASS 55: only two previous-nonce reports are tolerated
PASS: 55 security regression tests
:forge:securityTest (Thread[Daemon worker,5,main]) completed. Took 2.207 secs.
:forge:check (Thread[Daemon worker,5,main]) started.
:forge:check
Skipping task ':forge:check' as it has no actions.
:forge:check (Thread[Daemon worker,5,main]) completed. Took 0.0 secs.
:forge:build (Thread[Daemon worker,5,main]) started.
:forge:build
Skipping task ':forge:build' as it has no actions.
:forge:build (Thread[Daemon worker,5,main]) completed. Took 0.0 secs.

BUILD SUCCESSFUL

Total time: 2 mins 15.22 secs
Stopped 0 compiler daemon(s).
Received result Success[value=null] from daemon DaemonInfo{pid=92688, address=[6836fa3d-d5ee-4803-a2b7-d89a95e26d2d port:13346, addresses:[/127.0.0.1, /0:0:0:0:0:0:0:1]], idle=false, context=DefaultDaemonContext[uid=9c56bd74-7d69-4a50-8740-332a64e9c6ca,javaHome=E:\CodexTemp\QiZhangVerdict\toolchains\jdk8\jdk8u504-b01,daemonRegistryDir=E:\CodexTemp\QiZhangVerdict\legacy-build\1.8.9\gradle-user-home\daemon,pid=92688,idleTimeout=120000,daemonOpts=-Xmx1536M,-Dfile.encoding=UTF-8,-Duser.country=CN,-Duser.language=zh,-Duser.variant]} (build should be done).
